ISO-10303-21;
HEADER;
FILE_DESCRIPTION (( 'STEP AP214' ),
    '1' );
FILE_NAME ('J6.STEP',
    '2026-09-07T08:27:07',
    ( '' ),
    ( '' ),
    'SwSTEP 2.0',
    'SolidWorks 2024',
    '' );
FILE_SCHEMA (( 'AUTOMOTIVE_DESIGN' ));
ENDSEC;

DATA;
#1 = STYLED_ITEM ( 'NONE', ( #5476 ), #2908 ) ;
#2 = ORIENTED_EDGE ( 'NONE', *, *, #5580, .F. ) ;
#3 =( NAMED_UNIT ( * ) PLANE_ANGLE_UNIT ( ) SI_UNIT ( $, .RADIAN. ) );
#4 = CYLINDRICAL_SURFACE ( 'NONE', #6293, 2.750000000000008882 ) ;
#5 =( LENGTH_UNIT ( ) NAMED_UNIT ( * ) SI_UNIT ( .MILLI., .METRE. ) );
#6 = VERTEX_POINT ( 'NONE', #5313 ) ;
#7 = FACE_OUTER_BOUND ( 'NONE', #1056, .T. ) ;
#8 = CARTESIAN_POINT ( 'NONE',  ( 924.5000000000000000, 24.05717615308569890, 1042.742256507029879 ) ) ;
#9 = CARTESIAN_POINT ( 'NONE',  ( 927.4985471023289847, -14.21698773227749868, 1051.661431731910170 ) ) ;
#10 = CARTESIAN_POINT ( 'NONE',  ( 924.5000000000000000, 4.223730556085629750, 1028.332414803930078 ) ) ;
#11 = CYLINDRICAL_SURFACE ( 'NONE', #4068, 2.750000000000000000 ) ;
#12 = EDGE_LOOP ( 'NONE', ( #6602, #1964 ) ) ;
#13 = SURFACE_STYLE_USAGE ( .BOTH. , #58 ) ;
#14 = COLOUR_RGB ( '',0.2000000000000000111, 0.2000000000000000111, 0.2000000000000000111 ) ;
#15 = DIRECTION ( 'NONE',  ( 1.000000000000000000, 0.000000000000000000, 0.000000000000000000 ) ) ;
#16 = DIRECTION ( 'NONE',  ( -1.000000000000000000, 0.000000000000000000, 0.000000000000000000 ) ) ;
#17 = AXIS2_PLACEMENT_3D ( 'NONE', #3064, #51, #734 ) ;
#18 = CARTESIAN_POINT ( 'NONE',  ( 929.5000000000000000, -1.902822319767259780E-13, 1055.000000000000000 ) ) ;
#19 = ADVANCED_FACE ( 'NONE', ( #114 ), #46, .F. ) ;
#20 = SURFACE_STYLE_USAGE ( .BOTH. , #4639 ) ;
#21 = VECTOR ( 'NONE', #7409, 1000.000000000000000 ) ;
#22 = ORIENTED_EDGE ( 'NONE', *, *, #5519, .F. ) ;
#23 = AXIS2_PLACEMENT_3D ( 'NONE', #6862, #5668, #2230 ) ;
#24 = EDGE_LOOP ( 'NONE', ( #91, #6367, #2437, #7397 ) ) ;
#25 = PRESENTATION_LAYER_ASSIGNMENT (  '', '', ( #3794 ) ) ;
#26 = CYLINDRICAL_SURFACE ( 'NONE', #5016, 25.00000000000000000 ) ;
#27 = ADVANCED_FACE ( 'NONE', ( #809 ), #194, .T. ) ;
#28 = SURFACE_STYLE_FILL_AREA ( #7578 ) ;
#29 = DIRECTION ( 'NONE',  ( 0.000000000000000000, 1.000000000000000000, 0.000000000000000000 ) ) ;
#30 = MECHANICAL_DESIGN_GEOMETRIC_PRESENTATION_REPRESENTATION (  '', ( #1655 ), #6318 ) ;
#31 = SURFACE_STYLE_FILL_AREA ( #5866 ) ;
#32 = AXIS2_PLACEMENT_3D ( 'NONE', #5217, #4128, #6437 ) ;
#33 = AXIS2_PLACEMENT_3D ( 'NONE', #4924, #1876, #731 ) ;
#34 = ORIENTED_EDGE ( 'NONE', *, *, #6274, .F. ) ;
#35 = PRESENTATION_STYLE_ASSIGNMENT (( #78 ) ) ;
#36 = CARTESIAN_POINT ( 'NONE',  ( 923.0000000000000000, -11.13693180368820101, 1063.636931803690004 ) ) ;
#37 = FACE_BOUND ( 'NONE', #1265, .T. ) ;
#38 = FACE_OUTER_BOUND ( 'NONE', #4214, .T. ) ;
#39 = FILL_AREA_STYLE_COLOUR ( '', #416 ) ;
#40 = CARTESIAN_POINT ( 'NONE',  ( 924.6000000000000227, 15.25774349296750110, 1030.942823846909960 ) ) ;
#41 = EDGE_CURVE ( 'NONE', #5851, #846, #2935, .T. ) ;
#42 = UNCERTAINTY_MEASURE_WITH_UNIT (LENGTH_MEASURE( 1.000000000000000082E-05 ), #3907, 'distance_accuracy_value', 'NONE');
#43 = DIRECTION ( 'NONE',  ( 1.000000000000000000, 0.000000000000000000, 0.000000000000000000 ) ) ;
#44 = ORIENTED_EDGE ( 'NONE', *, *, #7274, .F. ) ;
#45 = AXIS2_PLACEMENT_3D ( 'NONE', #5611, #3276, #381 ) ;
#46 = CYLINDRICAL_SURFACE ( 'NONE', #1743, 2.999999999999999112 ) ;
#47 = CARTESIAN_POINT ( 'NONE',  ( 971.5000000000000000, -14.20228714123040348, 1077.112632504816929 ) ) ;
#48 = EDGE_LOOP ( 'NONE', ( #4788, #2262, #1910, #3931 ) ) ;
#49 = FILL_AREA_STYLE_COLOUR ( '', #3157 ) ;
#50 = LINE ( 'NONE', #701, #2419 ) ;
#51 = DIRECTION ( 'NONE',  ( 1.000000000000000000, 0.000000000000000000, 0.000000000000000000 ) ) ;
#52 = EDGE_CURVE ( 'NONE', #2237, #1727, #4849, .T. ) ;
#53 = CARTESIAN_POINT ( 'NONE',  ( 971.5000000000000000, 17.84340921775259758, 1033.457848966442043 ) ) ;
#54 =( GEOMETRIC_REPRESENTATION_CONTEXT ( 3 ) GLOBAL_UNCERTAINTY_ASSIGNED_CONTEXT ( ( #2212 ) ) GLOBAL_UNIT_ASSIGNED_CONTEXT ( ( #1465, #4181, #7301 ) ) REPRESENTATION_CONTEXT ( 'NONE', 'WORKASPACE' ) );
#55 = CARTESIAN_POINT ( 'NONE',  ( 924.5000000000000000, 22.11263250482320331, 1069.202287141233228 ) ) ;
#56 = CIRCLE ( 'NONE', #2034, 2.749999999999941380 ) ;
#57 = ORIENTED_EDGE ( 'NONE', *, *, #7469, .T. ) ;
#58 = SURFACE_SIDE_STYLE ('',( #5181 ) ) ;
#59 = DIRECTION ( 'NONE',  ( 1.000000000000000000, 0.000000000000000000, 0.000000000000000000 ) ) ;
#60 = CARTESIAN_POINT ( 'NONE',  ( 930.0000000000000000, -12.25774349296800203, 1030.942823846909960 ) ) ;
#61 = UNCERTAINTY_MEASURE_WITH_UNIT (LENGTH_MEASURE( 1.000000000000000082E-05 ), #503, 'distance_accuracy_value', 'NONE');
#62 = FILL_AREA_STYLE_COLOUR ( '', #129 ) ;
#63 = AXIS2_PLACEMENT_3D ( 'NONE', #6568, #1341, #3654 ) ;
#64 =( NAMED_UNIT ( * ) PLANE_ANGLE_UNIT ( ) SI_UNIT ( $, .RADIAN. ) );
#65 = AXIS2_PLACEMENT_3D ( 'NONE', #6794, #1673, #2721 ) ;
#66 = EDGE_LOOP ( 'NONE', ( #3370, #1236 ) ) ;
#67 =( GEOMETRIC_REPRESENTATION_CONTEXT ( 3 ) GLOBAL_UNCERTAINTY_ASSIGNED_CONTEXT ( ( #2971 ) ) GLOBAL_UNIT_ASSIGNED_CONTEXT ( ( #4787, #1369, #1556 ) ) REPRESENTATION_CONTEXT ( 'NONE', 'WORKASPACE' ) );
#68 =( NAMED_UNIT ( * ) PLANE_ANGLE_UNIT ( ) SI_UNIT ( $, .RADIAN. ) );
#69 = ORIENTED_EDGE ( 'NONE', *, *, #4665, .F. ) ;
#70 = DIRECTION ( 'NONE',  ( 1.000000000000000000, 0.000000000000000000, 0.000000000000000000 ) ) ;
#71 = DIRECTION ( 'NONE',  ( 1.000000000000000000, 0.000000000000000000, 0.000000000000000000 ) ) ;
#72 = SURFACE_SIDE_STYLE ('',( #1194 ) ) ;
#73 =( NAMED_UNIT ( * ) SI_UNIT ( $, .STERADIAN. ) SOLID_ANGLE_UNIT ( ) );
#74 = COLOUR_RGB ( '',0.2000000000000000111, 0.2000000000000000111, 0.2000000000000000111 ) ;
#75 = PRESENTATION_LAYER_ASSIGNMENT (  '', '', ( #6413 ) ) ;
#76 = ORIENTED_EDGE ( 'NONE', *, *, #689, .F. ) ;
#77 = ADVANCED_FACE ( 'NONE', ( #7156, #3702 ), #6580, .F. ) ;
#78 = SURFACE_STYLE_USAGE ( .BOTH. , #5305 ) ;
#79 =( NAMED_UNIT ( * ) PLANE_ANGLE_UNIT ( ) SI_UNIT ( $, .RADIAN. ) );
#80 = SURFACE_SIDE_STYLE ('',( #1277 ) ) ;
#81 = VECTOR ( 'NONE', #4215, 1000.000000000000000 ) ;
#82 = CARTESIAN_POINT ( 'NONE',  ( 930.0000000000000000, 15.74999999999969802, 1052.500000000000000 ) ) ;
#83 = PLANE ( 'NONE',  #3105 ) ;
#84 = FACE_OUTER_BOUND ( 'NONE', #3721, .T. ) ;
#85 = PRESENTATION_LAYER_ASSIGNMENT (  '', '', ( #3614 ) ) ;
#86 = CIRCLE ( 'NONE', #446, 2.999999999999999112 ) ;
#87 = ADVANCED_FACE ( 'NONE', ( #1593 ), #496, .F. ) ;
#88 = ORIENTED_EDGE ( 'NONE', *, *, #6495, .F. ) ;
#89 = CARTESIAN_POINT ( 'NONE',  ( 924.6000000000000227, -26.66758519606889877, 1059.223730556090004 ) ) ;
#90 = CARTESIAN_POINT ( 'NONE',  ( 930.0000000000000000, -11.13693180368820101, 1066.136931803690004 ) ) ;
#91 = ORIENTED_EDGE ( 'NONE', *, *, #606, .F. ) ;
#92 = FILL_AREA_STYLE ('',( #1911 ) ) ;
#93 = DIRECTION ( 'NONE',  ( 0.000000000000000000, -1.000000000000000000, 0.000000000000000000 ) ) ;
#94 = CIRCLE ( 'NONE', #4714, 2.749999999999999112 ) ;
#95 = ADVANCED_FACE ( 'NONE', ( #5649 ), #5123, .T. ) ;
#96 = VERTEX_POINT ( 'NONE', #925 ) ;
#97 = FILL_AREA_STYLE_COLOUR ( '', #2845 ) ;
#98 = CYLINDRICAL_SURFACE ( 'NONE', #4403, 2.499999999999946709 ) ;
#99 = CARTESIAN_POINT ( 'NONE',  ( 924.0000000000000000, -1.905020620145609748E-13, 1055.000000000000000 ) ) ;
#100 = CYLINDRICAL_SURFACE ( 'NONE', #4192, 2.749999999999998668 ) ;
#101 = ORIENTED_EDGE ( 'NONE', *, *, #2944, .F. ) ;
#102 = CARTESIAN_POINT ( 'NONE',  ( 919.8476403268805370, 0.4206835769357512023, 1013.699485433002337 ) ) ;
#103 = FILL_AREA_STYLE_COLOUR ( '', #3969 ) ;
#104 = VERTEX_POINT ( 'NONE', #420 ) ;
#105 = CARTESIAN_POINT ( 'NONE',  ( 924.6000000000000227, 29.66758519606849731, 1050.776269443909996 ) ) ;
#106 = MECHANICAL_DESIGN_GEOMETRIC_PRESENTATION_REPRESENTATION (  '', ( #964 ), #7440 ) ;
#107 = CYLINDRICAL_SURFACE ( 'NONE', #4316, 10.00000000000000000 ) ;
#108 = VERTEX_POINT ( 'NONE', #7425 ) ;
#109 = CARTESIAN_POINT ( 'NONE',  ( 919.8662583702251823, -0.4400323896958917569, 1013.713863035267991 ) ) ;
#110 = FILL_AREA_STYLE ('',( #2947 ) ) ;
#111 = CARTESIAN_POINT ( 'NONE',  ( 971.5000000000000000, -24.05717615308590140, 1067.257743492970121 ) ) ;
#112 = SURFACE_SIDE_STYLE ('',( #694 ) ) ;
#113 = STYLED_ITEM ( 'NONE', ( #1694 ), #2319 ) ;
#114 = FACE_OUTER_BOUND ( 'NONE', #6384, .T. ) ;
#115 = DIRECTION ( 'NONE',  ( 0.000000000000000000, 1.000000000000000000, 0.000000000000000000 ) ) ;
#116 = FILL_AREA_STYLE ('',( #1283 ) ) ;
#117 = ORIENTED_EDGE ( 'NONE', *, *, #5731, .F. ) ;
#118 =( LENGTH_UNIT ( ) NAMED_UNIT ( * ) SI_UNIT ( .MILLI., .METRE. ) );
#119 = CARTESIAN_POINT ( 'NONE',  ( 923.0000000000000000, 11.13693180368799851, 1066.136931803690004 ) ) ;
#120 = STYLED_ITEM ( 'NONE', ( #6080 ), #209 ) ;
#121 = ADVANCED_FACE ( 'NONE', ( #2207, #4491 ), #1634, .F. ) ;
#122 = CARTESIAN_POINT ( 'NONE',  ( 942.4931468039650326, 9.999999999999808153, 1055.000000000000000 ) ) ;
#123 = AXIS2_PLACEMENT_3D ( 'NONE', #4135, #140, #1266 ) ;
#124 = ORIENTED_EDGE ( 'NONE', *, *, #2611, .F. ) ;
#125 = DIRECTION ( 'NONE',  ( 0.000000000000000000, -1.000000000000000000, 0.000000000000000000 ) ) ;
#126 = FACE_OUTER_BOUND ( 'NONE', #2542, .T. ) ;
#127 = UNCERTAINTY_MEASURE_WITH_UNIT (LENGTH_MEASURE( 1.000000000000000082E-05 ), #1331, 'distance_accuracy_value', 'NONE');
#128 =( LENGTH_UNIT ( ) NAMED_UNIT ( * ) SI_UNIT ( .MILLI., .METRE. ) );
#129 = COLOUR_RGB ( '',0.4000000000000000222, 0.4000000000000000222, 0.4000000000000000222 ) ;
#130 = EDGE_CURVE ( 'NONE', #3526, #1738, #4247, .T. ) ;
#131 = FILL_AREA_STYLE ('',( #7129 ) ) ;
#132 = EDGE_CURVE ( 'NONE', #4501, #6457, #5480, .T. ) ;
#133 = CIRCLE ( 'NONE', #7339, 2.749999999999998224 ) ;
#134 = ORIENTED_EDGE ( 'NONE', *, *, #5318, .T. ) ;
#135 = FILL_AREA_STYLE_COLOUR ( '', #487 ) ;
#136 = PLANE ( 'NONE',  #5331 ) ;
#137 = AXIS2_PLACEMENT_3D ( 'NONE', #880, #2124, #4964 ) ;
#138 = DIRECTION ( 'NONE',  ( 1.000000000000000000, 0.000000000000000000, 0.000000000000000000 ) ) ;
#139 = ORIENTED_EDGE ( 'NONE', *, *, #1125, .T. ) ;
#140 = DIRECTION ( 'NONE',  ( 1.000000000000000000, 0.000000000000000000, 0.000000000000000000 ) ) ;
#141 = EDGE_CURVE ( 'NONE', #5900, #96, #7448, .T. ) ;
#142 = MECHANICAL_DESIGN_GEOMETRIC_PRESENTATION_REPRESENTATION (  '', ( #6856 ), #4518 ) ;
#143 = SURFACE_SIDE_STYLE ('',( #4610 ) ) ;
#144 =( NAMED_UNIT ( * ) PLANE_ANGLE_UNIT ( ) SI_UNIT ( $, .RADIAN. ) );
#145 = AXIS2_PLACEMENT_3D ( 'NONE', #5112, #3262, #4559 ) ;
#146 = ORIENTED_EDGE ( 'NONE', *, *, #2406, .T. ) ;
#147 = COLOUR_RGB ( '',0.2000000000000000111, 0.2000000000000000111, 0.2000000000000000111 ) ;
#148 = DIRECTION ( 'NONE',  ( 1.000000000000000000, 0.000000000000000000, 0.000000000000000000 ) ) ;
#149 = ORIENTED_EDGE ( 'NONE', *, *, #4469, .F. ) ;
#150 =( GEOMETRIC_REPRESENTATION_CONTEXT ( 3 ) GLOBAL_UNCERTAINTY_ASSIGNED_CONTEXT ( ( #5379 ) ) GLOBAL_UNIT_ASSIGNED_CONTEXT ( ( #907, #3123, #2079 ) ) REPRESENTATION_CONTEXT ( 'NONE', 'WORKASPACE' ) );
#151 = DIRECTION ( 'NONE',  ( 1.000000000000000000, 0.000000000000000000, 0.000000000000000000 ) ) ;
#152 = DIRECTION ( 'NONE',  ( 0.000000000000000000, 1.000000000000000000, 0.000000000000000000 ) ) ;
#153 = COLOUR_RGB ( '',0.2000000000000000111, 0.2000000000000000111, 0.2000000000000000111 ) ;
#154 = PRESENTATION_STYLE_ASSIGNMENT (( #5380 ) ) ;
#155 = AXIS2_PLACEMENT_3D ( 'NONE', #6928, #656, #545 ) ;
#156 = FACE_OUTER_BOUND ( 'NONE', #5332, .T. ) ;
#157 = AXIS2_PLACEMENT_3D ( 'NONE', #2300, #6769, #2854 ) ;
#158 = FILL_AREA_STYLE_COLOUR ( '', #2986 ) ;
#159 = ORIENTED_EDGE ( 'NONE', *, *, #745, .F. ) ;
#160 = DIRECTION ( 'NONE',  ( -1.000000000000000000, 0.000000000000000000, 0.000000000000000000 ) ) ;
#161 = CARTESIAN_POINT ( 'NONE',  ( 924.5000000000000000, -4.223730556085800281, 1081.667585196069922 ) ) ;
#162 = CARTESIAN_POINT ( 'NONE',  ( 930.0000000000000000, -15.75000000000000000, 1057.499999999999773 ) ) ;
#163 = VERTEX_POINT ( 'NONE', #7540 ) ;
#164 = EDGE_LOOP ( 'NONE', ( #2968, #3767, #1728, #4407 ) ) ;
#165 = FILL_AREA_STYLE ('',( #4933 ) ) ;
#166 = ADVANCED_FACE ( 'NONE', ( #1721 ), #675, .F. ) ;
#167 =( GEOMETRIC_REPRESENTATION_CONTEXT ( 3 ) GLOBAL_UNCERTAINTY_ASSIGNED_CONTEXT ( ( #1597 ) ) GLOBAL_UNIT_ASSIGNED_CONTEXT ( ( #996, #6208, #5118 ) ) REPRESENTATION_CONTEXT ( 'NONE', 'WORKASPACE' ) );
#168 = CARTESIAN_POINT ( 'NONE',  ( 916.5000000000000000, -25.00000000000018829, 1055.000000000000000 ) ) ;
#169 = UNCERTAINTY_MEASURE_WITH_UNIT (LENGTH_MEASURE( 1.000000000000000082E-05 ), #611, 'distance_accuracy_value', 'NONE');
#170 = DIRECTION ( 'NONE',  ( 1.000000000000000000, 0.000000000000000000, 0.000000000000000000 ) ) ;
#171 = PRESENTATION_LAYER_ASSIGNMENT (  '', '', ( #4182 ) ) ;
#172 = STYLED_ITEM ( 'NONE', ( #2266 ), #5411 ) ;
#173 = EDGE_LOOP ( 'NONE', ( #2919, #4585, #1938, #1744, #4583, #1501, #4845 ) ) ;
#174 = SURFACE_SIDE_STYLE ('',( #5406 ) ) ;
#175 = EDGE_CURVE ( 'NONE', #5050, #4707, #399, .T. ) ;
#176 = CARTESIAN_POINT ( 'NONE',  ( 924.2000000000000455, 9.999999999999811706, 1055.000000000000000 ) ) ;
#177 = PRESENTATION_LAYER_ASSIGNMENT (  '', '', ( #1681 ) ) ;
#178 = ORIENTED_EDGE ( 'NONE', *, *, #6274, .T. ) ;
#179 = FILL_AREA_STYLE ('',( #2570 ) ) ;
#180 = PRESENTATION_STYLE_ASSIGNMENT (( #7140 ) ) ;
#181 = CARTESIAN_POINT ( 'NONE',  ( 942.4931468039650326, -1.919175963709589834E-13, 1055.000000000000000 ) ) ;
#182 = CIRCLE ( 'NONE', #1539, 30.87235634127030082 ) ;
#183 = PRESENTATION_STYLE_ASSIGNMENT (( #7186 ) ) ;
#184 =( GEOMETRIC_REPRESENTATION_CONTEXT ( 3 ) GLOBAL_UNCERTAINTY_ASSIGNED_CONTEXT ( ( #5854 ) ) GLOBAL_UNIT_ASSIGNED_CONTEXT ( ( #1000, #5158, #5712 ) ) REPRESENTATION_CONTEXT ( 'NONE', 'WORKASPACE' ) );
#185 = VERTEX_POINT ( 'NONE', #5941 ) ;
#186 = COLOUR_RGB ( '',0.4000000000000000222, 0.4000000000000000222, 0.4000000000000000222 ) ;
#187 = ADVANCED_FACE ( 'NONE', ( #714, #3047 ), #5364, .F. ) ;
#188 = DIRECTION ( 'NONE',  ( 1.000000000000000000, 0.000000000000000000, 0.000000000000000000 ) ) ;
#189 = ORIENTED_EDGE ( 'NONE', *, *, #5995, .F. ) ;
#190 = SURFACE_STYLE_FILL_AREA ( #7193 ) ;
#191 = CARTESIAN_POINT ( 'NONE',  ( 925.8824284613589271, 0.09999999999980670184, 1027.709042070099940 ) ) ;
#192 = CIRCLE ( 'NONE', #6650, 10.50000000000000000 ) ;
#193 = VECTOR ( 'NONE', #200, 1000.000000000000000 ) ;
#194 = SPHERICAL_SURFACE ( 'NONE', #4497, 90.00000000000000000 ) ;
#195 = PRESENTATION_STYLE_ASSIGNMENT (( #5955 ) ) ;
#196 = CIRCLE ( 'NONE', #4451, 2.750000000000059064 ) ;
#197 = ORIENTED_EDGE ( 'NONE', *, *, #7087, .F. ) ;
#198 = DIRECTION ( 'NONE',  ( 0.000000000000000000, -1.000000000000000000, 0.000000000000000000 ) ) ;
#199 =( NAMED_UNIT ( * ) SI_UNIT ( $, .STERADIAN. ) SOLID_ANGLE_UNIT ( ) );
#200 = DIRECTION ( 'NONE',  ( 1.000000000000000000, 0.000000000000000000, 0.000000000000000000 ) ) ;
#201 = COLOUR_RGB ( '',0.2000000000000000111, 0.2000000000000000111, 0.2000000000000000111 ) ;
#202 = ORIENTED_EDGE ( 'NONE', *, *, #1030, .T. ) ;
#203 = ORIENTED_EDGE ( 'NONE', *, *, #1791, .F. ) ;
#204 = CARTESIAN_POINT ( 'NONE',  ( 930.0000000000000000, -11.13693180368849944, 1046.363068196309996 ) ) ;
#205 = CIRCLE ( 'NONE', #4594, 2.750000000000000000 ) ;
#206 =( NAMED_UNIT ( * ) PLANE_ANGLE_UNIT ( ) SI_UNIT ( $, .RADIAN. ) );
#207 = UNCERTAINTY_MEASURE_WITH_UNIT (LENGTH_MEASURE( 1.000000000000000082E-05 ), #118, 'distance_accuracy_value', 'NONE');
#208 = FACE_OUTER_BOUND ( 'NONE', #5843, .T. ) ;
#209 = ADVANCED_FACE ( 'NONE', ( #4318 ), #1084, .T. ) ;
#210 = ORIENTED_EDGE ( 'NONE', *, *, #7155, .T. ) ;
#211 =( NAMED_UNIT ( * ) SI_UNIT ( $, .STERADIAN. ) SOLID_ANGLE_UNIT ( ) );
#212 = DIRECTION ( 'NONE',  ( 0.000000000000000000, -1.000000000000000000, 0.000000000000000000 ) ) ;
#213 = PLANE ( 'NONE',  #1710 ) ;
#214 = ORIENTED_EDGE ( 'NONE', *, *, #4696, .F. ) ;
#215 = DIRECTION ( 'NONE',  ( 0.000000000000000000, 0.000000000000000000, 1.000000000000000000 ) ) ;
#216 = COLOUR_RGB ( '',0.2000000000000000111, 0.2000000000000000111, 0.2000000000000000111 ) ;
#217 = CYLINDRICAL_SURFACE ( 'NONE', #4675, 2.750000000000000000 ) ;
#218 = CARTESIAN_POINT ( 'NONE',  ( 921.5000000000000000, 19.09188309203670286, 1074.091883092039780 ) ) ;
#219 = FACE_BOUND ( 'NONE', #6345, .T. ) ;
#220 = DIRECTION ( 'NONE',  ( 0.000000000000000000, -1.000000000000000000, 0.000000000000000000 ) ) ;
#221 = DIRECTION ( 'NONE',  ( 0.000000000000000000, 0.000000000000000000, -1.000000000000000000 ) ) ;
#222 = EDGE_CURVE ( 'NONE', #873, #6283, #5335, .T. ) ;
#223 = ORIENTED_EDGE ( 'NONE', *, *, #403, .F. ) ;
#224 = SURFACE_SIDE_STYLE ('',( #1348 ) ) ;
#225 = ORIENTED_EDGE ( 'NONE', *, *, #1137, .F. ) ;
#226 = DIRECTION ( 'NONE',  ( -1.000000000000000000, 0.000000000000000000, 0.000000000000000000 ) ) ;
#227 = SURFACE_SIDE_STYLE ('',( #6578 ) ) ;
#228 = ADVANCED_FACE ( 'NONE', ( #1413 ), #861, .F. ) ;
#229 = AXIS2_PLACEMENT_3D ( 'NONE', #7245, #3253, #1567 ) ;
#230 =( NAMED_UNIT ( * ) PLANE_ANGLE_UNIT ( ) SI_UNIT ( $, .RADIAN. ) );
#231 =( LENGTH_UNIT ( ) NAMED_UNIT ( * ) SI_UNIT ( .MILLI., .METRE. ) );
#232 = ORIENTED_EDGE ( 'NONE', *, *, #52, .F. ) ;
#233 = SURFACE_STYLE_FILL_AREA ( #5465 ) ;
#234 = PRESENTATION_STYLE_ASSIGNMENT (( #4227 ) ) ;
#235 = EDGE_LOOP ( 'NONE', ( #7328, #1628, #5522, #4688 ) ) ;
#236 = CIRCLE ( 'NONE', #4494, 2.750000000000000888 ) ;
#237 = ORIENTED_EDGE ( 'NONE', *, *, #7329, .T. ) ;
#238 = CARTESIAN_POINT ( 'NONE',  ( 930.0000000000000000, 7.223730556086159993, 1081.667585196069922 ) ) ;
#239 = CARTESIAN_POINT ( 'NONE',  ( 919.5525953172752907, -0.04364256921200717482, 1013.546511764038087 ) ) ;
#240 = DIRECTION ( 'NONE',  ( 0.000000000000000000, -1.000000000000000000, 0.000000000000000000 ) ) ;
#241 = CARTESIAN_POINT ( 'NONE',  ( 921.5000000000000000, -24.05717615308610391, 1067.257743492970121 ) ) ;
#242 = STYLED_ITEM ( 'NONE', ( #7182 ), #2803 ) ;
#243 = ORIENTED_EDGE ( 'NONE', *, *, #2070, .F. ) ;
#244 = PRESENTATION_STYLE_ASSIGNMENT (( #6119 ) ) ;
#245 = COLOUR_RGB ( '',0.2000000000000000111, 0.2000000000000000111, 0.2000000000000000111 ) ;
#246 = CARTESIAN_POINT ( 'NONE',  ( 924.2000000000000455, -9.800000000000189004, 1055.000000000000000 ) ) ;
#247 = FILL_AREA_STYLE_COLOUR ( '', #5087 ) ;
#248 = VERTEX_POINT ( 'NONE', #6276 ) ;
#249 = DIRECTION ( 'NONE',  ( 0.000000000000000000, -1.000000000000000000, 0.000000000000000000 ) ) ;
#250 = ADVANCED_FACE ( 'NONE', ( #6395 ), #1739, .T. ) ;
#251 = SURFACE_STYLE_FILL_AREA ( #5478 ) ;
#252 = FILL_AREA_STYLE ('',( #4950 ) ) ;
#253 = FILL_AREA_STYLE_COLOUR ( '', #1305 ) ;
#254 = DIRECTION ( 'NONE',  ( 1.000000000000000000, 0.000000000000000000, 0.000000000000000000 ) ) ;
#255 =( LENGTH_UNIT ( ) NAMED_UNIT ( * ) SI_UNIT ( .MILLI., .METRE. ) );
#256 = AXIS2_PLACEMENT_3D ( 'NONE', #6099, #3774, #3202 ) ;
#257 = CIRCLE ( 'NONE', #1885, 40.50000000000000000 ) ;
#258 = ORIENTED_EDGE ( 'NONE', *, *, #6577, .F. ) ;
#259 = ADVANCED_FACE ( 'NONE', ( #4016 ), #4633, .T. ) ;
#260 = LINE ( 'NONE', #5487, #5769 ) ;
#261 = FILL_AREA_STYLE ('',( #4377 ) ) ;
#262 = PRESENTATION_LAYER_ASSIGNMENT (  '', '', ( #3444 ) ) ;
#263 = SURFACE_SIDE_STYLE ('',( #4963 ) ) ;
#264 = PRESENTATION_LAYER_ASSIGNMENT (  '', '', ( #2368 ) ) ;
#265 =( LENGTH_UNIT ( ) NAMED_UNIT ( * ) SI_UNIT ( .MILLI., .METRE. ) );
#266 = CIRCLE ( 'NONE', #2961, 2.999999999999999112 ) ;
#267 = AXIS2_PLACEMENT_3D ( 'NONE', #5931, #2864, #5817 ) ;
#268 = EDGE_CURVE ( 'NONE', #890, #5851, #6357, .T. ) ;
#269 = ORIENTED_EDGE ( 'NONE', *, *, #4469, .T. ) ;
#270 = AXIS2_PLACEMENT_3D ( 'NONE', #3467, #5776, #5061 ) ;
#271 =( GEOMETRIC_REPRESENTATION_CONTEXT ( 3 ) GLOBAL_UNCERTAINTY_ASSIGNED_CONTEXT ( ( #1521 ) ) GLOBAL_UNIT_ASSIGNED_CONTEXT ( ( #6845, #388, #6767 ) ) REPRESENTATION_CONTEXT ( 'NONE', 'WORKASPACE' ) );
#272 = AXIS2_PLACEMENT_3D ( 'NONE', #433, #6848, #5620 ) ;
#273 = EDGE_LOOP ( 'NONE', ( #6731, #3780 ) ) ;
#274 = DIRECTION ( 'NONE',  ( 0.000000000000000000, -1.000000000000000000, 0.000000000000000000 ) ) ;
#275 = ADVANCED_FACE ( 'NONE', ( #6816 ), #2745, .T. ) ;
#276 = LINE ( 'NONE', #2066, #5471 ) ;
#277 = SURFACE_SIDE_STYLE ('',( #897 ) ) ;
#278 = PLANE ( 'NONE',  #2948 ) ;
#279 = STYLED_ITEM ( 'NONE', ( #459 ), #4974 ) ;
#280 = PRESENTATION_LAYER_ASSIGNMENT (  '', '', ( #6512 ) ) ;
#281 = ORIENTED_EDGE ( 'NONE', *, *, #453, .T. ) ;
#282 = FILL_AREA_STYLE ('',( #2106 ) ) ;
#283 = ORIENTED_EDGE ( 'NONE', *, *, #6054, .T. ) ;
#284 = LINE ( 'NONE', #7555, #6733 ) ;
#285 = DIRECTION ( 'NONE',  ( 1.000000000000000000, 0.000000000000000000, 0.000000000000000000 ) ) ;
#286 = COLOUR_RGB ( '',0.4000000000000000222, 0.4000000000000000222, 0.4000000000000000222 ) ;
#287 = FILL_AREA_STYLE ('',( #2112 ) ) ;
#288 = CIRCLE ( 'NONE', #3822, 40.50000000000000000 ) ;
#289 = DIRECTION ( 'NONE',  ( 1.000000000000000000, 0.000000000000000000, 0.000000000000000000 ) ) ;
#290 = CARTESIAN_POINT ( 'NONE',  ( 930.0000000000000000, 29.66758519606849731, 1050.776269443909996 ) ) ;
#291 = CIRCLE ( 'NONE', #2523, 2.999999999999999112 ) ;
#292 =( LENGTH_UNIT ( ) NAMED_UNIT ( * ) SI_UNIT ( .MILLI., .METRE. ) );
#293 = ORIENTED_EDGE ( 'NONE', *, *, #7274, .T. ) ;
#294 = DIRECTION ( 'NONE',  ( 0.000000000000000000, -1.000000000000000000, 0.000000000000000000 ) ) ;
#295 = FACE_OUTER_BOUND ( 'NONE', #2021, .T. ) ;
#296 = FILL_AREA_STYLE_COLOUR ( '', #6402 ) ;
#297 = EDGE_CURVE ( 'NONE', #2937, #6462, #1956, .T. ) ;
#298 = CYLINDRICAL_SURFACE ( 'NONE', #5495, 41.50000000000000000 ) ;
#299 = STYLED_ITEM ( 'NONE', ( #4742 ), #6583 ) ;
#300 = SURFACE_STYLE_USAGE ( .BOTH. , #2555 ) ;
#301 =( NAMED_UNIT ( * ) SI_UNIT ( $, .STERADIAN. ) SOLID_ANGLE_UNIT ( ) );
#302 =( LENGTH_UNIT ( ) NAMED_UNIT ( * ) SI_UNIT ( .MILLI., .METRE. ) );
#303 =( NAMED_UNIT ( * ) SI_UNIT ( $, .STERADIAN. ) SOLID_ANGLE_UNIT ( ) );
#304 = EDGE_CURVE ( 'NONE', #3032, #6945, #6190, .T. ) ;
#305 = AXIS2_PLACEMENT_3D ( 'NONE', #4650, #3027, #3587 ) ;
#306 = ORIENTED_EDGE ( 'NONE', *, *, #1275, .F. ) ;
#307 = CIRCLE ( 'NONE', #4573, 2.749999999999999112 ) ;
#308 = EDGE_LOOP ( 'NONE', ( #1039, #5339, #4126, #4056 ) ) ;
#309 = CARTESIAN_POINT ( 'NONE',  ( 930.0000000000000000, 11.13693180368799851, 1068.636931803690004 ) ) ;
#310 = CARTESIAN_POINT ( 'NONE',  ( 923.0000000000000000, -11.13693180368849944, 1043.863068196310223 ) ) ;
#311 =( NAMED_UNIT ( * ) SI_UNIT ( $, .STERADIAN. ) SOLID_ANGLE_UNIT ( ) );
#312 =( LENGTH_UNIT ( ) NAMED_UNIT ( * ) SI_UNIT ( .MILLI., .METRE. ) );
#313 = CIRCLE ( 'NONE', #4952, 20.00000000000000000 ) ;
#314 = PRESENTATION_LAYER_ASSIGNMENT (  '', '', ( #1703 ) ) ;
#315 = EDGE_CURVE ( 'NONE', #860, #4044, #2969, .T. ) ;
#316 = ORIENTED_EDGE ( 'NONE', *, *, #4137, .T. ) ;
#317 = CIRCLE ( 'NONE', #3624, 2.749999999999999112 ) ;
#318 =( GEOMETRIC_REPRESENTATION_CONTEXT ( 3 ) GLOBAL_UNCERTAINTY_ASSIGNED_CONTEXT ( ( #4822 ) ) GLOBAL_UNIT_ASSIGNED_CONTEXT ( ( #2874, #1746, #567 ) ) REPRESENTATION_CONTEXT ( 'NONE', 'WORKASPACE' ) );
#319 = SURFACE_STYLE_USAGE ( .BOTH. , #4364 ) ;
#320 = CARTESIAN_POINT ( 'NONE',  ( 971.5000000000000000, -4.223730556086869647, 1028.332414803930078 ) ) ;
#321 = CARTESIAN_POINT ( 'NONE',  ( 930.0000000000000000, -11.13693180368849944, 1046.363068196309996 ) ) ;
#322 =( NAMED_UNIT ( * ) SI_UNIT ( $, .STERADIAN. ) SOLID_ANGLE_UNIT ( ) );
#323 = CARTESIAN_POINT ( 'NONE',  ( 930.0000000000000000, -27.05717615308610036, 1067.257743492970121 ) ) ;
#324 = ORIENTED_EDGE ( 'NONE', *, *, #1552, .T. ) ;
#325 = CARTESIAN_POINT ( 'NONE',  ( 929.5000000000000000, -19.99999999910279769, 1055.000000000000000 ) ) ;
#326 = FACE_OUTER_BOUND ( 'NONE', #4968, .T. ) ;
#327 = PLANE ( 'NONE',  #5328 ) ;
#328 = VERTEX_POINT ( 'NONE', #1886 ) ;
#329 = DIRECTION ( 'NONE',  ( 0.000000000000000000, 1.000000000000000000, 0.000000000000000000 ) ) ;
#330 = SURFACE_STYLE_FILL_AREA ( #1671 ) ;
#331 = FILL_AREA_STYLE ('',( #4993 ) ) ;
#332 = SURFACE_STYLE_USAGE ( .BOTH. , #1544 ) ;
#333 =( LENGTH_UNIT ( ) NAMED_UNIT ( * ) SI_UNIT ( .MILLI., .METRE. ) );
#334 = COLOUR_RGB ( '',0.2000000000000000111, 0.2000000000000000111, 0.2000000000000000111 ) ;
#335 = FILL_AREA_STYLE_COLOUR ( '', #2349 ) ;
#336 = FILL_AREA_STYLE_COLOUR ( '', #6227 ) ;
#337 = FACE_OUTER_BOUND ( 'NONE', #5004, .T. ) ;
#338 = DIRECTION ( 'NONE',  ( -1.000000000000000000, 0.000000000000000000, 0.000000000000000000 ) ) ;
#339 = DIRECTION ( 'NONE',  ( 0.000000000000000000, -1.000000000000000000, 0.000000000000000000 ) ) ;
#340 = EDGE_CURVE ( 'NONE', #4816, #5493, #6797, .T. ) ;
#341 = UNCERTAINTY_MEASURE_WITH_UNIT (LENGTH_MEASURE( 1.000000000000000082E-05 ), #6702, 'distance_accuracy_value', 'NONE');
#342 = CARTESIAN_POINT ( 'NONE',  ( 930.0000000000000000, -26.66758519606889877, 1050.776269443909996 ) ) ;
#343 = SURFACE_STYLE_USAGE ( .BOTH. , #5045 ) ;
#344 = PRESENTATION_LAYER_ASSIGNMENT (  '', '', ( #2338 ) ) ;
#345 = ORIENTED_EDGE ( 'NONE', *, *, #6738, .F. ) ;
#346 = EDGE_LOOP ( 'NONE', ( #5325, #6244, #4833, #5666, #6510, #7513, #4631, #1992, #4958 ) ) ;
#347 = PRESENTATION_STYLE_ASSIGNMENT (( #1562 ) ) ;
#348 = PRESENTATION_STYLE_ASSIGNMENT (( #5053 ) ) ;
#349 = VECTOR ( 'NONE', #1519, 1000.000000000000000 ) ;
#350 = DIRECTION ( 'NONE',  ( 0.000000000000000000, 1.000000000000000000, 0.000000000000000000 ) ) ;
#351 = CARTESIAN_POINT ( 'NONE',  ( 921.5000000000000000, 9.257743492967499321, 1030.942823846909960 ) ) ;
#352 = UNCERTAINTY_MEASURE_WITH_UNIT (LENGTH_MEASURE( 1.000000000000000082E-05 ), #5589, 'distance_accuracy_value', 'NONE');
#353 = SURFACE_SIDE_STYLE ('',( #2740 ) ) ;
#354 = EDGE_CURVE ( 'NONE', #5170, #3332, #7424, .T. ) ;
#355 = VERTEX_POINT ( 'NONE', #2414 ) ;
#356 = DIRECTION ( 'NONE',  ( 0.000000000000000000, 1.000000000000000000, 0.000000000000000000 ) ) ;
#357 = DIRECTION ( 'NONE',  ( 0.000000000000000000, 1.000000000000000000, 0.000000000000000000 ) ) ;
#358 = CARTESIAN_POINT ( 'NONE',  ( 921.5000000000000000, -4.223730556085800281, 1081.667585196069922 ) ) ;
#359 = EDGE_CURVE ( 'NONE', #6584, #3368, #6673, .T. ) ;
#360 = PRESENTATION_LAYER_ASSIGNMENT (  '', '', ( #3054 ) ) ;
#361 = EDGE_CURVE ( 'NONE', #6324, #4240, #5398, .T. ) ;
#362 = FILL_AREA_STYLE_COLOUR ( '', #6776 ) ;
#363 = COLOUR_RGB ( '',0.2000000000000000111, 0.2000000000000000111, 0.2000000000000000111 ) ;
#364 = ORIENTED_EDGE ( 'NONE', *, *, #1654, .F. ) ;
#365 = FILL_AREA_STYLE ('',( #6173 ) ) ;
#366 = PRESENTATION_STYLE_ASSIGNMENT (( #3266 ) ) ;
#367 = DIRECTION ( 'NONE',  ( 1.000000000000000000, 0.000000000000000000, 0.000000000000000000 ) ) ;
#368 = ORIENTED_EDGE ( 'NONE', *, *, #7201, .T. ) ;
#369 = PRESENTATION_STYLE_ASSIGNMENT (( #6748 ) ) ;
#370 = ADVANCED_FACE ( 'NONE', ( #1218 ), #4741, .T. ) ;
#371 = DIRECTION ( 'NONE',  ( 0.000000000000000000, 0.000000000000000000, 1.000000000000000000 ) ) ;
#372 = PRESENTATION_STYLE_ASSIGNMENT (( #4088 ) ) ;
#373 =( GEOMETRIC_REPRESENTATION_CONTEXT ( 3 ) GLOBAL_UNCERTAINTY_ASSIGNED_CONTEXT ( ( #6075 ) ) GLOBAL_UNIT_ASSIGNED_CONTEXT ( ( #4784, #7209, #6558 ) ) REPRESENTATION_CONTEXT ( 'NONE', 'WORKASPACE' ) );
#374 = DIRECTION ( 'NONE',  ( 1.000000000000000000, 0.000000000000000000, 0.000000000000000000 ) ) ;
#375 = CARTESIAN_POINT ( 'NONE',  ( 921.5000000000000000, 24.05717615308569890, 1042.742256507029879 ) ) ;
#376 = PRESENTATION_STYLE_ASSIGNMENT (( #2055 ) ) ;
#377 = COLOUR_RGB ( '',0.4000000000000000222, 0.4000000000000000222, 0.4000000000000000222 ) ;
#378 = CIRCLE ( 'NONE', #5013, 2.749999999999998668 ) ;
#379 =( NAMED_UNIT ( * ) PLANE_ANGLE_UNIT ( ) SI_UNIT ( $, .RADIAN. ) );
#380 = CARTESIAN_POINT ( 'NONE',  ( 924.5000000000000000, -26.66758519606889877, 1050.776269443909996 ) ) ;
#381 = DIRECTION ( 'NONE',  ( 0.000000000000000000, -1.000000000000000000, 0.000000000000000000 ) ) ;
#382 = CARTESIAN_POINT ( 'NONE',  ( 971.5000000000000000, -19.09188309203659983, 1074.091883092029775 ) ) ;
#383 =( GEOMETRIC_REPRESENTATION_CONTEXT ( 3 ) GLOBAL_UNCERTAINTY_ASSIGNED_CONTEXT ( ( #7095 ) ) GLOBAL_UNIT_ASSIGNED_CONTEXT ( ( #2313, #64, #6559 ) ) REPRESENTATION_CONTEXT ( 'NONE', 'WORKASPACE' ) );
#384 = SURFACE_SIDE_STYLE ('',( #3280 ) ) ;
#385 = VECTOR ( 'NONE', #4796, 1000.000000000000000 ) ;
#386 = ORIENTED_EDGE ( 'NONE', *, *, #825, .T. ) ;
#387 = ORIENTED_EDGE ( 'NONE', *, *, #4176, .T. ) ;
#388 =( NAMED_UNIT ( * ) PLANE_ANGLE_UNIT ( ) SI_UNIT ( $, .RADIAN. ) );
#389 = ORIENTED_EDGE ( 'NONE', *, *, #1090, .T. ) ;
#390 = SURFACE_STYLE_FILL_AREA ( #1564 ) ;
#391 = CYLINDRICAL_SURFACE ( 'NONE', #7120, 2.749999999999941380 ) ;
#392 = MECHANICAL_DESIGN_GEOMETRIC_PRESENTATION_REPRESENTATION (  '', ( #2495 ), #271 ) ;
#393 = EDGE_CURVE ( 'NONE', #1092, #6629, #2561, .T. ) ;
#394 = ORIENTED_EDGE ( 'NONE', *, *, #4419, .T. ) ;
#395 = CARTESIAN_POINT ( 'NONE',  ( 930.0000000000000000, -22.09188309203699774, 1035.908116907959993 ) ) ;
#396 = SURFACE_STYLE_FILL_AREA ( #3870 ) ;
#397 =( GEOMETRIC_REPRESENTATION_CONTEXT ( 3 ) GLOBAL_UNCERTAINTY_ASSIGNED_CONTEXT ( ( #7210 ) ) GLOBAL_UNIT_ASSIGNED_CONTEXT ( ( #4811, #2058, #5432 ) ) REPRESENTATION_CONTEXT ( 'NONE', 'WORKASPACE' ) );
#398 = DIRECTION ( 'NONE',  ( 1.000000000000000000, 0.000000000000000000, 0.000000000000000000 ) ) ;
#399 = B_SPLINE_CURVE_WITH_KNOTS ( 'NONE', 3,
 ( #3016, #787, #1122, #3116, #5447, #102, #2286, #4574, #2457, #4750, #6919, #3996, #1892, #1302, #3441, #3616 ),
 .UNSPECIFIED., .F., .F.,
 ( 4, 1, 1, 1, 2, 2, 1, 2, 2, 4 ),
 ( 0.000000000000000000, 0.2500000000004696243, 0.3750000000008102408, 0.4375000000011310952, 0.4687500000010081380, 0.5000000000008850698, 0.6250000000007113199, 0.6875000000006243894, 0.7500000000005375700, 1.000000000000000000 ),
 .UNSPECIFIED. ) ;
#400 = PRESENTATION_STYLE_ASSIGNMENT (( #1662 ) ) ;
#401 = SURFACE_STYLE_USAGE ( .BOTH. , #2712 ) ;
#402 =( GEOMETRIC_REPRESENTATION_CONTEXT ( 3 ) GLOBAL_UNCERTAINTY_ASSIGNED_CONTEXT ( ( #3326 ) ) GLOBAL_UNIT_ASSIGNED_CONTEXT ( ( #847, #885, #5577 ) ) REPRESENTATION_CONTEXT ( 'NONE', 'WORKASPACE' ) );
#403 = EDGE_CURVE ( 'NONE', #3368, #6584, #963, .T. ) ;
#404 = ORIENTED_EDGE ( 'NONE', *, *, #4047, .T. ) ;
#405 = CARTESIAN_POINT ( 'NONE',  ( 942.4931468039650326, -10.00000000000019362, 1055.000000000000000 ) ) ;
#406 = DIRECTION ( 'NONE',  ( 0.000000000000000000, 1.000000000000000000, 0.000000000000000000 ) ) ;
#407 = COLOUR_RGB ( '',0.2000000000000000111, 0.2000000000000000111, 0.2000000000000000111 ) ;
#408 = SURFACE_STYLE_FILL_AREA ( #5642 ) ;
#409 = VERTEX_POINT ( 'NONE', #1363 ) ;
#410 = SURFACE_SIDE_STYLE ('',( #7374 ) ) ;
#411 = SURFACE_SIDE_STYLE ('',( #4449 ) ) ;
#412 = FILL_AREA_STYLE_COLOUR ( '', #1921 ) ;
#413 = SURFACE_STYLE_FILL_AREA ( #3315 ) ;
#414 = CARTESIAN_POINT ( 'NONE',  ( 924.5000000000000000, 16.64161515051917917, 1075.340356966313493 ) ) ;
#415 = DIRECTION ( 'NONE',  ( 1.000000000000000000, 0.000000000000000000, 0.000000000000000000 ) ) ;
#416 = COLOUR_RGB ( '',0.2000000000000000111, 0.2000000000000000111, 0.2000000000000000111 ) ;
#417 = MECHANICAL_DESIGN_GEOMETRIC_PRESENTATION_REPRESENTATION (  '', ( #4558 ), #4183 ) ;
#418 = EDGE_CURVE ( 'NONE', #185, #5017, #5461, .T. ) ;
#419 = CIRCLE ( 'NONE', #3588, 2.999999999999999112 ) ;
#420 = CARTESIAN_POINT ( 'NONE',  ( 924.6000000000000227, 30.52933015970040032, 1055.000000000000000 ) ) ;
#421 =( NAMED_UNIT ( * ) PLANE_ANGLE_UNIT ( ) SI_UNIT ( $, .RADIAN. ) );
#422 = DIRECTION ( 'NONE',  ( 1.000000000000000000, 0.000000000000000000, 0.000000000000000000 ) ) ;
#423 = FACE_BOUND ( 'NONE', #5189, .T. ) ;
#424 = UNCERTAINTY_MEASURE_WITH_UNIT (LENGTH_MEASURE( 1.000000000000000082E-05 ), #4468, 'distance_accuracy_value', 'NONE');
#425 = COLOUR_RGB ( '',0.4000000000000000222, 0.4000000000000000222, 0.4000000000000000222 ) ;
#426 = VECTOR ( 'NONE', #2283, 1000.000000000000000 ) ;
#427 = VERTEX_POINT ( 'NONE', #4274 ) ;
#428 = ORIENTED_EDGE ( 'NONE', *, *, #7144, .T. ) ;
#429 = DIRECTION ( 'NONE',  ( 0.000000000000000000, 0.000000000000000000, -1.000000000000000000 ) ) ;
#430 = ORIENTED_EDGE ( 'NONE', *, *, #6142, .F. ) ;
#431 = CIRCLE ( 'NONE', #3114, 2.999999999999999112 ) ;
#432 =( NAMED_UNIT ( * ) SI_UNIT ( $, .STERADIAN. ) SOLID_ANGLE_UNIT ( ) );
#433 = CARTESIAN_POINT ( 'NONE',  ( 924.6000000000000227, -12.25774349296800203, 1079.057176153090040 ) ) ;
#434 = ORIENTED_EDGE ( 'NONE', *, *, #4602, .F. ) ;
#435 = CARTESIAN_POINT ( 'NONE',  ( 921.5000000000000000, 29.66758519606849731, 1050.776269443909996 ) ) ;
#436 = DIRECTION ( 'NONE',  ( -1.000000000000000000, 0.000000000000000000, 0.000000000000000000 ) ) ;
#437 = UNCERTAINTY_MEASURE_WITH_UNIT (LENGTH_MEASURE( 1.000000000000000082E-05 ), #4672, 'distance_accuracy_value', 'NONE');
#438 =( GEOMETRIC_REPRESENTATION_CONTEXT ( 3 ) GLOBAL_UNCERTAINTY_ASSIGNED_CONTEXT ( ( #6296 ) ) GLOBAL_UNIT_ASSIGNED_CONTEXT ( ( #1104, #6433, #322 ) ) REPRESENTATION_CONTEXT ( 'NONE', 'WORKASPACE' ) );
#439 = ORIENTED_EDGE ( 'NONE', *, *, #6751, .F. ) ;
#440 = VECTOR ( 'NONE', #722, 1000.000000000000000 ) ;
#441 = CARTESIAN_POINT ( 'NONE',  ( 921.5000000000000000, -19.09188309203700129, 1035.908116907959993 ) ) ;
#442 = UNCERTAINTY_MEASURE_WITH_UNIT (LENGTH_MEASURE( 1.000000000000000082E-05 ), #4820, 'distance_accuracy_value', 'NONE');
#443 = SURFACE_STYLE_USAGE ( .BOTH. , #5669 ) ;
#444 = CYLINDRICAL_SURFACE ( 'NONE', #630, 2.999999999999999112 ) ;
#445 = CIRCLE ( 'NONE', #3014, 3.000000000000000000 ) ;
#446 = AXIS2_PLACEMENT_3D ( 'NONE', #7103, #4832, #6483 ) ;
#447 = ORIENTED_EDGE ( 'NONE', *, *, #519, .F. ) ;
#448 = FILL_AREA_STYLE_COLOUR ( '', #940 ) ;
#449 = FACE_OUTER_BOUND ( 'NONE', #5431, .T. ) ;
#450 = ORIENTED_EDGE ( 'NONE', *, *, #1719, .T. ) ;
#451 = DIRECTION ( 'NONE',  ( 0.000000000000000000, 0.000000000000000000, 1.000000000000000000 ) ) ;
#452 = CARTESIAN_POINT ( 'NONE',  ( 924.6000000000002501, -0.06941948029975093803, 1024.872068701732132 ) ) ;
#453 = EDGE_CURVE ( 'NONE', #6195, #1374, #5701, .T. ) ;
#454 = DIRECTION ( 'NONE',  ( 1.000000000000000000, 0.000000000000000000, 0.000000000000000000 ) ) ;
#455 = PRESENTATION_STYLE_ASSIGNMENT (( #1588 ) ) ;
#456 = DIRECTION ( 'NONE',  ( 0.000000000000000000, -1.000000000000000000, 0.000000000000000000 ) ) ;
#457 = SURFACE_STYLE_FILL_AREA ( #6837 ) ;
#458 = SURFACE_STYLE_USAGE ( .BOTH. , #7386 ) ;
#459 = PRESENTATION_STYLE_ASSIGNMENT (( #4999 ) ) ;
#460 = ADVANCED_FACE ( 'NONE', ( #3818 ), #4426, .F. ) ;
#461 = CIRCLE ( 'NONE', #4223, 3.000000000000000000 ) ;
#462 = ADVANCED_FACE ( 'NONE', ( #3214 ), #3746, .T. ) ;
#463 = FILL_AREA_STYLE ('',( #7589 ) ) ;
#464 = ORIENTED_EDGE ( 'NONE', *, *, #3113, .T. ) ;
#465 = ORIENTED_EDGE ( 'NONE', *, *, #507, .F. ) ;
#466 = CARTESIAN_POINT ( 'NONE',  ( 923.0000000000000000, -15.75000000000000000, 1055.000000000000000 ) ) ;
#467 = VERTEX_POINT ( 'NONE', #204 ) ;
#468 = SURFACE_STYLE_USAGE ( .BOTH. , #6967 ) ;
#469 =( LENGTH_UNIT ( ) NAMED_UNIT ( * ) SI_UNIT ( .MILLI., .METRE. ) );
#470 = ORIENTED_EDGE ( 'NONE', *, *, #6185, .F. ) ;
#471 = SURFACE_STYLE_FILL_AREA ( #4506 ) ;
#472 = PRESENTATION_STYLE_ASSIGNMENT (( #1060 ) ) ;
#473 = FILL_AREA_STYLE_COLOUR ( '', #1763 ) ;
#474 = AXIS2_PLACEMENT_3D ( 'NONE', #4249, #254, #221 ) ;
#475 =( GEOMETRIC_REPRESENTATION_CONTEXT ( 3 ) GLOBAL_UNCERTAINTY_ASSIGNED_CONTEXT ( ( #3254 ) ) GLOBAL_UNIT_ASSIGNED_CONTEXT ( ( #834, #6670, #869 ) ) REPRESENTATION_CONTEXT ( 'NONE', 'WORKASPACE' ) );
#476 = ORIENTED_EDGE ( 'NONE', *, *, #2840, .T. ) ;
#477 =( LENGTH_UNIT ( ) NAMED_UNIT ( * ) SI_UNIT ( .MILLI., .METRE. ) );
#478 = CARTESIAN_POINT ( 'NONE',  ( 930.0000000000000000, -15.75000000000000000, 1055.000000000000000 ) ) ;
#479 = SURFACE_SIDE_STYLE ('',( #4060 ) ) ;
#480 = STYLED_ITEM ( 'NONE', ( #2689 ), #2455 ) ;
#481 = FACE_OUTER_BOUND ( 'NONE', #2085, .T. ) ;
#482 = MECHANICAL_DESIGN_GEOMETRIC_PRESENTATION_REPRESENTATION (  '', ( #6697 ), #3653 ) ;
#483 = EDGE_LOOP ( 'NONE', ( #5880, #1371 ) ) ;
#484 = LINE ( 'NONE', #2158, #4337 ) ;
#485 =( NAMED_UNIT ( * ) SI_UNIT ( $, .STERADIAN. ) SOLID_ANGLE_UNIT ( ) );
#486 = ORIENTED_EDGE ( 'NONE', *, *, #7033, .F. ) ;
#487 = COLOUR_RGB ( '',0.2000000000000000111, 0.2000000000000000111, 0.2000000000000000111 ) ;
#488 = CARTESIAN_POINT ( 'NONE',  ( 924.6000000000000227, -26.66758519606889877, 1050.776269443909996 ) ) ;
#489 = CYLINDRICAL_SURFACE ( 'NONE', #5627, 3.000000000000000000 ) ;
#490 = DIRECTION ( 'NONE',  ( 1.000000000000000000, 0.000000000000000000, 0.000000000000000000 ) ) ;
#491 = DIRECTION ( 'NONE',  ( 0.000000000000000000, -0.4539904997395672881, 0.8910065241883574627 ) ) ;
#492 = FILL_AREA_STYLE_COLOUR ( '', #1922 ) ;
#493 = CIRCLE ( 'NONE', #3427, 2.749999999999999112 ) ;
#494 = PRESENTATION_LAYER_ASSIGNMENT (  '', '', ( #7110 ) ) ;
#495 = EDGE_CURVE ( 'NONE', #2600, #4402, #5439, .T. ) ;
#496 = CYLINDRICAL_SURFACE ( 'NONE', #5244, 2.999999999999999112 ) ;
#497 = FACE_OUTER_BOUND ( 'NONE', #5334, .T. ) ;
#498 = CARTESIAN_POINT ( 'NONE',  ( 930.0000000000000000, -15.25774349296800025, 1079.057176153090040 ) ) ;
#499 = CARTESIAN_POINT ( 'NONE',  ( 930.0000000000000000, 11.13693180368799851, 1046.363068196309996 ) ) ;
#500 = CARTESIAN_POINT ( 'NONE',  ( 924.6000000000000227, 20.00000000000000000, 1055.000000000000000 ) ) ;
#501 = UNCERTAINTY_MEASURE_WITH_UNIT (LENGTH_MEASURE( 1.000000000000000082E-05 ), #1434, 'distance_accuracy_value', 'NONE');
#502 = CARTESIAN_POINT ( 'NONE',  ( 921.5000000000000000, 4.223730556086679577, 1081.667585196069922 ) ) ;
#503 =( LENGTH_UNIT ( ) NAMED_UNIT ( * ) SI_UNIT ( .MILLI., .METRE. ) );
#504 = CYLINDRICAL_SURFACE ( 'NONE', #4953, 2.999999999999999112 ) ;
#505 = AXIS2_PLACEMENT_3D ( 'NONE', #3530, #3638, #5322 ) ;
#506 = ORIENTED_EDGE ( 'NONE', *, *, #7315, .T. ) ;
#507 = EDGE_CURVE ( 'NONE', #3544, #2530, #6803, .T. ) ;
#508 = ORIENTED_EDGE ( 'NONE', *, *, #5252, .T. ) ;
#509 = PRESENTATION_STYLE_ASSIGNMENT (( #5728 ) ) ;
#510 = ORIENTED_EDGE ( 'NONE', *, *, #2583, .F. ) ;
#511 = DIRECTION ( 'NONE',  ( 1.000000000000000000, 0.000000000000000000, 0.000000000000000000 ) ) ;
#512 = CARTESIAN_POINT ( 'NONE',  ( 921.5000000000000000, -19.09188309203700129, 1074.091883092039780 ) ) ;
#513 = DIRECTION ( 'NONE',  ( 0.000000000000000000, 0.000000000000000000, -1.000000000000000000 ) ) ;
#514 = VERTEX_POINT ( 'NONE', #1995 ) ;
#515 = SURFACE_STYLE_FILL_AREA ( #7439 ) ;
#516 = PRESENTATION_STYLE_ASSIGNMENT (( #7558 ) ) ;
#517 = DIRECTION ( 'NONE',  ( 1.000000000000000000, 0.000000000000000000, 0.000000000000000000 ) ) ;
#518 = CIRCLE ( 'NONE', #1380, 21.00000000000000000 ) ;
#519 = EDGE_CURVE ( 'NONE', #3490, #7549, #461, .T. ) ;
#520 =( GEOMETRIC_REPRESENTATION_CONTEXT ( 3 ) GLOBAL_UNCERTAINTY_ASSIGNED_CONTEXT ( ( #7317 ) ) GLOBAL_UNIT_ASSIGNED_CONTEXT ( ( #2413, #5852, #7170 ) ) REPRESENTATION_CONTEXT ( 'NONE', 'WORKASPACE' ) );
#521 = VERTEX_POINT ( 'NONE', #1096 ) ;
#522 = DIRECTION ( 'NONE',  ( -1.000000000000000000, 0.000000000000000000, 0.000000000000000000 ) ) ;
#523 = UNCERTAINTY_MEASURE_WITH_UNIT (LENGTH_MEASURE( 1.000000000000000082E-05 ), #3967, 'distance_accuracy_value', 'NONE');
#524 = DIRECTION ( 'NONE',  ( 0.000000000000000000, 0.000000000000000000, -1.000000000000000000 ) ) ;
#525 = PRESENTATION_LAYER_ASSIGNMENT (  '', '', ( #4659 ) ) ;
#526 = VECTOR ( 'NONE', #1604, 1000.000000000000000 ) ;
#527 = SURFACE_STYLE_FILL_AREA ( #4098 ) ;
#528 = ORIENTED_EDGE ( 'NONE', *, *, #7285, .F. ) ;
#529 = MECHANICAL_DESIGN_GEOMETRIC_PRESENTATION_REPRESENTATION (  '', ( #4534 ), #5287 ) ;
#530 = FILL_AREA_STYLE ('',( #4604 ) ) ;
#531 = EDGE_LOOP ( 'NONE', ( #4715, #439, #3667, #1840 ) ) ;
#532 = DIRECTION ( 'NONE',  ( -1.000000000000000000, 0.000000000000000000, 0.000000000000000000 ) ) ;
#533 = DIRECTION ( 'NONE',  ( 1.000000000000000000, 0.000000000000000000, 0.000000000000000000 ) ) ;
#534 = CARTESIAN_POINT ( 'NONE',  ( 930.0000000000000000, -15.75000000000000000, 1052.500000000000000 ) ) ;
#535 = DIRECTION ( 'NONE',  ( 0.000000000000000000, 0.9876883405951312200, -0.1564344650402722803 ) ) ;
#536 = FILL_AREA_STYLE_COLOUR ( '', #3995 ) ;
#537 = DIRECTION ( 'NONE',  ( 1.000000000000000000, 0.000000000000000000, 0.000000000000000000 ) ) ;
#538 = FACE_BOUND ( 'NONE', #7472, .T. ) ;
#539 = CARTESIAN_POINT ( 'NONE',  ( 930.0000000000000000, -11.13693180368849944, 1041.363068196310223 ) ) ;
#540 =( NAMED_UNIT ( * ) PLANE_ANGLE_UNIT ( ) SI_UNIT ( $, .RADIAN. ) );
#541 = FACE_OUTER_BOUND ( 'NONE', #2997, .T. ) ;
#542 = EDGE_CURVE ( 'NONE', #1973, #4240, #4467, .T. ) ;
#543 = CARTESIAN_POINT ( 'NONE',  ( 924.5791015357707465, -0.4814057440956001077, 1024.240328036744586 ) ) ;
#544 = ORIENTED_EDGE ( 'NONE', *, *, #3867, .T. ) ;
#545 = DIRECTION ( 'NONE',  ( 0.000000000000000000, -0.1564344650402246517, 0.9876883405951386585 ) ) ;
#546 = STYLED_ITEM ( 'NONE', ( #7037 ), #934 ) ;
#547 = DIRECTION ( 'NONE',  ( 0.000000000000000000, -1.000000000000000000, 0.000000000000000000 ) ) ;
#548 = VERTEX_POINT ( 'NONE', #6811 ) ;
#549 = CARTESIAN_POINT ( 'NONE',  ( 930.0000000000000000, -19.09188309203700129, 1035.908116907959993 ) ) ;
#550 = PRESENTATION_LAYER_ASSIGNMENT (  '', '', ( #7392 ) ) ;
#551 = CARTESIAN_POINT ( 'NONE',  ( 921.5000000000000000, 6.939873492723324766, 1082.097779974930518 ) ) ;
#552 = EDGE_CURVE ( 'NONE', #5409, #4520, #2218, .T. ) ;
#553 = AXIS2_PLACEMENT_3D ( 'NONE', #2510, #4806, #7227 ) ;
#554 = VERTEX_POINT ( 'NONE', #1606 ) ;
#555 = SURFACE_STYLE_USAGE ( .BOTH. , #2927 ) ;
#556 = PRESENTATION_STYLE_ASSIGNMENT (( #2488 ) ) ;
#557 = DIRECTION ( 'NONE',  ( 0.000000000000000000, 1.000000000000000000, 0.000000000000000000 ) ) ;
#558 = COLOUR_RGB ( '',0.4000000000000000222, 0.4000000000000000222, 0.4000000000000000222 ) ;
#559 = FACE_OUTER_BOUND ( 'NONE', #3708, .T. ) ;
#560 = VECTOR ( 'NONE', #436, 1000.000000000000000 ) ;
#561 = SURFACE_SIDE_STYLE ('',( #1110 ) ) ;
#562 = STYLED_ITEM ( 'NONE', ( #5452 ), #5962 ) ;
#563 = ADVANCED_FACE ( 'NONE', ( #7517 ), #6847, .F. ) ;
#564 = ORIENTED_EDGE ( 'NONE', *, *, #6142, .T. ) ;
#565 = CIRCLE ( 'NONE', #6545, 3.000000000000000888 ) ;
#566 =( GEOMETRIC_REPRESENTATION_CONTEXT ( 3 ) GLOBAL_UNCERTAINTY_ASSIGNED_CONTEXT ( ( #5690 ) ) GLOBAL_UNIT_ASSIGNED_CONTEXT ( ( #3604, #5961, #5927 ) ) REPRESENTATION_CONTEXT ( 'NONE', 'WORKASPACE' ) );
#567 =( NAMED_UNIT ( * ) SI_UNIT ( $, .STERADIAN. ) SOLID_ANGLE_UNIT ( ) );
#568 = EDGE_LOOP ( 'NONE', ( #769, #6406, #3335, #6033 ) ) ;
#569 = CARTESIAN_POINT ( 'NONE',  ( 921.5000000000000000, -12.25774349296800203, 1079.057176153090040 ) ) ;
#570 = DIRECTION ( 'NONE',  ( -1.000000000000000000, 0.000000000000000000, 0.000000000000000000 ) ) ;
#571 = DIRECTION ( 'NONE',  ( 0.000000000000000000, -1.000000000000000000, 0.000000000000000000 ) ) ;
#572 = PRESENTATION_STYLE_ASSIGNMENT (( #3656 ) ) ;
#573 = CARTESIAN_POINT ( 'NONE',  ( 924.5000000000000000, 24.05717615308619983, 1067.257743492970121 ) ) ;
#574 =( NAMED_UNIT ( * ) SI_UNIT ( $, .STERADIAN. ) SOLID_ANGLE_UNIT ( ) );
#575 = AXIS2_PLACEMENT_3D ( 'NONE', #5593, #7323, #4045 ) ;
#576 = FACE_BOUND ( 'NONE', #2364, .T. ) ;
#577 = FACE_BOUND ( 'NONE', #4874, .T. ) ;
#578 = UNCERTAINTY_MEASURE_WITH_UNIT (LENGTH_MEASURE( 1.000000000000000082E-05 ), #6418, 'distance_accuracy_value', 'NONE');
#579 =( LENGTH_UNIT ( ) NAMED_UNIT ( * ) SI_UNIT ( .MILLI., .METRE. ) );
#580 = SURFACE_STYLE_FILL_AREA ( #6425 ) ;
#581 = SURFACE_STYLE_USAGE ( .BOTH. , #5881 ) ;
#582 = CARTESIAN_POINT ( 'NONE',  ( 840.0000000000000000, -1.905020620145609748E-13, 1055.000000000000000 ) ) ;
#583 = MECHANICAL_DESIGN_GEOMETRIC_PRESENTATION_REPRESENTATION (  '', ( #2669 ), #7183 ) ;
#584 = ORIENTED_EDGE ( 'NONE', *, *, #7435, .T. ) ;
#585 = CARTESIAN_POINT ( 'NONE',  ( 930.0000000000000000, -24.05717615308610391, 1067.257743492970121 ) ) ;
#586 = FILL_AREA_STYLE_COLOUR ( '', #286 ) ;
#587 = ORIENTED_EDGE ( 'NONE', *, *, #4072, .T. ) ;
#588 = CYLINDRICAL_SURFACE ( 'NONE', #7113, 2.499999999999946709 ) ;
#589 =( NAMED_UNIT ( * ) PLANE_ANGLE_UNIT ( ) SI_UNIT ( $, .RADIAN. ) );
#590 = CARTESIAN_POINT ( 'NONE',  ( 930.0000000000000000, 26.66758519606849731, 1050.776269443909996 ) ) ;
#591 = ADVANCED_FACE ( 'NONE', ( #7434, #1649 ), #7553, .F. ) ;
#592 = AXIS2_PLACEMENT_3D ( 'NONE', #3092, #6088, #5978 ) ;
#593 = SURFACE_STYLE_USAGE ( .BOTH. , #1182 ) ;
#594 = UNCERTAINTY_MEASURE_WITH_UNIT (LENGTH_MEASURE( 1.000000000000000082E-05 ), #4697, 'distance_accuracy_value', 'NONE');
#595 = SURFACE_STYLE_USAGE ( .BOTH. , #561 ) ;
#596 = ORIENTED_EDGE ( 'NONE', *, *, #815, .T. ) ;
#597 = ADVANCED_FACE ( 'NONE', ( #1136 ), #6768, .F. ) ;
#598 = FACE_OUTER_BOUND ( 'NONE', #1747, .T. ) ;
#599 = VERTEX_POINT ( 'NONE', #5921 ) ;
#600 =( NAMED_UNIT ( * ) SI_UNIT ( $, .STERADIAN. ) SOLID_ANGLE_UNIT ( ) );
#601 = COLOUR_RGB ( '',0.4000000000000000222, 0.4000000000000000222, 0.4000000000000000222 ) ;
#602 = CYLINDRICAL_SURFACE ( 'NONE', #1776, 2.499999999999946709 ) ;
#603 = FILL_AREA_STYLE_COLOUR ( '', #5536 ) ;
#604 = FILL_AREA_STYLE_COLOUR ( '', #2801 ) ;
#605 = AXIS2_PLACEMENT_3D ( 'NONE', #3122, #5410, #3619 ) ;
#606 = EDGE_CURVE ( 'NONE', #1390, #7188, #5385, .T. ) ;
#607 = CARTESIAN_POINT ( 'NONE',  ( 919.5811443417820783, -0.09999999998222179609, 1013.556126214739947 ) ) ;
#608 = CARTESIAN_POINT ( 'NONE',  ( 912.0000000000000000, -1.880796187583229742E-13, 1055.000000000000000 ) ) ;
#609 = AXIS2_PLACEMENT_3D ( 'NONE', #6252, #4381, #6799 ) ;
#610 = DIRECTION ( 'NONE',  ( 1.000000000000000000, 0.000000000000000000, 0.000000000000000000 ) ) ;
#611 =( LENGTH_UNIT ( ) NAMED_UNIT ( * ) SI_UNIT ( .MILLI., .METRE. ) );
#612 = FILL_AREA_STYLE ('',( #4114 ) ) ;
#613 = CARTESIAN_POINT ( 'NONE',  ( 925.0000000000000000, -1.906009104440549693E-13, 1070.750000000000000 ) ) ;
#614 = EDGE_LOOP ( 'NONE', ( #6434, #5657, #6947, #3528 ) ) ;
#615 =( NAMED_UNIT ( * ) SI_UNIT ( $, .STERADIAN. ) SOLID_ANGLE_UNIT ( ) );
#616 = SURFACE_STYLE_USAGE ( .BOTH. , #6968 ) ;
#617 = ORIENTED_EDGE ( 'NONE', *, *, #6054, .F. ) ;
#618 = DIRECTION ( 'NONE',  ( -0.000000000000000000, 1.224646799147353207E-16, 1.000000000000000000 ) ) ;
#619 = CARTESIAN_POINT ( 'NONE',  ( 924.6000000000000227, -15.25774349296800025, 1030.942823846909960 ) ) ;
#620 = CARTESIAN_POINT ( 'NONE',  ( 930.0000000000000000, -1.912302285064559646E-13, 1070.750000000000000 ) ) ;
#621 = COLOUR_RGB ( '',0.4000000000000000222, 0.4000000000000000222, 0.4000000000000000222 ) ;
#622 = SURFACE_SIDE_STYLE ('',( #4853 ) ) ;
#623 = ORIENTED_EDGE ( 'NONE', *, *, #6192, .T. ) ;
#624 =( NAMED_UNIT ( * ) PLANE_ANGLE_UNIT ( ) SI_UNIT ( $, .RADIAN. ) );
#625 = MECHANICAL_DESIGN_GEOMETRIC_PRESENTATION_REPRESENTATION (  '', ( #1256 ), #1769 ) ;
#626 =( NAMED_UNIT ( * ) SI_UNIT ( $, .STERADIAN. ) SOLID_ANGLE_UNIT ( ) );
#627 = AXIS2_PLACEMENT_3D ( 'NONE', #5120, #415, #3917 ) ;
#628 = VECTOR ( 'NONE', #4052, 1000.000000000000000 ) ;
#629 = DIRECTION ( 'NONE',  ( -1.000000000000000000, 0.000000000000000000, 0.000000000000000000 ) ) ;
#630 = AXIS2_PLACEMENT_3D ( 'NONE', #7446, #2234, #2708 ) ;
#631 = CIRCLE ( 'NONE', #6362, 2.999999999999999112 ) ;
#632 = CIRCLE ( 'NONE', #4656, 2.749999999999999112 ) ;
#633 = EDGE_CURVE ( 'NONE', #6696, #2851, #5841, .T. ) ;
#634 = PRESENTATION_LAYER_ASSIGNMENT (  '', '', ( #5382 ) ) ;
#635 = ORIENTED_EDGE ( 'NONE', *, *, #4980, .F. ) ;
#636 = DIRECTION ( 'NONE',  ( 1.000000000000000000, 0.000000000000000000, 0.000000000000000000 ) ) ;
#637 = AXIS2_PLACEMENT_3D ( 'NONE', #1565, #2219, #4504 ) ;
#638 = SURFACE_STYLE_FILL_AREA ( #7180 ) ;
#639 = ORIENTED_EDGE ( 'NONE', *, *, #7293, .F. ) ;
#640 = CARTESIAN_POINT ( 'NONE',  ( 921.5000000000000000, 4.223730556086159993, 1081.667585196069922 ) ) ;
#641 =( GEOMETRIC_REPRESENTATION_CONTEXT ( 3 ) GLOBAL_UNCERTAINTY_ASSIGNED_CONTEXT ( ( #2068 ) ) GLOBAL_UNIT_ASSIGNED_CONTEXT ( ( #5499, #2065, #5356 ) ) REPRESENTATION_CONTEXT ( 'NONE', 'WORKASPACE' ) );
#642 = SURFACE_STYLE_FILL_AREA ( #1118 ) ;
#643 = VECTOR ( 'NONE', #4909, 1000.000000000000000 ) ;
#644 = PRESENTATION_STYLE_ASSIGNMENT (( #1898 ) ) ;
#645 = EDGE_CURVE ( 'NONE', #4818, #655, #7372, .T. ) ;
#646 = ORIENTED_EDGE ( 'NONE', *, *, #7058, .F. ) ;
#647 = CARTESIAN_POINT ( 'NONE',  ( 929.5000000000000000, -10.00000000000019185, 1055.000000000000000 ) ) ;
#648 = PRESENTATION_STYLE_ASSIGNMENT (( #4691 ) ) ;
#649 = DIRECTION ( 'NONE',  ( 0.000000000000000000, 0.000000000000000000, 1.000000000000000000 ) ) ;
#650 = SURFACE_SIDE_STYLE ('',( #6419 ) ) ;
#651 = AXIS2_PLACEMENT_3D ( 'NONE', #7073, #5309, #5875 ) ;
#652 = DIRECTION ( 'NONE',  ( 0.000000000000000000, 0.000000000000000000, 1.000000000000000000 ) ) ;
#653 = EDGE_CURVE ( 'NONE', #1093, #3902, #3634, .T. ) ;
#654 = VECTOR ( 'NONE', #3546, 1000.000000000000000 ) ;
#655 = VERTEX_POINT ( 'NONE', #5239 ) ;
#656 = DIRECTION ( 'NONE',  ( 1.000000000000000000, 0.000000000000000000, 0.000000000000000000 ) ) ;
#657 =( NAMED_UNIT ( * ) PLANE_ANGLE_UNIT ( ) SI_UNIT ( $, .RADIAN. ) );
#658 = VERTEX_POINT ( 'NONE', #3495 ) ;
#659 = CARTESIAN_POINT ( 'NONE',  ( 930.0000000000000000, -9.257743492968002030, 1030.942823846909960 ) ) ;
#660 = LINE ( 'NONE', #2482, #6977 ) ;
#661 = FILL_AREA_STYLE_COLOUR ( '', #2631 ) ;
#662 = COLOUR_RGB ( '',0.2000000000000000111, 0.2000000000000000111, 0.2000000000000000111 ) ;
#663 = COLOUR_RGB ( '',0.4000000000000000222, 0.4000000000000000222, 0.4000000000000000222 ) ;
#664 = ORIENTED_EDGE ( 'NONE', *, *, #3541, .F. ) ;
#665 = DIRECTION ( 'NONE',  ( 0.000000000000000000, 1.000000000000000000, 0.000000000000000000 ) ) ;
#666 = CARTESIAN_POINT ( 'NONE',  ( 917.7476955998439507, -0.1000000000001910055, 1009.438132917250186 ) ) ;
#667 =( NAMED_UNIT ( * ) PLANE_ANGLE_UNIT ( ) SI_UNIT ( $, .RADIAN. ) );
#668 = UNCERTAINTY_MEASURE_WITH_UNIT (LENGTH_MEASURE( 1.000000000000000082E-05 ), #1902, 'distance_accuracy_value', 'NONE');
#669 = DIRECTION ( 'NONE',  ( 1.000000000000000000, -1.258636124801849761E-16, 0.000000000000000000 ) ) ;
#670 = CIRCLE ( 'NONE', #6532, 3.000000000000000000 ) ;
#671 =( NAMED_UNIT ( * ) PLANE_ANGLE_UNIT ( ) SI_UNIT ( $, .RADIAN. ) );
#672 = CIRCLE ( 'NONE', #4934, 2.750000000000002665 ) ;
#673 = ORIENTED_EDGE ( 'NONE', *, *, #1977, .F. ) ;
#674 =( GEOMETRIC_REPRESENTATION_CONTEXT ( 3 ) GLOBAL_UNCERTAINTY_ASSIGNED_CONTEXT ( ( #3872 ) ) GLOBAL_UNIT_ASSIGNED_CONTEXT ( ( #302, #2731, #2177 ) ) REPRESENTATION_CONTEXT ( 'NONE', 'WORKASPACE' ) );
#675 = CYLINDRICAL_SURFACE ( 'NONE', #7455, 0.2000000000000070610 ) ;
#676 = VECTOR ( 'NONE', #2493, 1000.000000000000000 ) ;
#677 = ORIENTED_EDGE ( 'NONE', *, *, #3908, .T. ) ;
#678 = CARTESIAN_POINT ( 'NONE',  ( 921.5000000000000000, 14.20228714123019742, 1032.887367495173066 ) ) ;
#679 = ADVANCED_FACE ( 'NONE', ( #2367 ), #5349, .F. ) ;
#680 = SURFACE_STYLE_USAGE ( .BOTH. , #719 ) ;
#681 = CARTESIAN_POINT ( 'NONE',  ( 930.0000000000000000, -2.217384432252441547E-13, 1036.750000000000000 ) ) ;
#682 = CARTESIAN_POINT ( 'NONE',  ( 924.6000000000000227, -19.09188309203700129, 1035.908116907959993 ) ) ;
#683 = DIRECTION ( 'NONE',  ( 0.000000000000000000, 1.000000000000000000, 0.000000000000000000 ) ) ;
#684 = CIRCLE ( 'NONE', #4945, 3.000000000000000888 ) ;
#685 = PRESENTATION_LAYER_ASSIGNMENT (  '', '', ( #6541 ) ) ;
#686 = ORIENTED_EDGE ( 'NONE', *, *, #1813, .T. ) ;
#687 = DIRECTION ( 'NONE',  ( 0.000000000000000000, 0.7071067811865437980, -0.7071067811865513475 ) ) ;
#688 = DIRECTION ( 'NONE',  ( 1.000000000000000000, 0.000000000000000000, 0.000000000000000000 ) ) ;
#689 = EDGE_CURVE ( 'NONE', #2144, #1459, #6383, .T. ) ;
#690 = AXIS2_PLACEMENT_3D ( 'NONE', #6007, #862, #212 ) ;
#691 = CYLINDRICAL_SURFACE ( 'NONE', #7124, 40.50000000000000000 ) ;
#692 = FACE_OUTER_BOUND ( 'NONE', #6053, .T. ) ;
#693 = COLOUR_RGB ( '',0.2000000000000000111, 0.2000000000000000111, 0.2000000000000000111 ) ;
#694 = SURFACE_STYLE_FILL_AREA ( #2512 ) ;
#695 = COLOUR_RGB ( '',0.4000000000000000222, 0.4000000000000000222, 0.4000000000000000222 ) ;
#696 = ORIENTED_EDGE ( 'NONE', *, *, #3004, .F. ) ;
#697 = CARTESIAN_POINT ( 'NONE',  ( 924.0000000000000000, -9.800000000000189004, 1055.000000000000000 ) ) ;
#698 = ADVANCED_FACE ( 'NONE', ( #7081 ), #4152, .T. ) ;
#699 = ADVANCED_FACE ( 'NONE', ( #7234 ), #2742, .F. ) ;
#700 = ORIENTED_EDGE ( 'NONE', *, *, #3242, .F. ) ;
#701 = CARTESIAN_POINT ( 'NONE',  ( 942.4931468039650326, 41.49999999999980815, 1055.000000000000000 ) ) ;
#702 =( NAMED_UNIT ( * ) SI_UNIT ( $, .STERADIAN. ) SOLID_ANGLE_UNIT ( ) );
#703 = DIRECTION ( 'NONE',  ( 0.000000000000000000, -1.000000000000000000, 0.000000000000000000 ) ) ;
#704 = ORIENTED_EDGE ( 'NONE', *, *, #4229, .F. ) ;
#705 = FACE_OUTER_BOUND ( 'NONE', #3893, .T. ) ;
#706 = AXIS2_PLACEMENT_3D ( 'NONE', #4976, #4904, #4433 ) ;
#707 = DIRECTION ( 'NONE',  ( 1.000000000000000000, 0.000000000000000000, 0.000000000000000000 ) ) ;
#708 = CYLINDRICAL_SURFACE ( 'NONE', #32, 3.000000000000000000 ) ;
#709 = ADVANCED_FACE ( 'NONE', ( #3205 ), #3399, .F. ) ;
#710 = SURFACE_STYLE_USAGE ( .BOTH. , #7096 ) ;
#711 = AXIS2_PLACEMENT_3D ( 'NONE', #7314, #6621, #6153 ) ;
#712 = FILL_AREA_STYLE ('',( #7344 ) ) ;
#713 = ORIENTED_EDGE ( 'NONE', *, *, #606, .T. ) ;
#714 = FACE_OUTER_BOUND ( 'NONE', #738, .T. ) ;
#715 =( NAMED_UNIT ( * ) PLANE_ANGLE_UNIT ( ) SI_UNIT ( $, .RADIAN. ) );
#716 = MECHANICAL_DESIGN_GEOMETRIC_PRESENTATION_REPRESENTATION (  '', ( #4726 ), #1424 ) ;
#717 = EDGE_LOOP ( 'NONE', ( #3097, #4552 ) ) ;
#718 = CARTESIAN_POINT ( 'NONE',  ( 924.5000000000000000, 26.66758519606860034, 1050.776269443909996 ) ) ;
#719 = SURFACE_SIDE_STYLE ('',( #5943 ) ) ;
#720 = PRESENTATION_STYLE_ASSIGNMENT (( #2463 ) ) ;
#721 = ORIENTED_EDGE ( 'NONE', *, *, #5166, .F. ) ;
#722 = DIRECTION ( 'NONE',  ( -1.000000000000000000, 0.000000000000000000, 0.000000000000000000 ) ) ;
#723 = DIRECTION ( 'NONE',  ( 1.000000000000000000, 0.000000000000000000, 0.000000000000000000 ) ) ;
#724 = ORIENTED_EDGE ( 'NONE', *, *, #6101, .T. ) ;
#725 =( NAMED_UNIT ( * ) SI_UNIT ( $, .STERADIAN. ) SOLID_ANGLE_UNIT ( ) );
#726 = UNCERTAINTY_MEASURE_WITH_UNIT (LENGTH_MEASURE( 1.000000000000000082E-05 ), #6597, 'distance_accuracy_value', 'NONE');
#727 = CARTESIAN_POINT ( 'NONE',  ( 924.6000000000000227, -9.257743492968002030, 1079.057176153090040 ) ) ;
#728 = AXIS2_PLACEMENT_3D ( 'NONE', #3290, #2738, #7479 ) ;
#729 = EDGE_CURVE ( 'NONE', #2795, #6041, #1595, .T. ) ;
#730 = MECHANICAL_DESIGN_GEOMETRIC_PRESENTATION_REPRESENTATION (  '', ( #4129 ), #1615 ) ;
#731 = DIRECTION ( 'NONE',  ( 0.000000000000000000, 1.000000000000000000, 0.000000000000000000 ) ) ;
#732 = ORIENTED_EDGE ( 'NONE', *, *, #729, .T. ) ;
#733 = DIRECTION ( 'NONE',  ( -1.000000000000000000, 0.000000000000000000, 0.000000000000000000 ) ) ;
#734 = DIRECTION ( 'NONE',  ( 0.000000000000000000, -1.000000000000000000, 0.000000000000000000 ) ) ;
#735 = CYLINDRICAL_SURFACE ( 'NONE', #1560, 2.500000000000000000 ) ;
#736 = EDGE_CURVE ( 'NONE', #7496, #1939, #5610, .T. ) ;
#737 =( GEOMETRIC_REPRESENTATION_CONTEXT ( 3 ) GLOBAL_UNCERTAINTY_ASSIGNED_CONTEXT ( ( #4472 ) ) GLOBAL_UNIT_ASSIGNED_CONTEXT ( ( #4324, #2148, #4949 ) ) REPRESENTATION_CONTEXT ( 'NONE', 'WORKASPACE' ) );
#738 = EDGE_LOOP ( 'NONE', ( #3564, #4627 ) ) ;
#739 =( NAMED_UNIT ( * ) PLANE_ANGLE_UNIT ( ) SI_UNIT ( $, .RADIAN. ) );
#740 = CARTESIAN_POINT ( 'NONE',  ( 919.5811443417820783, -0.09999999998222179609, 1013.556126214739947 ) ) ;
#741 = UNCERTAINTY_MEASURE_WITH_UNIT (LENGTH_MEASURE( 1.000000000000000082E-05 ), #754, 'distance_accuracy_value', 'NONE');
#742 = SURFACE_SIDE_STYLE ('',( #2490 ) ) ;
#743 = DIRECTION ( 'NONE',  ( 0.000000000000000000, 1.000000000000000000, 0.000000000000000000 ) ) ;
#744 = SURFACE_STYLE_USAGE ( .BOTH. , #384 ) ;
#745 = EDGE_CURVE ( 'NONE', #5486, #2381, #3701, .T. ) ;
#746 = PRESENTATION_LAYER_ASSIGNMENT (  '', '', ( #1267 ) ) ;
#747 = CIRCLE ( 'NONE', #1370, 3.000000000000000000 ) ;
#748 = VERTEX_POINT ( 'NONE', #3443 ) ;
#749 = DIRECTION ( 'NONE',  ( 1.000000000000000000, 0.000000000000000000, 0.000000000000000000 ) ) ;
#750 = ORIENTED_EDGE ( 'NONE', *, *, #7201, .F. ) ;
#751 = CARTESIAN_POINT ( 'NONE',  ( 930.0000000000000000, 27.05717615308569890, 1042.742256507029879 ) ) ;
#752 = DIRECTION ( 'NONE',  ( 0.000000000000000000, -1.000000000000000000, 0.000000000000000000 ) ) ;
#753 = PRESENTATION_LAYER_ASSIGNMENT (  '', '', ( #1140 ) ) ;
#754 =( LENGTH_UNIT ( ) NAMED_UNIT ( * ) SI_UNIT ( .MILLI., .METRE. ) );
#755 = DIRECTION ( 'NONE',  ( 0.000000000000000000, -1.000000000000000000, 0.000000000000000000 ) ) ;
#756 = CARTESIAN_POINT ( 'NONE',  ( 930.0000000000000000, 11.13693180368799851, 1063.636931803690004 ) ) ;
#757 = ORIENTED_EDGE ( 'NONE', *, *, #1856, .T. ) ;
#758 = PRESENTATION_LAYER_ASSIGNMENT (  '', '', ( #3682 ) ) ;
#759 = DIRECTION ( 'NONE',  ( 0.000000000000000000, -1.000000000000000000, 0.000000000000000000 ) ) ;
#760 = DIRECTION ( 'NONE',  ( 0.000000000000000000, 1.000000000000000000, 0.000000000000000000 ) ) ;
#761 = VERTEX_POINT ( 'NONE', #2247 ) ;
#762 = CARTESIAN_POINT ( 'NONE',  ( 929.5000000000000000, 9.999999999999809930, 1055.000000000000000 ) ) ;
#763 = MECHANICAL_DESIGN_GEOMETRIC_PRESENTATION_REPRESENTATION (  '', ( #4659 ), #5029 ) ;
#764 = CIRCLE ( 'NONE', #5983, 2.500000000000000444 ) ;
#765 =( LENGTH_UNIT ( ) NAMED_UNIT ( * ) SI_UNIT ( .MILLI., .METRE. ) );
#766 = DIRECTION ( 'NONE',  ( 0.000000000000000000, -0.9876883405951439876, -0.1564344650401914560 ) ) ;
#767 = PRESENTATION_LAYER_ASSIGNMENT (  '', '', ( #1031 ) ) ;
#768 =( LENGTH_UNIT ( ) NAMED_UNIT ( * ) SI_UNIT ( .MILLI., .METRE. ) );
#769 = ORIENTED_EDGE ( 'NONE', *, *, #4131, .F. ) ;
#770 = SURFACE_STYLE_USAGE ( .BOTH. , #4889 ) ;
#771 = PRESENTATION_STYLE_ASSIGNMENT (( #300 ) ) ;
#772 = ADVANCED_FACE ( 'NONE', ( #5088, #6756 ), #3921, .F. ) ;
#773 = DIRECTION ( 'NONE',  ( 0.000000000000000000, 1.000000000000000000, 0.000000000000000000 ) ) ;
#774 = VECTOR ( 'NONE', #2843, 1000.000000000000000 ) ;
#775 = ORIENTED_EDGE ( 'NONE', *, *, #3206, .F. ) ;
#776 =( GEOMETRIC_REPRESENTATION_CONTEXT ( 3 ) GLOBAL_UNCERTAINTY_ASSIGNED_CONTEXT ( ( #4019 ) ) GLOBAL_UNIT_ASSIGNED_CONTEXT ( ( #7161, #845, #3172 ) ) REPRESENTATION_CONTEXT ( 'NONE', 'WORKASPACE' ) );
#777 =( GEOMETRIC_REPRESENTATION_CONTEXT ( 3 ) GLOBAL_UNCERTAINTY_ASSIGNED_CONTEXT ( ( #726 ) ) GLOBAL_UNIT_ASSIGNED_CONTEXT ( ( #6597, #4289, #3759 ) ) REPRESENTATION_CONTEXT ( 'NONE', 'WORKASPACE' ) );
#778 = MECHANICAL_DESIGN_GEOMETRIC_PRESENTATION_REPRESENTATION (  '', ( #4062 ), #2395 ) ;
#779 =( NAMED_UNIT ( * ) SI_UNIT ( $, .STERADIAN. ) SOLID_ANGLE_UNIT ( ) );
#780 =( NAMED_UNIT ( * ) SI_UNIT ( $, .STERADIAN. ) SOLID_ANGLE_UNIT ( ) );
#781 = ADVANCED_FACE ( 'NONE', ( #337, #37 ), #7586, .F. ) ;
#782 = UNCERTAINTY_MEASURE_WITH_UNIT (LENGTH_MEASURE( 1.000000000000000082E-05 ), #4821, 'distance_accuracy_value', 'NONE');
#783 = PRESENTATION_LAYER_ASSIGNMENT (  '', '', ( #5658 ) ) ;
#784 = VECTOR ( 'NONE', #2009, 1000.000000000000000 ) ;
#785 = PRESENTATION_LAYER_ASSIGNMENT (  '', '', ( #7511 ) ) ;
#786 = ORIENTED_EDGE ( 'NONE', *, *, #4727, .T. ) ;
#787 = CARTESIAN_POINT ( 'NONE',  ( 919.6332262570916782, 0.1694665490535831875, 1013.574498462433326 ) ) ;
#788 = DIRECTION ( 'NONE',  ( 1.000000000000000000, 0.000000000000000000, 0.000000000000000000 ) ) ;
#789 = MECHANICAL_DESIGN_GEOMETRIC_PRESENTATION_REPRESENTATION (  '', ( #546 ), #2755 ) ;
#790 = CIRCLE ( 'NONE', #7136, 2.749999999999999112 ) ;
#791 = SURFACE_STYLE_USAGE ( .BOTH. , #1264 ) ;
#792 = EDGE_LOOP ( 'NONE', ( #7133, #1883, #3637, #6346 ) ) ;
#793 = EDGE_CURVE ( 'NONE', #3618, #6929, #2472, .T. ) ;
#794 = SURFACE_STYLE_FILL_AREA ( #4835 ) ;
#795 = DIRECTION ( 'NONE',  ( 0.000000000000000000, -1.000000000000000000, 0.000000000000000000 ) ) ;
#796 = FACE_BOUND ( 'NONE', #1915, .T. ) ;
#797 = SURFACE_STYLE_FILL_AREA ( #3655 ) ;
#798 = CIRCLE ( 'NONE', #1810, 2.750000000000000000 ) ;
#799 = ORIENTED_EDGE ( 'NONE', *, *, #3089, .T. ) ;
#800 = AXIS2_PLACEMENT_3D ( 'NONE', #7547, #4070, #571 ) ;
#801 = CARTESIAN_POINT ( 'NONE',  ( 924.6000000000000227, 23.66758519606850086, 1059.223730556090004 ) ) ;
#802 = DIRECTION ( 'NONE',  ( 0.000000000000000000, -1.000000000000000000, 0.000000000000000000 ) ) ;
#803 = ORIENTED_EDGE ( 'NONE', *, *, #4942, .T. ) ;
#804 = DIRECTION ( 'NONE',  ( -1.000000000000000000, 0.000000000000000000, 0.000000000000000000 ) ) ;
#805 = DIRECTION ( 'NONE',  ( 0.7071067818211391742, 0.7071067805519559712, 0.000000000000000000 ) ) ;
#806 =( LENGTH_UNIT ( ) NAMED_UNIT ( * ) SI_UNIT ( .MILLI., .METRE. ) );
#807 = CIRCLE ( 'NONE', #1928, 2.999999999999999112 ) ;
#808 = DIRECTION ( 'NONE',  ( 0.000000000000000000, 1.000000000000000000, 0.000000000000000000 ) ) ;
#809 = FACE_OUTER_BOUND ( 'NONE', #2955, .T. ) ;
#810 = PRESENTATION_LAYER_ASSIGNMENT (  '', '', ( #3126 ) ) ;
#811 = ORIENTED_EDGE ( 'NONE', *, *, #3452, .T. ) ;
#812 =( GEOMETRIC_REPRESENTATION_CONTEXT ( 3 ) GLOBAL_UNCERTAINTY_ASSIGNED_CONTEXT ( ( #1351 ) ) GLOBAL_UNIT_ASSIGNED_CONTEXT ( ( #4751, #5784, #5898 ) ) REPRESENTATION_CONTEXT ( 'NONE', 'WORKASPACE' ) );
#813 = AXIS2_PLACEMENT_3D ( 'NONE', #904, #6734, #1528 ) ;
#814 = ORIENTED_EDGE ( 'NONE', *, *, #5870, .F. ) ;
#815 = EDGE_CURVE ( 'NONE', #1459, #2144, #2033, .T. ) ;
#816 = ORIENTED_EDGE ( 'NONE', *, *, #5166, .T. ) ;
#817 = SURFACE_STYLE_FILL_AREA ( #165 ) ;
#818 = CARTESIAN_POINT ( 'NONE',  ( 924.6000000000000227, -7.504678258692980108, 1035.623269614950004 ) ) ;
#819 = AXIS2_PLACEMENT_3D ( 'NONE', #3974, #5763, #1731 ) ;
#820 = LINE ( 'NONE', #4353, #349 ) ;
#821 = CARTESIAN_POINT ( 'NONE',  ( 924.5000000000000000, -19.09188309203730327, 1035.908116907959993 ) ) ;
#822 = UNCERTAINTY_MEASURE_WITH_UNIT (LENGTH_MEASURE( 1.000000000000000082E-05 ), #929, 'distance_accuracy_value', 'NONE');
#823 =( NAMED_UNIT ( * ) PLANE_ANGLE_UNIT ( ) SI_UNIT ( $, .RADIAN. ) );
#824 = STYLED_ITEM ( 'NONE', ( #6553 ), #370 ) ;
#825 = EDGE_CURVE ( 'NONE', #3989, #3472, #6998, .T. ) ;
#826 = ORIENTED_EDGE ( 'NONE', *, *, #7484, .F. ) ;
#827 = DIRECTION ( 'NONE',  ( 0.000000000000000000, -1.000000000000000000, 0.000000000000000000 ) ) ;
#828 = LINE ( 'NONE', #3756, #2315 ) ;
#829 = ORIENTED_EDGE ( 'NONE', *, *, #815, .F. ) ;
#830 = DIRECTION ( 'NONE',  ( -1.000000000000000000, 0.000000000000000000, 0.000000000000000000 ) ) ;
#831 = LINE ( 'NONE', #321, #6268 ) ;
#832 = DIRECTION ( 'NONE',  ( 1.000000000000000000, 0.000000000000000000, 0.000000000000000000 ) ) ;
#833 = SURFACE_STYLE_FILL_AREA ( #6051 ) ;
#834 =( LENGTH_UNIT ( ) NAMED_UNIT ( * ) SI_UNIT ( .MILLI., .METRE. ) );
#835 = ADVANCED_FACE ( 'NONE', ( #3029 ), #5307, .T. ) ;
#836 =( NAMED_UNIT ( * ) PLANE_ANGLE_UNIT ( ) SI_UNIT ( $, .RADIAN. ) );
#837 = SURFACE_STYLE_FILL_AREA ( #6711 ) ;
#838 = EDGE_LOOP ( 'NONE', ( #6403, #4110 ) ) ;
#839 = CIRCLE ( 'NONE', #5113, 2.749999999999999112 ) ;
#840 =( NAMED_UNIT ( * ) PLANE_ANGLE_UNIT ( ) SI_UNIT ( $, .RADIAN. ) );
#841 = FACE_OUTER_BOUND ( 'NONE', #1472, .T. ) ;
#842 = FILL_AREA_STYLE ('',( #1548 ) ) ;
#843 = ADVANCED_FACE ( 'NONE', ( #6416, #5912, #538, #2882, #5200, #6958, #576, #1202, #3522, #3400, #3849, #6216, #3924, #423, #2771, #7507, #2129, #4579, #6923, #5090, #5043, #1682 ), #2210, .T. ) ;
#844 = SURFACE_STYLE_FILL_AREA ( #3103 ) ;
#845 =( NAMED_UNIT ( * ) PLANE_ANGLE_UNIT ( ) SI_UNIT ( $, .RADIAN. ) );
#846 = VERTEX_POINT ( 'NONE', #3323 ) ;
#847 =( LENGTH_UNIT ( ) NAMED_UNIT ( * ) SI_UNIT ( .MILLI., .METRE. ) );
#848 = FILL_AREA_STYLE ('',( #6068 ) ) ;
#849 = CIRCLE ( 'NONE', #1475, 2.499999999999946709 ) ;
#850 = AXIS2_PLACEMENT_3D ( 'NONE', #3081, #3648, #4204 ) ;
#851 = EDGE_LOOP ( 'NONE', ( #3068, #139, #6807, #5350 ) ) ;
#852 =( GEOMETRIC_REPRESENTATION_CONTEXT ( 3 ) GLOBAL_UNCERTAINTY_ASSIGNED_CONTEXT ( ( #6001 ) ) GLOBAL_UNIT_ASSIGNED_CONTEXT ( ( #2907, #1415, #6564 ) ) REPRESENTATION_CONTEXT ( 'NONE', 'WORKASPACE' ) );
#853 = EDGE_LOOP ( 'NONE', ( #2137, #3295 ) ) ;
#854 = DIRECTION ( 'NONE',  ( -1.000000000000000000, 0.000000000000000000, 0.000000000000000000 ) ) ;
#855 = FILL_AREA_STYLE ('',( #4388 ) ) ;
#856 = AXIS2_PLACEMENT_3D ( 'NONE', #7460, #7539, #7379 ) ;
#857 = CYLINDRICAL_SURFACE ( 'NONE', #7196, 2.999999999999999112 ) ;
#858 = SURFACE_STYLE_FILL_AREA ( #1406 ) ;
#859 = PRESENTATION_LAYER_ASSIGNMENT (  '', '', ( #242 ) ) ;
#860 = VERTEX_POINT ( 'NONE', #4532 ) ;
#861 = CYLINDRICAL_SURFACE ( 'NONE', #7298, 3.000000000000000000 ) ;
#862 = DIRECTION ( 'NONE',  ( 1.000000000000000000, 0.000000000000000000, 0.000000000000000000 ) ) ;
#863 = VERTEX_POINT ( 'NONE', #5652 ) ;
#864 = CARTESIAN_POINT ( 'NONE',  ( 921.5000000000000000, -19.09188309203659983, 1074.091883092029775 ) ) ;
#865 = SURFACE_SIDE_STYLE ('',( #1490 ) ) ;
#866 = EDGE_CURVE ( 'NONE', #873, #5518, #3446, .T. ) ;
#867 = CARTESIAN_POINT ( 'NONE',  ( 920.1416456863189524, -2.005889790507489945E-13, 1055.000000000000000 ) ) ;
#868 = DIRECTION ( 'NONE',  ( 1.000000000000000000, 0.000000000000000000, 0.000000000000000000 ) ) ;
#869 =( NAMED_UNIT ( * ) SI_UNIT ( $, .STERADIAN. ) SOLID_ANGLE_UNIT ( ) );
#870 = DIRECTION ( 'NONE',  ( -1.000000000000000000, 0.000000000000000000, 0.000000000000000000 ) ) ;
#871 = SURFACE_SIDE_STYLE ('',( #3766 ) ) ;
#872 = MECHANICAL_DESIGN_GEOMETRIC_PRESENTATION_REPRESENTATION (  '', ( #3675 ), #6604 ) ;
#873 = VERTEX_POINT ( 'NONE', #4493 ) ;
#874 =( GEOMETRIC_REPRESENTATION_CONTEXT ( 3 ) GLOBAL_UNCERTAINTY_ASSIGNED_CONTEXT ( ( #4939 ) ) GLOBAL_UNIT_ASSIGNED_CONTEXT ( ( #1630, #4523, #2242 ) ) REPRESENTATION_CONTEXT ( 'NONE', 'WORKASPACE' ) );
#875 = CARTESIAN_POINT ( 'NONE',  ( 924.5000000000000000, 14.20228714123019742, 1032.887367495173066 ) ) ;
#876 = FACE_OUTER_BOUND ( 'NONE', #2701, .T. ) ;
#877 = CARTESIAN_POINT ( 'NONE',  ( 930.0000000000000000, 12.25774349296749932, 1030.942823846909960 ) ) ;
#878 = ADVANCED_FACE ( 'NONE', ( #2844 ), #5126, .T. ) ;
#879 = DIRECTION ( 'NONE',  ( 0.7071067818211389522, -0.7071067805519561933, 8.659560554583428975E-17 ) ) ;
#880 = CARTESIAN_POINT ( 'NONE',  ( 935.2080684910130230, -1.922367854905380091E-13, 1048.228931659660020 ) ) ;
#881 = AXIS2_PLACEMENT_3D ( 'NONE', #1975, #2432, #802 ) ;
#882 = AXIS2_PLACEMENT_3D ( 'NONE', #7399, #893, #5617 ) ;
#883 = DIRECTION ( 'NONE',  ( -1.000000000000000000, 0.000000000000000000, 0.000000000000000000 ) ) ;
#884 = FACE_OUTER_BOUND ( 'NONE', #7436, .T. ) ;
#885 =( NAMED_UNIT ( * ) PLANE_ANGLE_UNIT ( ) SI_UNIT ( $, .RADIAN. ) );
#886 = DIRECTION ( 'NONE',  ( -0.7071067818211391742, -0.7071067805519559712, 0.000000000000000000 ) ) ;
#887 = COLOUR_RGB ( '',0.2000000000000000111, 0.2000000000000000111, 0.2000000000000000111 ) ;
#888 = ADVANCED_FACE ( 'NONE', ( #692 ), #1795, .T. ) ;
#889 = MECHANICAL_DESIGN_GEOMETRIC_PRESENTATION_REPRESENTATION (  '', ( #5622 ), #2111 ) ;
#890 = VERTEX_POINT ( 'NONE', #2361 ) ;
#891 = COLOUR_RGB ( '',0.4000000000000000222, 0.4000000000000000222, 0.4000000000000000222 ) ;
#892 = ORIENTED_EDGE ( 'NONE', *, *, #1361, .F. ) ;
#893 = DIRECTION ( 'NONE',  ( -1.000000000000000000, 0.000000000000000000, 0.000000000000000000 ) ) ;
#894 = DIRECTION ( 'NONE',  ( 1.000000000000000000, 0.000000000000000000, 0.000000000000000000 ) ) ;
#895 = CARTESIAN_POINT ( 'NONE',  ( 930.0000000000000000, -1.223730556086429555, 1081.667585196069922 ) ) ;
#896 =( NAMED_UNIT ( * ) SI_UNIT ( $, .STERADIAN. ) SOLID_ANGLE_UNIT ( ) );
#897 = SURFACE_STYLE_FILL_AREA ( #4429 ) ;
#898 = UNCERTAINTY_MEASURE_WITH_UNIT (LENGTH_MEASURE( 1.000000000000000082E-05 ), #4611, 'distance_accuracy_value', 'NONE');
#899 = FILL_AREA_STYLE_COLOUR ( '', #6970 ) ;
#900 = PRESENTATION_LAYER_ASSIGNMENT (  '', '', ( #2390 ) ) ;
#901 = EDGE_LOOP ( 'NONE', ( #4512, #5173 ) ) ;
#902 = SURFACE_STYLE_FILL_AREA ( #1451 ) ;
#903 = DIRECTION ( 'NONE',  ( 0.000000000000000000, -1.000000000000000000, 0.000000000000000000 ) ) ;
#904 = CARTESIAN_POINT ( 'NONE',  ( 930.0000000000000000, -11.13693180368820101, 1066.136931803690004 ) ) ;
#905 = DIRECTION ( 'NONE',  ( 1.000000000000000000, 0.000000000000000000, 0.000000000000000000 ) ) ;
#906 = AXIS2_PLACEMENT_3D ( 'NONE', #90, #2918, #2405 ) ;
#907 =( LENGTH_UNIT ( ) NAMED_UNIT ( * ) SI_UNIT ( .MILLI., .METRE. ) );
#908 = DIRECTION ( 'NONE',  ( 1.000000000000000000, 0.000000000000000000, 0.000000000000000000 ) ) ;
#909 = PRESENTATION_LAYER_ASSIGNMENT (  '', '', ( #172 ) ) ;
#910 =( LENGTH_UNIT ( ) NAMED_UNIT ( * ) SI_UNIT ( .MILLI., .METRE. ) );
#911 = ORIENTED_EDGE ( 'NONE', *, *, #6589, .F. ) ;
#912 = MECHANICAL_DESIGN_GEOMETRIC_PRESENTATION_REPRESENTATION (  '', ( #4182 ), #5297 ) ;
#913 =( GEOMETRIC_REPRESENTATION_CONTEXT ( 3 ) GLOBAL_UNCERTAINTY_ASSIGNED_CONTEXT ( ( #3644 ) ) GLOBAL_UNIT_ASSIGNED_CONTEXT ( ( #4034, #3480, #73 ) ) REPRESENTATION_CONTEXT ( 'NONE', 'WORKASPACE' ) );
#914 = CARTESIAN_POINT ( 'NONE',  ( 924.5000000000000000, 26.66758519606860034, 1050.776269443909996 ) ) ;
#915 = FILL_AREA_STYLE_COLOUR ( '', #147 ) ;
#916 = MECHANICAL_DESIGN_GEOMETRIC_PRESENTATION_REPRESENTATION (  '', ( #5780 ), #6030 ) ;
#917 = ORIENTED_EDGE ( 'NONE', *, *, #5691, .T. ) ;
#918 = CARTESIAN_POINT ( 'NONE',  ( 924.5000000000000000, -26.66758519606879574, 1059.223730556080000 ) ) ;
#919 = PRESENTATION_STYLE_ASSIGNMENT (( #2202 ) ) ;
#920 = DIRECTION ( 'NONE',  ( 1.000000000000000000, 0.000000000000000000, 0.000000000000000000 ) ) ;
#921 = CARTESIAN_POINT ( 'NONE',  ( 971.5000000000000000, 24.05717615308619983, 1067.257743492970121 ) ) ;
#922 = CIRCLE ( 'NONE', #553, 3.000000000000000000 ) ;
#923 = FACE_OUTER_BOUND ( 'NONE', #3391, .T. ) ;
#924 = ADVANCED_FACE ( 'NONE', ( #4653 ), #83, .T. ) ;
#925 = CARTESIAN_POINT ( 'NONE',  ( 916.5000000000000000, 40.49999999999981526, 1055.000000000000000 ) ) ;
#926 = SURFACE_STYLE_USAGE ( .BOTH. , #1985 ) ;
#927 = PRESENTATION_LAYER_ASSIGNMENT (  '', '', ( #299 ) ) ;
#928 =( NAMED_UNIT ( * ) PLANE_ANGLE_UNIT ( ) SI_UNIT ( $, .RADIAN. ) );
#929 =( LENGTH_UNIT ( ) NAMED_UNIT ( * ) SI_UNIT ( .MILLI., .METRE. ) );
#930 = AXIS2_PLACEMENT_3D ( 'NONE', #4984, #6740, #1533 ) ;
#931 = SURFACE_STYLE_USAGE ( .BOTH. , #5538 ) ;
#932 = FILL_AREA_STYLE ('',( #3853 ) ) ;
#933 = AXIS2_PLACEMENT_3D ( 'NONE', #2614, #6828, #956 ) ;
#934 = ADVANCED_FACE ( 'NONE', ( #5270 ), #5951, .F. ) ;
#935 = ORIENTED_EDGE ( 'NONE', *, *, #7483, .F. ) ;
#936 = DIRECTION ( 'NONE',  ( -0.5342404861781037129, -0.8453325398493680698, 0.000000000000000000 ) ) ;
#937 = EDGE_CURVE ( 'NONE', #4308, #2297, #5423, .T. ) ;
#938 = SURFACE_STYLE_FILL_AREA ( #2140 ) ;
#939 = SURFACE_SIDE_STYLE ('',( #2101 ) ) ;
#940 = COLOUR_RGB ( '',0.4000000000000000222, 0.4000000000000000222, 0.4000000000000000222 ) ;
#941 = PRESENTATION_LAYER_ASSIGNMENT (  '', '', ( #6788 ) ) ;
#942 = EDGE_CURVE ( 'NONE', #7169, #761, #2582, .T. ) ;
#943 = ORIENTED_EDGE ( 'NONE', *, *, #5188, .T. ) ;
#944 = CIRCLE ( 'NONE', #4212, 2.999999999999999112 ) ;
#945 = MECHANICAL_DESIGN_GEOMETRIC_PRESENTATION_REPRESENTATION (  '', ( #4213 ), #6906 ) ;
#946 =( NAMED_UNIT ( * ) PLANE_ANGLE_UNIT ( ) SI_UNIT ( $, .RADIAN. ) );
#947 = DIRECTION ( 'NONE',  ( 0.000000000000000000, 1.000000000000000000, 0.000000000000000000 ) ) ;
#948 = FILL_AREA_STYLE_COLOUR ( '', #5134 ) ;
#949 = DIRECTION ( 'NONE',  ( 1.000000000000000000, 0.000000000000000000, 0.000000000000000000 ) ) ;
#950 = FACE_OUTER_BOUND ( 'NONE', #2896, .T. ) ;
#951 = DIRECTION ( 'NONE',  ( 0.000000000000000000, 0.000000000000000000, -1.000000000000000000 ) ) ;
#952 = ORIENTED_EDGE ( 'NONE', *, *, #3452, .F. ) ;
#953 = CARTESIAN_POINT ( 'NONE',  ( 971.5000000000000000, -12.25774349296740162, 1079.057176153080036 ) ) ;
#954 = LINE ( 'NONE', #290, #7230 ) ;
#955 =( GEOMETRIC_REPRESENTATION_CONTEXT ( 3 ) GLOBAL_UNCERTAINTY_ASSIGNED_CONTEXT ( ( #442 ) ) GLOBAL_UNIT_ASSIGNED_CONTEXT ( ( #4820, #7171, #4092 ) ) REPRESENTATION_CONTEXT ( 'NONE', 'WORKASPACE' ) );
#956 = DIRECTION ( 'NONE',  ( 0.000000000000000000, 1.000000000000000000, 0.000000000000000000 ) ) ;
#957 = ORIENTED_EDGE ( 'NONE', *, *, #5229, .T. ) ;
#958 = FILL_AREA_STYLE ('',( #2200 ) ) ;
#959 = PLANE ( 'NONE',  #4798 ) ;
#960 = DIRECTION ( 'NONE',  ( 0.000000000000000000, -0.1564344650402246517, 0.9876883405951386585 ) ) ;
#961 = DIRECTION ( 'NONE',  ( 1.000000000000000000, 0.000000000000000000, 0.000000000000000000 ) ) ;
#962 = SURFACE_STYLE_FILL_AREA ( #842 ) ;
#963 = CIRCLE ( 'NONE', #2794, 2.999999999999999112 ) ;
#964 = STYLED_ITEM ( 'NONE', ( #2641 ), #2077 ) ;
#965 = DIRECTION ( 'NONE',  ( 0.000000000000000000, -1.000000000000000000, 0.000000000000000000 ) ) ;
#966 =( NAMED_UNIT ( * ) SI_UNIT ( $, .STERADIAN. ) SOLID_ANGLE_UNIT ( ) );
#967 = SURFACE_STYLE_USAGE ( .BOTH. , #6189 ) ;
#968 = UNCERTAINTY_MEASURE_WITH_UNIT (LENGTH_MEASURE( 1.000000000000000082E-05 ), #1165, 'distance_accuracy_value', 'NONE');
#969 = EDGE_CURVE ( 'NONE', #1167, #2851, #2289, .T. ) ;
#970 = PRESENTATION_LAYER_ASSIGNMENT (  '', '', ( #1346 ) ) ;
#971 = ORIENTED_EDGE ( 'NONE', *, *, #6657, .T. ) ;
#972 = ORIENTED_EDGE ( 'NONE', *, *, #4790, .T. ) ;
#973 = LINE ( 'NONE', #6263, #1144 ) ;
#974 = ORIENTED_EDGE ( 'NONE', *, *, #4549, .T. ) ;
#975 = SURFACE_STYLE_FILL_AREA ( #3897 ) ;
#976 = STYLED_ITEM ( 'NONE', ( #3899 ), #2310 ) ;
#977 = CYLINDRICAL_SURFACE ( 'NONE', #728, 2.999999999999999112 ) ;
#978 = DIRECTION ( 'NONE',  ( -1.000000000000000000, 0.000000000000000000, 0.000000000000000000 ) ) ;
#979 = UNCERTAINTY_MEASURE_WITH_UNIT (LENGTH_MEASURE( 1.000000000000000082E-05 ), #1653, 'distance_accuracy_value', 'NONE');
#980 = ADVANCED_FACE ( 'NONE', ( #4846 ), #2999, .F. ) ;
#981 = CIRCLE ( 'NONE', #4987, 2.750000000000000000 ) ;
#982 = ORIENTED_EDGE ( 'NONE', *, *, #3403, .F. ) ;
#983 = DIRECTION ( 'NONE',  ( -1.000000000000000000, 0.000000000000000000, 0.000000000000000000 ) ) ;
#984 = DIRECTION ( 'NONE',  ( 0.000000000000000000, 1.000000000000000000, 0.000000000000000000 ) ) ;
#985 = AXIS2_PLACEMENT_3D ( 'NONE', #640, #6911, #3433 ) ;
#986 = APPLICATION_PROTOCOL_DEFINITION ( 'draft international standard', 'automotive_design', 1998, #2465 ) ;
#987 = EDGE_CURVE ( 'NONE', #5773, #1925, #670, .T. ) ;
#988 = FILL_AREA_STYLE ('',( #6739 ) ) ;
#989 =( NAMED_UNIT ( * ) SI_UNIT ( $, .STERADIAN. ) SOLID_ANGLE_UNIT ( ) );
#990 = CIRCLE ( 'NONE', #4998, 2.749999999999999112 ) ;
#991 = ORIENTED_EDGE ( 'NONE', *, *, #7050, .T. ) ;
#992 = CARTESIAN_POINT ( 'NONE',  ( 924.6000000000000227, -4.223730556086429999, 1081.667585196069922 ) ) ;
#993 = DIRECTION ( 'NONE',  ( 0.000000000000000000, -1.000000000000000000, 0.000000000000000000 ) ) ;
#994 = ORIENTED_EDGE ( 'NONE', *, *, #3256, .F. ) ;
#995 = CARTESIAN_POINT ( 'NONE',  ( 919.5699557853307624, 0.08507676989782540777, 1013.552179375826427 ) ) ;
#996 =( LENGTH_UNIT ( ) NAMED_UNIT ( * ) SI_UNIT ( .MILLI., .METRE. ) );
#997 =( NAMED_UNIT ( * ) SI_UNIT ( $, .STERADIAN. ) SOLID_ANGLE_UNIT ( ) );
#998 = AXIS2_PLACEMENT_3D ( 'NONE', #2344, #2526, #5329 ) ;
#999 = FACE_BOUND ( 'NONE', #6560, .T. ) ;
#1000 =( LENGTH_UNIT ( ) NAMED_UNIT ( * ) SI_UNIT ( .MILLI., .METRE. ) );
#1001 = SURFACE_STYLE_USAGE ( .BOTH. , #6213 ) ;
#1002 = COLOUR_RGB ( '',0.2000000000000000111, 0.2000000000000000111, 0.2000000000000000111 ) ;
#1003 = COLOUR_RGB ( '',0.2000000000000000111, 0.2000000000000000111, 0.2000000000000000111 ) ;
#1004 = FILL_AREA_STYLE ('',( #2128 ) ) ;
#1005 = PRESENTATION_STYLE_ASSIGNMENT (( #3320 ) ) ;
#1006 = PRESENTATION_STYLE_ASSIGNMENT (( #7465 ) ) ;
#1007 = FILL_AREA_STYLE ('',( #2211 ) ) ;
#1008 = CIRCLE ( 'NONE', #5266, 2.500000000000000444 ) ;
#1009 =( NAMED_UNIT ( * ) PLANE_ANGLE_UNIT ( ) SI_UNIT ( $, .RADIAN. ) );
#1010 = COLOUR_RGB ( '',0.2000000000000000111, 0.2000000000000000111, 0.2000000000000000111 ) ;
#1011 = VERTEX_POINT ( 'NONE', #3698 ) ;
#1012 = STYLED_ITEM ( 'NONE', ( #5895 ), #1640 ) ;
#1013 = ORIENTED_EDGE ( 'NONE', *, *, #6101, .F. ) ;
#1014 = CARTESIAN_POINT ( 'NONE',  ( 921.5000000000000000, 1.223730556085989907, 1028.332414803930078 ) ) ;
#1015 = EDGE_LOOP ( 'NONE', ( #4749, #6829 ) ) ;
#1016 = AXIS2_PLACEMENT_3D ( 'NONE', #2563, #4857, #3071 ) ;
#1017 =( LENGTH_UNIT ( ) NAMED_UNIT ( * ) SI_UNIT ( .MILLI., .METRE. ) );
#1018 =( NAMED_UNIT ( * ) PLANE_ANGLE_UNIT ( ) SI_UNIT ( $, .RADIAN. ) );
#1019 = EDGE_CURVE ( 'NONE', #7549, #3490, #922, .T. ) ;
#1020 = ORIENTED_EDGE ( 'NONE', *, *, #2114, .T. ) ;
#1021 = FILL_AREA_STYLE_COLOUR ( '', #2092 ) ;
#1022 = CARTESIAN_POINT ( 'NONE',  ( 930.0000000000000000, -19.09188309203700129, 1074.091883092039780 ) ) ;
#1023 = CYLINDRICAL_SURFACE ( 'NONE', #6230, 2.500000000000000000 ) ;
#1024 = PRESENTATION_LAYER_ASSIGNMENT (  '', '', ( #4281 ) ) ;
#1025 = CIRCLE ( 'NONE', #1016, 2.500000000000000000 ) ;
#1026 = VECTOR ( 'NONE', #2850, 1000.000000000000000 ) ;
#1027 = ORIENTED_EDGE ( 'NONE', *, *, #633, .F. ) ;
#1028 = DIRECTION ( 'NONE',  ( 0.000000000000000000, -0.9876883405951312200, 0.1564344650402722803 ) ) ;
#1029 = CARTESIAN_POINT ( 'NONE',  ( 923.0000000000000000, -15.75000000000000000, 1055.000000000000000 ) ) ;
#1030 = EDGE_CURVE ( 'NONE', #7271, #4732, #2156, .T. ) ;
#1031 = STYLED_ITEM ( 'NONE', ( #5008 ), #4706 ) ;
#1032 = CARTESIAN_POINT ( 'NONE',  ( 923.6000000000000227, -2.010242600179049728E-13, 1055.000000000000000 ) ) ;
#1033 = DIRECTION ( 'NONE',  ( 0.000000000000000000, 1.000000000000000000, 0.000000000000000000 ) ) ;
#1034 = VECTOR ( 'NONE', #5089, 1000.000000000000000 ) ;
#1035 = ORIENTED_EDGE ( 'NONE', *, *, #4841, .F. ) ;
#1036 = EDGE_CURVE ( 'NONE', #4402, #5050, #1979, .T. ) ;
#1037 = ADVANCED_FACE ( 'NONE', ( #4219 ), #6641, .T. ) ;
#1038 = AXIS2_PLACEMENT_3D ( 'NONE', #5119, #7459, #6288 ) ;
#1039 = ORIENTED_EDGE ( 'NONE', *, *, #3722, .F. ) ;
#1040 = CARTESIAN_POINT ( 'NONE',  ( 921.5000000000000000, 1.773462614567606010, 1027.083940929646360 ) ) ;
#1041 = DIRECTION ( 'NONE',  ( 0.000000000000000000, 1.000000000000000000, 0.000000000000000000 ) ) ;
#1042 = CIRCLE ( 'NONE', #6388, 2.750000000000007550 ) ;
#1043 =( NAMED_UNIT ( * ) PLANE_ANGLE_UNIT ( ) SI_UNIT ( $, .RADIAN. ) );
#1044 = FILL_AREA_STYLE ('',( #536 ) ) ;
#1045 = VECTOR ( 'NONE', #4089, 1000.000000000000000 ) ;
#1046 = SURFACE_STYLE_FILL_AREA ( #3920 ) ;
#1047 = DIRECTION ( 'NONE',  ( 0.000000000000000000, -1.000000000000000000, 0.000000000000000000 ) ) ;
#1048 = SURFACE_STYLE_FILL_AREA ( #1638 ) ;
#1049 = UNCERTAINTY_MEASURE_WITH_UNIT (LENGTH_MEASURE( 1.000000000000000082E-05 ), #3263, 'distance_accuracy_value', 'NONE');
#1050 = PRESENTATION_LAYER_ASSIGNMENT (  '', '', ( #3596 ) ) ;
#1051 = CARTESIAN_POINT ( 'NONE',  ( 924.6000000000000227, -0.3507806235855479571, 1024.472685133570167 ) ) ;
#1052 = ORIENTED_EDGE ( 'NONE', *, *, #4602, .T. ) ;
#1053 = PRESENTATION_LAYER_ASSIGNMENT (  '', '', ( #4314 ) ) ;
#1054 = ORIENTED_EDGE ( 'NONE', *, *, #4359, .T. ) ;
#1055 = DIRECTION ( 'NONE',  ( 0.000000000000000000, 0.7071067811865437980, -0.7071067811865513475 ) ) ;
#1056 = EDGE_LOOP ( 'NONE', ( #974, #6502, #4590, #646 ) ) ;
#1057 = STYLED_ITEM ( 'NONE', ( #5369 ), #5953 ) ;
#1058 = ORIENTED_EDGE ( 'NONE', *, *, #4827, .T. ) ;
#1059 = SURFACE_STYLE_USAGE ( .BOTH. , #1733 ) ;
#1060 = SURFACE_STYLE_USAGE ( .BOTH. , #4507 ) ;
#1061 =( NAMED_UNIT ( * ) PLANE_ANGLE_UNIT ( ) SI_UNIT ( $, .RADIAN. ) );
#1062 = CARTESIAN_POINT ( 'NONE',  ( 924.5000000000000000, 4.223730556086679577, 1081.667585196069922 ) ) ;
#1063 = EDGE_LOOP ( 'NONE', ( #7312, #686, #4888, #704 ) ) ;
#1064 = CYLINDRICAL_SURFACE ( 'NONE', #5639, 2.999999999999999112 ) ;
#1065 = PRESENTATION_LAYER_ASSIGNMENT (  '', '', ( #5562 ) ) ;
#1066 = AXIS2_PLACEMENT_3D ( 'NONE', #3450, #3366, #6342 ) ;
#1067 = UNCERTAINTY_MEASURE_WITH_UNIT (LENGTH_MEASURE( 1.000000000000000082E-05 ), #2684, 'distance_accuracy_value', 'NONE');
#1068 = SURFACE_STYLE_USAGE ( .BOTH. , #479 ) ;
#1069 = EDGE_CURVE ( 'NONE', #6945, #1973, #2039, .T. ) ;
#1070 = MECHANICAL_DESIGN_GEOMETRIC_PRESENTATION_REPRESENTATION (  '', ( #5562 ), #4708 ) ;
#1071 =( GEOMETRIC_REPRESENTATION_CONTEXT ( 3 ) GLOBAL_UNCERTAINTY_ASSIGNED_CONTEXT ( ( #6591 ) ) GLOBAL_UNIT_ASSIGNED_CONTEXT ( ( #3120, #68, #1454 ) ) REPRESENTATION_CONTEXT ( 'NONE', 'WORKASPACE' ) );
#1072 = EDGE_LOOP ( 'NONE', ( #6302, #1993, #464, #149 ) ) ;
#1073 = SURFACE_SIDE_STYLE ('',( #7451 ) ) ;
#1074 = CARTESIAN_POINT ( 'NONE',  ( 924.5000000000000000, 24.05717615308569890, 1042.742256507029879 ) ) ;
#1075 = EDGE_LOOP ( 'NONE', ( #1189, #6777 ) ) ;
#1076 =( NAMED_UNIT ( * ) PLANE_ANGLE_UNIT ( ) SI_UNIT ( $, .RADIAN. ) );
#1077 = COLOUR_RGB ( '',0.2000000000000000111, 0.2000000000000000111, 0.2000000000000000111 ) ;
#1078 = CARTESIAN_POINT ( 'NONE',  ( 921.5000000000000000, -12.25774349296800203, 1079.057176153090040 ) ) ;
#1079 = FILL_AREA_STYLE ('',( #5078 ) ) ;
#1080 = FILL_AREA_STYLE_COLOUR ( '', #4560 ) ;
#1081 = CARTESIAN_POINT ( 'NONE',  ( 930.0000000000000000, 16.09188309203670286, 1074.091883092039780 ) ) ;
#1082 = PLANE ( 'NONE',  #1220 ) ;
#1083 = ADVANCED_FACE ( 'NONE', ( #2121 ), #6148, .F. ) ;
#1084 = TOROIDAL_SURFACE ( 'NONE', #706, 40.50000000000000000, 1.000000000000000000 ) ;
#1085 = FILL_AREA_STYLE_COLOUR ( '', #1982 ) ;
#1086 = SURFACE_SIDE_STYLE ('',( #6997 ) ) ;
#1087 = CARTESIAN_POINT ( 'NONE',  ( 924.5000000000000000, 12.25774349296820098, 1079.057176153080036 ) ) ;
#1088 =( LENGTH_UNIT ( ) NAMED_UNIT ( * ) SI_UNIT ( .MILLI., .METRE. ) );
#1089 = CYLINDRICAL_SURFACE ( 'NONE', #3572, 2.749999999999944489 ) ;
#1090 = EDGE_CURVE ( 'NONE', #4538, #2754, #3239, .T. ) ;
#1091 = FACE_OUTER_BOUND ( 'NONE', #4191, .T. ) ;
#1092 = VERTEX_POINT ( 'NONE', #4097 ) ;
#1093 = VERTEX_POINT ( 'NONE', #4410 ) ;
#1094 = ORIENTED_EDGE ( 'NONE', *, *, #1495, .F. ) ;
#1095 = DIRECTION ( 'NONE',  ( -1.000000000000000000, 0.000000000000000000, 0.000000000000000000 ) ) ;
#1096 = CARTESIAN_POINT ( 'NONE',  ( 921.5000000000000000, 23.66758519606850086, 1050.776269443909996 ) ) ;
#1097 = FILL_AREA_STYLE_COLOUR ( '', #7361 ) ;
#1098 = ORIENTED_EDGE ( 'NONE', *, *, #2386, .T. ) ;
#1099 = CARTESIAN_POINT ( 'NONE',  ( 916.5000000000000000, 24.99999999999981881, 1055.000000000000000 ) ) ;
#1100 = DIRECTION ( 'NONE',  ( -0.7911535738303736576, -0.4999999999999997780, 0.3522442655536463518 ) ) ;
#1101 = PRESENTATION_STYLE_ASSIGNMENT (( #3978 ) ) ;
#1102 = MECHANICAL_DESIGN_GEOMETRIC_PRESENTATION_REPRESENTATION (  '', ( #6944 ), #4854 ) ;
#1103 = CARTESIAN_POINT ( 'NONE',  ( 930.0000000000000000, 15.74999999999969802, 1055.000000000000000 ) ) ;
#1104 =( LENGTH_UNIT ( ) NAMED_UNIT ( * ) SI_UNIT ( .MILLI., .METRE. ) );
#1105 = MECHANICAL_DESIGN_GEOMETRIC_PRESENTATION_REPRESENTATION (  '', ( #976 ), #2685 ) ;
#1106 = EDGE_LOOP ( 'NONE', ( #6275, #4303 ) ) ;
#1107 = FILL_AREA_STYLE ('',( #3982 ) ) ;
#1108 = DIRECTION ( 'NONE',  ( 1.000000000000000000, 0.000000000000000000, 0.000000000000000000 ) ) ;
#1109 = FILL_AREA_STYLE ('',( #3948 ) ) ;
#1110 = SURFACE_STYLE_FILL_AREA ( #3985 ) ;
#1111 = SURFACE_STYLE_FILL_AREA ( #1781 ) ;
#1112 = PRESENTATION_LAYER_ASSIGNMENT (  '', '', ( #4010 ) ) ;
#1113 = SURFACE_STYLE_USAGE ( .BOTH. , #3873 ) ;
#1114 = ORIENTED_EDGE ( 'NONE', *, *, #1444, .F. ) ;
#1115 = SURFACE_STYLE_FILL_AREA ( #6323 ) ;
#1116 = ORIENTED_EDGE ( 'NONE', *, *, #4898, .T. ) ;
#1117 = ADVANCED_FACE ( 'NONE', ( #559 ), #2762, .F. ) ;
#1118 = FILL_AREA_STYLE ('',( #2322 ) ) ;
#1119 = PRESENTATION_STYLE_ASSIGNMENT (( #5711 ) ) ;
#1120 = SURFACE_STYLE_FILL_AREA ( #2839 ) ;
#1121 = AXIS2_PLACEMENT_3D ( 'NONE', #1862, #1375, #215 ) ;
#1122 = CARTESIAN_POINT ( 'NONE',  ( 919.7083791506430543, 0.2645303811386465198, 1013.608354412524477 ) ) ;
#1123 = FACE_OUTER_BOUND ( 'NONE', #2456, .T. ) ;
#1124 =( NAMED_UNIT ( * ) SI_UNIT ( $, .STERADIAN. ) SOLID_ANGLE_UNIT ( ) );
#1125 = EDGE_CURVE ( 'NONE', #7168, #248, #3538, .T. ) ;
#1126 = STYLED_ITEM ( 'NONE', ( #1920 ), #3077 ) ;
#1127 = CARTESIAN_POINT ( 'NONE',  ( 921.5000000000000000, 24.05717615308569890, 1042.742256507029879 ) ) ;
#1128 = DIRECTION ( 'NONE',  ( -1.000000000000000000, 0.000000000000000000, 0.000000000000000000 ) ) ;
#1129 = UNCERTAINTY_MEASURE_WITH_UNIT (LENGTH_MEASURE( 1.000000000000000082E-05 ), #3862, 'distance_accuracy_value', 'NONE');
#1130 = DIRECTION ( 'NONE',  ( -1.000000000000000000, 0.000000000000000000, 0.000000000000000000 ) ) ;
#1131 =( GEOMETRIC_REPRESENTATION_CONTEXT ( 3 ) GLOBAL_UNCERTAINTY_ASSIGNED_CONTEXT ( ( #5548 ) ) GLOBAL_UNIT_ASSIGNED_CONTEXT ( ( #5846, #1843, #702 ) ) REPRESENTATION_CONTEXT ( 'NONE', 'WORKASPACE' ) );
#1132 = EDGE_LOOP ( 'NONE', ( #4658, #2295, #146, #4542 ) ) ;
#1133 = ORIENTED_EDGE ( 'NONE', *, *, #7368, .F. ) ;
#1134 =( LENGTH_UNIT ( ) NAMED_UNIT ( * ) SI_UNIT ( .MILLI., .METRE. ) );
#1135 = PRESENTATION_STYLE_ASSIGNMENT (( #3222 ) ) ;
#1136 = FACE_OUTER_BOUND ( 'NONE', #3106, .T. ) ;
#1137 = EDGE_CURVE ( 'NONE', #4538, #4173, #2764, .T. ) ;
#1138 = ORIENTED_EDGE ( 'NONE', *, *, #3216, .T. ) ;
#1139 = DIRECTION ( 'NONE',  ( 0.000000000000000000, 0.8910065241883723397, -0.4539904997395379782 ) ) ;
#1140 = STYLED_ITEM ( 'NONE', ( #648 ), #4159 ) ;
#1141 = SURFACE_SIDE_STYLE ('',( #5104 ) ) ;
#1142 = CARTESIAN_POINT ( 'NONE',  ( 971.5000000000000000, 26.66758519606860034, 1050.776269443909996 ) ) ;
#1143 = CARTESIAN_POINT ( 'NONE',  ( 925.6000000000000227, 20.99999999999981171, 1055.000000000000000 ) ) ;
#1144 = VECTOR ( 'NONE', #2734, 1000.000000000000000 ) ;
#1145 = ORIENTED_EDGE ( 'NONE', *, *, #1036, .T. ) ;
#1146 = CARTESIAN_POINT ( 'NONE',  ( 930.0000000000000000, 9.999999999999809930, 1055.000000000000000 ) ) ;
#1147 =( NAMED_UNIT ( * ) SI_UNIT ( $, .STERADIAN. ) SOLID_ANGLE_UNIT ( ) );
#1148 = UNCERTAINTY_MEASURE_WITH_UNIT (LENGTH_MEASURE( 1.000000000000000082E-05 ), #5952, 'distance_accuracy_value', 'NONE');
#1149 =( NAMED_UNIT ( * ) PLANE_ANGLE_UNIT ( ) SI_UNIT ( $, .RADIAN. ) );
#1150 = AXIS2_PLACEMENT_3D ( 'NONE', #1029, #6277, #2792 ) ;
#1151 = TOROIDAL_SURFACE ( 'NONE', #33, 30.52933015970059927, 1.000000000000000000 ) ;
#1152 = DIRECTION ( 'NONE',  ( -1.000000000000000000, 0.000000000000000000, 0.000000000000000000 ) ) ;
#1153 = ORIENTED_EDGE ( 'NONE', *, *, #3803, .T. ) ;
#1154 = ORIENTED_EDGE ( 'NONE', *, *, #6043, .F. ) ;
#1155 = SURFACE_STYLE_FILL_AREA ( #2280 ) ;
#1156 = CARTESIAN_POINT ( 'NONE',  ( 924.0000000000000000, -1.895899821080849943E-13, 1055.000000000000000 ) ) ;
#1157 =( NAMED_UNIT ( * ) SI_UNIT ( $, .STERADIAN. ) SOLID_ANGLE_UNIT ( ) );
#1158 =( GEOMETRIC_REPRESENTATION_CONTEXT ( 3 ) GLOBAL_UNCERTAINTY_ASSIGNED_CONTEXT ( ( #169 ) ) GLOBAL_UNIT_ASSIGNED_CONTEXT ( ( #611, #5835, #4112 ) ) REPRESENTATION_CONTEXT ( 'NONE', 'WORKASPACE' ) );
#1159 = COLOUR_RGB ( '',0.4000000000000000222, 0.4000000000000000222, 0.4000000000000000222 ) ;
#1160 = CARTESIAN_POINT ( 'NONE',  ( 921.5000000000000000, 12.25774349296770183, 1079.057176153090040 ) ) ;
#1161 =( NAMED_UNIT ( * ) PLANE_ANGLE_UNIT ( ) SI_UNIT ( $, .RADIAN. ) );
#1162 = AXIS2_PLACEMENT_3D ( 'NONE', #5033, #7332, #2088 ) ;
#1163 = SURFACE_STYLE_USAGE ( .BOTH. , #2913 ) ;
#1164 = SURFACE_SIDE_STYLE ('',( #1338 ) ) ;
#1165 =( LENGTH_UNIT ( ) NAMED_UNIT ( * ) SI_UNIT ( .MILLI., .METRE. ) );
#1166 = EDGE_CURVE ( 'NONE', #5100, #5170, #2167, .T. ) ;
#1167 = VERTEX_POINT ( 'NONE', #5681 ) ;
#1168 = SURFACE_STYLE_FILL_AREA ( #5806 ) ;
#1169 = AXIS2_PLACEMENT_3D ( 'NONE', #2616, #7152, #1941 ) ;
#1170 = AXIS2_PLACEMENT_3D ( 'NONE', #5791, #1309, #5228 ) ;
#1171 = ORIENTED_EDGE ( 'NONE', *, *, #1345, .F. ) ;
#1172 = DIRECTION ( 'NONE',  ( 0.000000000000000000, -0.8910065241883723397, -0.4539904997395379227 ) ) ;
#1173 = VECTOR ( 'NONE', #6238, 1000.000000000000000 ) ;
#1174 = SURFACE_SIDE_STYLE ('',( #515 ) ) ;
#1175 = DIRECTION ( 'NONE',  ( 1.000000000000000000, 0.000000000000000000, 0.000000000000000000 ) ) ;
#1176 = CIRCLE ( 'NONE', #5783, 2.499999999999946709 ) ;
#1177 = EDGE_CURVE ( 'NONE', #6576, #3687, #1176, .T. ) ;
#1178 = ADVANCED_FACE ( 'NONE', ( #3316 ), #7396, .T. ) ;
#1179 = TOROIDAL_SURFACE ( 'NONE', #3827, 30.52933015970059927, 1.000000000000000000 ) ;
#1180 = ORIENTED_EDGE ( 'NONE', *, *, #6806, .F. ) ;
#1181 = CARTESIAN_POINT ( 'NONE',  ( 924.5000000000000000, 10.31319984470419548, 1028.998280198647080 ) ) ;
#1182 = SURFACE_SIDE_STYLE ('',( #2343 ) ) ;
#1183 =( NAMED_UNIT ( * ) PLANE_ANGLE_UNIT ( ) SI_UNIT ( $, .RADIAN. ) );
#1184 = AXIS2_PLACEMENT_3D ( 'NONE', #9, #1806, #6428 ) ;
#1185 = CARTESIAN_POINT ( 'NONE',  ( 924.6000000000000227, 24.05717615308580193, 1067.257743492970121 ) ) ;
#1186 =( LENGTH_UNIT ( ) NAMED_UNIT ( * ) SI_UNIT ( .MILLI., .METRE. ) );
#1187 = CIRCLE ( 'NONE', #2772, 2.500000000000000444 ) ;
#1188 = EDGE_CURVE ( 'NONE', #2567, #548, #1420, .T. ) ;
#1189 = ORIENTED_EDGE ( 'NONE', *, *, #5915, .F. ) ;
#1190 = AXIS2_PLACEMENT_3D ( 'NONE', #2544, #1974, #759 ) ;
#1191 = MECHANICAL_DESIGN_GEOMETRIC_PRESENTATION_REPRESENTATION (  '', ( #4580 ), #4705 ) ;
#1192 =( NAMED_UNIT ( * ) PLANE_ANGLE_UNIT ( ) SI_UNIT ( $, .RADIAN. ) );
#1193 = VERTEX_POINT ( 'NONE', #414 ) ;
#1194 = SURFACE_STYLE_FILL_AREA ( #4026 ) ;
#1195 = CARTESIAN_POINT ( 'NONE',  ( 919.5467112853355047, -4.127166807903402707E-07, 1013.544666041327446 ) ) ;
#1196 = AXIS2_PLACEMENT_3D ( 'NONE', #4642, #4025, #7533 ) ;
#1197 = COLOUR_RGB ( '',0.4000000000000000222, 0.4000000000000000222, 0.4000000000000000222 ) ;
#1198 =( NAMED_UNIT ( * ) SI_UNIT ( $, .STERADIAN. ) SOLID_ANGLE_UNIT ( ) );
#1199 = CARTESIAN_POINT ( 'NONE',  ( 924.6000000000000227, 12.25774349296770183, 1079.057176153090040 ) ) ;
#1200 = DIRECTION ( 'NONE',  ( 0.000000000000000000, 1.000000000000000000, 0.000000000000000000 ) ) ;
#1201 = CIRCLE ( 'NONE', #6921, 2.749999999999999112 ) ;
#1202 = FACE_BOUND ( 'NONE', #1262, .T. ) ;
#1203 = FILL_AREA_STYLE_COLOUR ( '', #6124 ) ;
#1204 = DIRECTION ( 'NONE',  ( 0.000000000000000000, 0.1564344650402259007, 0.9876883405951384365 ) ) ;
#1205 = UNCERTAINTY_MEASURE_WITH_UNIT (LENGTH_MEASURE( 1.000000000000000082E-05 ), #5686, 'distance_accuracy_value', 'NONE');
#1206 =( GEOMETRIC_REPRESENTATION_CONTEXT ( 3 ) GLOBAL_UNCERTAINTY_ASSIGNED_CONTEXT ( ( #898 ) ) GLOBAL_UNIT_ASSIGNED_CONTEXT ( ( #4611, #5085, #2284 ) ) REPRESENTATION_CONTEXT ( 'NONE', 'WORKASPACE' ) );
#1207 = SURFACE_STYLE_USAGE ( .BOTH. , #4771 ) ;
#1208 = SURFACE_SIDE_STYLE ('',( #7550 ) ) ;
#1209 = CARTESIAN_POINT ( 'NONE',  ( 924.6000000000000227, -26.66758519606889877, 1050.776269443909996 ) ) ;
#1210 = PRESENTATION_LAYER_ASSIGNMENT (  '', '', ( #4474 ) ) ;
#1211 = VERTEX_POINT ( 'NONE', #2763 ) ;
#1212 = SURFACE_STYLE_FILL_AREA ( #7085 ) ;
#1213 = CARTESIAN_POINT ( 'NONE',  ( 930.0000000000000000, -11.13693180368820101, 1066.136931803690004 ) ) ;
#1214 = DIRECTION ( 'NONE',  ( 0.000000000000000000, -1.000000000000000000, 0.000000000000000000 ) ) ;
#1215 = EDGE_CURVE ( 'NONE', #5135, #4317, #7502, .T. ) ;
#1216 = CARTESIAN_POINT ( 'NONE',  ( 924.6000000000000227, -16.09188309203700129, 1035.908116907959993 ) ) ;
#1217 = VERTEX_POINT ( 'NONE', #5082 ) ;
#1218 = FACE_OUTER_BOUND ( 'NONE', #6592, .T. ) ;
#1219 = SURFACE_SIDE_STYLE ('',( #5249 ) ) ;
#1220 = AXIS2_PLACEMENT_3D ( 'NONE', #6371, #2168, #6330 ) ;
#1221 = B_SPLINE_CURVE_WITH_KNOTS ( 'NONE', 3,
 ( #6130, #5116, #4374, #2086, #7454, #2119, #4336, #5568, #995, #4447 ),
 .UNSPECIFIED., .F., .F.,
 ( 4, 2, 1, 1, 2, 4 ),
 ( 0.5002372365192634396, 0.5314724092368164898, 0.5627075819543696511, 0.6251779273893940392, 0.7501186182597041618, 1.000000000000000000 ),
 .UNSPECIFIED. ) ;
#1222 = DIRECTION ( 'NONE',  ( 0.000000000000000000, -1.000000000000000000, 0.000000000000000000 ) ) ;
#1223 = UNCERTAINTY_MEASURE_WITH_UNIT (LENGTH_MEASURE( 1.000000000000000082E-05 ), #6059, 'distance_accuracy_value', 'NONE');
#1224 = EDGE_CURVE ( 'NONE', #1211, #1301, #7423, .T. ) ;
#1225 = DIRECTION ( 'NONE',  ( 0.000000000000000000, 1.000000000000000000, 0.000000000000000000 ) ) ;
#1226 = PRESENTATION_STYLE_ASSIGNMENT (( #1783 ) ) ;
#1227 = EDGE_LOOP ( 'NONE', ( #2063, #4586 ) ) ;
#1228 = CARTESIAN_POINT ( 'NONE',  ( 971.5000000000000000, -19.09188309203730327, 1035.908116907959993 ) ) ;
#1229 = ORIENTED_EDGE ( 'NONE', *, *, #2025, .T. ) ;
#1230 = CARTESIAN_POINT ( 'NONE',  ( 921.5000000000000000, 12.25774349296820098, 1079.057176153080036 ) ) ;
#1231 = EDGE_CURVE ( 'NONE', #6036, #4119, #798, .T. ) ;
#1232 = PRESENTATION_STYLE_ASSIGNMENT (( #6950 ) ) ;
#1233 = DIRECTION ( 'NONE',  ( 0.000000000000000000, -1.000000000000000000, 0.000000000000000000 ) ) ;
#1234 =( LENGTH_UNIT ( ) NAMED_UNIT ( * ) SI_UNIT ( .MILLI., .METRE. ) );
#1235 = MECHANICAL_DESIGN_GEOMETRIC_PRESENTATION_REPRESENTATION (  '', ( #4379 ), #3421 ) ;
#1236 = ORIENTED_EDGE ( 'NONE', *, *, #6582, .T. ) ;
#1237 = LINE ( 'NONE', #3520, #440 ) ;
#1238 = CYLINDRICAL_SURFACE ( 'NONE', #7480, 20.00000000000000000 ) ;
#1239 = PRESENTATION_LAYER_ASSIGNMENT (  '', '', ( #6697 ) ) ;
#1240 = SURFACE_STYLE_FILL_AREA ( #4617 ) ;
#1241 =( LENGTH_UNIT ( ) NAMED_UNIT ( * ) SI_UNIT ( .MILLI., .METRE. ) );
#1242 = AXIS2_PLACEMENT_3D ( 'NONE', #6316, #3346, #3984 ) ;
#1243 =( NAMED_UNIT ( * ) SI_UNIT ( $, .STERADIAN. ) SOLID_ANGLE_UNIT ( ) );
#1244 = COLOUR_RGB ( '',0.2000000000000000111, 0.2000000000000000111, 0.2000000000000000111 ) ;
#1245 = VERTEX_POINT ( 'NONE', #6914 ) ;
#1246 = CARTESIAN_POINT ( 'NONE',  ( 924.5000000000000000, 12.25774349296719912, 1030.942823846909960 ) ) ;
#1247 =( NAMED_UNIT ( * ) PLANE_ANGLE_UNIT ( ) SI_UNIT ( $, .RADIAN. ) );
#1248 = ORIENTED_EDGE ( 'NONE', *, *, #3793, .F. ) ;
#1249 = FILL_AREA_STYLE ('',( #6385 ) ) ;
#1250 = CARTESIAN_POINT ( 'NONE',  ( 924.6000000000000227, -1.914153048322863915E-13, 1024.894538395877817 ) ) ;
#1251 = DIRECTION ( 'NONE',  ( 0.000000000000000000, 0.8910065241883723397, 0.4539904997395379227 ) ) ;
#1252 = SURFACE_STYLE_USAGE ( .BOTH. , #263 ) ;
#1253 = MECHANICAL_DESIGN_GEOMETRIC_PRESENTATION_REPRESENTATION (  '', ( #2598 ), #874 ) ;
#1254 = SURFACE_SIDE_STYLE ('',( #4777 ) ) ;
#1255 = ORIENTED_EDGE ( 'NONE', *, *, #6738, .T. ) ;
#1256 = STYLED_ITEM ( 'NONE', ( #2170 ), #4099 ) ;
#1257 = DIRECTION ( 'NONE',  ( 0.000000000000000000, -0.7071067811865431318, 0.7071067811865519026 ) ) ;
#1258 = CIRCLE ( 'NONE', #6487, 30.52933015970059927 ) ;
#1259 = FILL_AREA_STYLE ('',( #6474 ) ) ;
#1260 = COLOUR_RGB ( '',0.4000000000000000222, 0.4000000000000000222, 0.4000000000000000222 ) ;
#1261 = EDGE_CURVE ( 'NONE', #3898, #1497, #6032, .T. ) ;
#1262 = EDGE_LOOP ( 'NONE', ( #189, #1438 ) ) ;
#1263 = COLOUR_RGB ( '',0.2000000000000000111, 0.2000000000000000111, 0.2000000000000000111 ) ;
#1264 = SURFACE_SIDE_STYLE ('',( #638 ) ) ;
#1265 = EDGE_LOOP ( 'NONE', ( #7320, #7238 ) ) ;
#1266 = DIRECTION ( 'NONE',  ( 0.000000000000000000, 0.4539904997395713404, 0.8910065241883554643 ) ) ;
#1267 = STYLED_ITEM ( 'NONE', ( #1005 ), #4082 ) ;
#1268 = DIRECTION ( 'NONE',  ( 0.000000000000000000, 1.000000000000000000, 0.000000000000000000 ) ) ;
#1269 = DIRECTION ( 'NONE',  ( -1.000000000000000000, 0.000000000000000000, 0.000000000000000000 ) ) ;
#1270 = FILL_AREA_STYLE ('',( #5368 ) ) ;
#1271 =( NAMED_UNIT ( * ) PLANE_ANGLE_UNIT ( ) SI_UNIT ( $, .RADIAN. ) );
#1272 = CIRCLE ( 'NONE', #5036, 2.499999999999946709 ) ;
#1273 = EDGE_CURVE ( 'NONE', #761, #1727, #4928, .T. ) ;
#1274 = ORIENTED_EDGE ( 'NONE', *, *, #1791, .T. ) ;
#1275 = EDGE_CURVE ( 'NONE', #4102, #2832, #56, .T. ) ;
#1276 = CARTESIAN_POINT ( 'NONE',  ( 924.6000000000000227, -19.09188309203700129, 1074.091883092039780 ) ) ;
#1277 = SURFACE_STYLE_FILL_AREA ( #1871 ) ;
#1278 = LINE ( 'NONE', #4725, #4058 ) ;
#1279 = DIRECTION ( 'NONE',  ( 1.000000000000000000, 0.000000000000000000, 0.000000000000000000 ) ) ;
#1280 = PRESENTATION_LAYER_ASSIGNMENT (  '', '', ( #3578 ) ) ;
#1281 = TOROIDAL_SURFACE ( 'NONE', #2030, 21.00000000000000000, 1.000000000000000000 ) ;
#1282 = ORIENTED_EDGE ( 'NONE', *, *, #937, .T. ) ;
#1283 = FILL_AREA_STYLE_COLOUR ( '', #1159 ) ;
#1284 = ORIENTED_EDGE ( 'NONE', *, *, #6989, .F. ) ;
#1285 = DIRECTION ( 'NONE',  ( 0.000000000000000000, 0.000000000000000000, -1.000000000000000000 ) ) ;
#1286 = DIRECTION ( 'NONE',  ( 0.000000000000000000, 1.000000000000000000, 0.000000000000000000 ) ) ;
#1287 = CARTESIAN_POINT ( 'NONE',  ( 924.6000000000000227, 9.257743492967499321, 1030.942823846909960 ) ) ;
#1288 = PRESENTATION_LAYER_ASSIGNMENT (  '', '', ( #5300 ) ) ;
#1289 = LINE ( 'NONE', #2444, #1929 ) ;
#1290 = STYLED_ITEM ( 'NONE', ( #6374 ), #781 ) ;
#1291 = MECHANICAL_DESIGN_GEOMETRIC_PRESENTATION_REPRESENTATION (  '', ( #6145 ), #913 ) ;
#1292 = EDGE_LOOP ( 'NONE', ( #44, #1559 ) ) ;
#1293 = CARTESIAN_POINT ( 'NONE',  ( 930.0000000000000000, 11.13693180368799851, 1041.363068196310223 ) ) ;
#1294 = PRESENTATION_LAYER_ASSIGNMENT (  '', '', ( #5665 ) ) ;
#1295 = DIRECTION ( 'NONE',  ( 1.000000000000000000, 0.000000000000000000, 0.000000000000000000 ) ) ;
#1296 =( NAMED_UNIT ( * ) SI_UNIT ( $, .STERADIAN. ) SOLID_ANGLE_UNIT ( ) );
#1297 = UNCERTAINTY_MEASURE_WITH_UNIT (LENGTH_MEASURE( 1.000000000000000082E-05 ), #4454, 'distance_accuracy_value', 'NONE');
#1298 = LINE ( 'NONE', #3610, #3177 ) ;
#1299 = VECTOR ( 'NONE', #920, 1000.000000000000000 ) ;
#1300 = CYLINDRICAL_SURFACE ( 'NONE', #5986, 2.999999999999999112 ) ;
#1301 = VERTEX_POINT ( 'NONE', #3842 ) ;
#1302 = CARTESIAN_POINT ( 'NONE',  ( 920.0639519587550694, 0.6099565113297392704, 1013.916662150702564 ) ) ;
#1303 = DIRECTION ( 'NONE',  ( 0.000000000000000000, -0.8910065241883721177, 0.4539904997395385333 ) ) ;
#1304 = AXIS2_PLACEMENT_3D ( 'NONE', #821, #6692, #1483 ) ;
#1305 = COLOUR_RGB ( '',0.2000000000000000111, 0.2000000000000000111, 0.2000000000000000111 ) ;
#1306 = ORIENTED_EDGE ( 'NONE', *, *, #7220, .F. ) ;
#1307 = FACE_BOUND ( 'NONE', #5997, .T. ) ;
#1308 = EDGE_CURVE ( 'NONE', #2851, #1167, #3593, .T. ) ;
#1309 = DIRECTION ( 'NONE',  ( 1.000000000000000000, 0.000000000000000000, 0.000000000000000000 ) ) ;
#1310 = CARTESIAN_POINT ( 'NONE',  ( 921.5000000000000000, 22.11263250482320331, 1069.202287141233228 ) ) ;
#1311 = ORIENTED_EDGE ( 'NONE', *, *, #2529, .F. ) ;
#1312 = DIRECTION ( 'NONE',  ( 1.000000000000000000, 0.000000000000000000, 0.000000000000000000 ) ) ;
#1313 = SURFACE_STYLE_USAGE ( .BOTH. , #4143 ) ;
#1314 = AXIS2_PLACEMENT_3D ( 'NONE', #6871, #7370, #2238 ) ;
#1315 = FILL_AREA_STYLE ('',( #6677 ) ) ;
#1316 = PRESENTATION_STYLE_ASSIGNMENT (( #1904 ) ) ;
#1317 = EDGE_CURVE ( 'NONE', #1211, #3989, #790, .T. ) ;
#1318 = MECHANICAL_DESIGN_GEOMETRIC_PRESENTATION_REPRESENTATION (  '', ( #4462 ), #5812 ) ;
#1319 = STYLED_ITEM ( 'NONE', ( #2825 ), #6543 ) ;
#1320 = SURFACE_SIDE_STYLE ('',( #4923 ) ) ;
#1321 = SURFACE_SIDE_STYLE ('',( #6581 ) ) ;
#1322 = DIRECTION ( 'NONE',  ( 1.000000000000000000, 0.000000000000000000, 0.000000000000000000 ) ) ;
#1323 = ORIENTED_EDGE ( 'NONE', *, *, #5926, .T. ) ;
#1324 =( NAMED_UNIT ( * ) SI_UNIT ( $, .STERADIAN. ) SOLID_ANGLE_UNIT ( ) );
#1325 =( NAMED_UNIT ( * ) SI_UNIT ( $, .STERADIAN. ) SOLID_ANGLE_UNIT ( ) );
#1326 = CARTESIAN_POINT ( 'NONE',  ( 921.5000000000000000, -26.00171980134929228, 1044.686800155292985 ) ) ;
#1327 = EDGE_CURVE ( 'NONE', #96, #5900, #288, .T. ) ;
#1328 = CARTESIAN_POINT ( 'NONE',  ( 924.5000000000000000, 12.25774349296820098, 1079.057176153080036 ) ) ;
#1329 = VERTEX_POINT ( 'NONE', #4609 ) ;
#1330 = DIRECTION ( 'NONE',  ( 0.000000000000000000, 0.000000000000000000, 1.000000000000000000 ) ) ;
#1331 =( LENGTH_UNIT ( ) NAMED_UNIT ( * ) SI_UNIT ( .MILLI., .METRE. ) );
#1332 = PRESENTATION_LAYER_ASSIGNMENT (  '', '', ( #4605 ) ) ;
#1333 = ORIENTED_EDGE ( 'NONE', *, *, #2869, .T. ) ;
#1334 = DIRECTION ( 'NONE',  ( -1.000000000000000000, 1.258636124801849761E-16, 0.000000000000000000 ) ) ;
#1335 = DIRECTION ( 'NONE',  ( 0.000000000000000000, -1.000000000000000000, 0.000000000000000000 ) ) ;
#1336 = ORIENTED_EDGE ( 'NONE', *, *, #3856, .T. ) ;
#1337 = CARTESIAN_POINT ( 'NONE',  ( 921.5000000000000000, -12.25774349296839993, 1030.942823846909960 ) ) ;
#1338 = SURFACE_STYLE_FILL_AREA ( #612 ) ;
#1339 = PRESENTATION_STYLE_ASSIGNMENT (( #4291 ) ) ;
#1340 = PRESENTATION_LAYER_ASSIGNMENT (  '', '', ( #6944 ) ) ;
#1341 = DIRECTION ( 'NONE',  ( 1.000000000000000000, 0.000000000000000000, 0.000000000000000000 ) ) ;
#1342 = FACE_OUTER_BOUND ( 'NONE', #3600, .T. ) ;
#1343 = DIRECTION ( 'NONE',  ( 1.000000000000000000, 0.000000000000000000, 0.000000000000000000 ) ) ;
#1344 = ORIENTED_EDGE ( 'NONE', *, *, #3350, .T. ) ;
#1345 = EDGE_CURVE ( 'NONE', #3387, #7069, #1797, .T. ) ;
#1346 = STYLED_ITEM ( 'NONE', ( #1708 ), #2205 ) ;
#1347 = CYLINDRICAL_SURFACE ( 'NONE', #4456, 2.750000000000004885 ) ;
#1348 = SURFACE_STYLE_FILL_AREA ( #3659 ) ;
#1349 = ORIENTED_EDGE ( 'NONE', *, *, #1977, .T. ) ;
#1350 = CARTESIAN_POINT ( 'NONE',  ( 921.5000000000000000, -1.773462614567775875, 1082.916059070353640 ) ) ;
#1351 = UNCERTAINTY_MEASURE_WITH_UNIT (LENGTH_MEASURE( 1.000000000000000082E-05 ), #4751, 'distance_accuracy_value', 'NONE');
#1352 = FILL_AREA_STYLE ('',( #3060 ) ) ;
#1353 = AXIS2_PLACEMENT_3D ( 'NONE', #4733, #3001, #5320 ) ;
#1354 = EDGE_CURVE ( 'NONE', #6300, #5702, #3218, .T. ) ;
#1355 = PRESENTATION_STYLE_ASSIGNMENT (( #5384 ) ) ;
#1356 = MECHANICAL_DESIGN_GEOMETRIC_PRESENTATION_REPRESENTATION (  '', ( #2925 ), #5246 ) ;
#1357 = EDGE_LOOP ( 'NONE', ( #2732, #4989 ) ) ;
#1358 = CARTESIAN_POINT ( 'NONE',  ( 921.5000000000000000, -26.66758519606879574, 1059.223730556080000 ) ) ;
#1359 = CARTESIAN_POINT ( 'NONE',  ( 930.0000000000000000, 11.13693180368799851, 1043.863068196310223 ) ) ;
#1360 = STYLED_ITEM ( 'NONE', ( #1817 ), #2936 ) ;
#1361 = EDGE_CURVE ( 'NONE', #1011, #3687, #3548, .T. ) ;
#1362 = EDGE_LOOP ( 'NONE', ( #3895, #389, #2441, #3121 ) ) ;
#1363 = CARTESIAN_POINT ( 'NONE',  ( 924.6000000000000227, 7.223730556085990351, 1028.332414803930078 ) ) ;
#1364 = SURFACE_SIDE_STYLE ('',( #1959 ) ) ;
#1365 = UNCERTAINTY_MEASURE_WITH_UNIT (LENGTH_MEASURE( 1.000000000000000082E-05 ), #6491, 'distance_accuracy_value', 'NONE');
#1366 = CARTESIAN_POINT ( 'NONE',  ( 924.6000000000000227, 21.05717615308570245, 1042.742256507029879 ) ) ;
#1367 = AXIS2_PLACEMENT_3D ( 'NONE', #3183, #1448, #2184 ) ;
#1368 = PRESENTATION_STYLE_ASSIGNMENT (( #7176 ) ) ;
#1369 =( NAMED_UNIT ( * ) PLANE_ANGLE_UNIT ( ) SI_UNIT ( $, .RADIAN. ) );
#1370 = AXIS2_PLACEMENT_3D ( 'NONE', #3603, #5925, #2518 ) ;
#1371 = ORIENTED_EDGE ( 'NONE', *, *, #3089, .F. ) ;
#1372 = DIRECTION ( 'NONE',  ( -0.4067366430759855600, 3.204937810639270562E-17, -0.9135454576425182660 ) ) ;
#1373 = SURFACE_STYLE_USAGE ( .BOTH. , #1965 ) ;
#1374 = VERTEX_POINT ( 'NONE', #5864 ) ;
#1375 = DIRECTION ( 'NONE',  ( -1.000000000000000000, 0.000000000000000000, 0.000000000000000000 ) ) ;
#1376 = AXIS2_PLACEMENT_3D ( 'NONE', #2360, #2287, #3521 ) ;
#1377 = DIRECTION ( 'NONE',  ( 1.000000000000000000, 0.000000000000000000, 0.000000000000000000 ) ) ;
#1378 = CIRCLE ( 'NONE', #1775, 2.500000000000000444 ) ;
#1379 = EDGE_LOOP ( 'NONE', ( #2496, #3781 ) ) ;
#1380 = AXIS2_PLACEMENT_3D ( 'NONE', #3515, #1269, #4139 ) ;
#1381 = MECHANICAL_DESIGN_GEOMETRIC_PRESENTATION_REPRESENTATION (  '', ( #1777 ), #641 ) ;
#1382 = EDGE_LOOP ( 'NONE', ( #1248, #991, #6261, #6176 ) ) ;
#1383 = SURFACE_STYLE_USAGE ( .BOTH. , #3199 ) ;
#1384 = FILL_AREA_STYLE_COLOUR ( '', #3223 ) ;
#1385 = SURFACE_SIDE_STYLE ('',( #6608 ) ) ;
#1386 = MECHANICAL_DESIGN_GEOMETRIC_PRESENTATION_REPRESENTATION (  '', ( #2852 ), #6994 ) ;
#1387 = ADVANCED_FACE ( 'NONE', ( #7066, #7579 ), #6489, .F. ) ;
#1388 = DIRECTION ( 'NONE',  ( 0.7911535738303733245, 0.5000000000000004441, -0.3522442655536462408 ) ) ;
#1389 = PRESENTATION_LAYER_ASSIGNMENT (  '', '', ( #7117 ) ) ;
#1390 = VERTEX_POINT ( 'NONE', #5830 ) ;
#1391 = PRESENTATION_STYLE_ASSIGNMENT (( #6614 ) ) ;
#1392 = DIRECTION ( 'NONE',  ( 1.000000000000000000, 0.000000000000000000, 0.000000000000000000 ) ) ;
#1393 = FILL_AREA_STYLE_COLOUR ( '', #3119 ) ;
#1394 = COLOUR_RGB ( '',0.2000000000000000111, 0.2000000000000000111, 0.2000000000000000111 ) ;
#1395 = ADVANCED_FACE ( 'NONE', ( #1750 ), #2388, .T. ) ;
#1396 = COLOUR_RGB ( '',0.2000000000000000111, 0.2000000000000000111, 0.2000000000000000111 ) ;
#1397 = EDGE_LOOP ( 'NONE', ( #3569, #2331 ) ) ;
#1398 = SURFACE_SIDE_STYLE ('',( #1994 ) ) ;
#1399 = AXIS2_PLACEMENT_3D ( 'NONE', #1209, #4625, #7121 ) ;
#1400 = AXIS2_PLACEMENT_3D ( 'NONE', #3382, #7362, #949 ) ;
#1401 = DIRECTION ( 'NONE',  ( 0.000000000000000000, -1.000000000000000000, 0.000000000000000000 ) ) ;
#1402 = DIRECTION ( 'NONE',  ( 1.000000000000000000, 0.000000000000000000, 0.000000000000000000 ) ) ;
#1403 = DIRECTION ( 'NONE',  ( 1.000000000000000000, 0.000000000000000000, 0.000000000000000000 ) ) ;
#1404 = PRESENTATION_LAYER_ASSIGNMENT (  '', '', ( #4062 ) ) ;
#1405 = DIRECTION ( 'NONE',  ( 0.000000000000000000, -1.000000000000000000, 0.000000000000000000 ) ) ;
#1406 = FILL_AREA_STYLE ('',( #6625 ) ) ;
#1407 = UNCERTAINTY_MEASURE_WITH_UNIT (LENGTH_MEASURE( 1.000000000000000082E-05 ), #231, 'distance_accuracy_value', 'NONE');
#1408 = EDGE_CURVE ( 'NONE', #6727, #6629, #7294, .T. ) ;
#1409 =( GEOMETRIC_REPRESENTATION_CONTEXT ( 3 ) GLOBAL_UNCERTAINTY_ASSIGNED_CONTEXT ( ( #6863 ) ) GLOBAL_UNIT_ASSIGNED_CONTEXT ( ( #6454, #3591, #1834 ) ) REPRESENTATION_CONTEXT ( 'NONE', 'WORKASPACE' ) );
#1410 =( GEOMETRIC_REPRESENTATION_CONTEXT ( 3 ) GLOBAL_UNCERTAINTY_ASSIGNED_CONTEXT ( ( #741 ) ) GLOBAL_UNIT_ASSIGNED_CONTEXT ( ( #754, #1971, #3726 ) ) REPRESENTATION_CONTEXT ( 'NONE', 'WORKASPACE' ) );
#1411 = AXIS2_PLACEMENT_3D ( 'NONE', #3225, #5558, #5513 ) ;
#1412 = ORIENTED_EDGE ( 'NONE', *, *, #3845, .F. ) ;
#1413 = FACE_OUTER_BOUND ( 'NONE', #2592, .T. ) ;
#1414 = ORIENTED_EDGE ( 'NONE', *, *, #6531, .F. ) ;
#1415 =( NAMED_UNIT ( * ) PLANE_ANGLE_UNIT ( ) SI_UNIT ( $, .RADIAN. ) );
#1416 = FACE_BOUND ( 'NONE', #2269, .T. ) ;
#1417 = CIRCLE ( 'NONE', #7020, 89.99999999999997158 ) ;
#1418 = EDGE_CURVE ( 'NONE', #4707, #5100, #5425, .T. ) ;
#1419 = DIRECTION ( 'NONE',  ( -1.000000000000000000, 0.000000000000000000, 0.000000000000000000 ) ) ;
#1420 = CIRCLE ( 'NONE', #4435, 2.749999999999998668 ) ;
#1421 = STYLED_ITEM ( 'NONE', ( #4571 ), #1943 ) ;
#1422 = ORIENTED_EDGE ( 'NONE', *, *, #4457, .F. ) ;
#1423 =( GEOMETRIC_REPRESENTATION_CONTEXT ( 3 ) GLOBAL_UNCERTAINTY_ASSIGNED_CONTEXT ( ( #968 ) ) GLOBAL_UNIT_ASSIGNED_CONTEXT ( ( #1165, #3447, #2730 ) ) REPRESENTATION_CONTEXT ( 'NONE', 'WORKASPACE' ) );
#1424 =( GEOMETRIC_REPRESENTATION_CONTEXT ( 3 ) GLOBAL_UNCERTAINTY_ASSIGNED_CONTEXT ( ( #1148 ) ) GLOBAL_UNIT_ASSIGNED_CONTEXT ( ( #5952, #3594, #1243 ) ) REPRESENTATION_CONTEXT ( 'NONE', 'WORKASPACE' ) );
#1425 = DIRECTION ( 'NONE',  ( 0.000000000000000000, 0.1564344650402246517, -0.9876883405951386585 ) ) ;
#1426 = FILL_AREA_STYLE ('',( #4180 ) ) ;
#1427 = VERTEX_POINT ( 'NONE', #6016 ) ;
#1428 = CARTESIAN_POINT ( 'NONE',  ( 920.1416456863189524, 40.95505617977508450, 1055.000000000000000 ) ) ;
#1429 = FILL_AREA_STYLE ('',( #1384 ) ) ;
#1430 = COLOUR_RGB ( '',0.2000000000000000111, 0.2000000000000000111, 0.2000000000000000111 ) ;
#1431 = STYLED_ITEM ( 'NONE', ( #7123 ), #6198 ) ;
#1432 = SURFACE_STYLE_FILL_AREA ( #5574 ) ;
#1433 = SURFACE_STYLE_USAGE ( .BOTH. , #4808 ) ;
#1434 =( LENGTH_UNIT ( ) NAMED_UNIT ( * ) SI_UNIT ( .MILLI., .METRE. ) );
#1435 = VECTOR ( 'NONE', #2506, 1000.000000000000000 ) ;
#1436 = PRESENTATION_LAYER_ASSIGNMENT (  '', '', ( #7159 ) ) ;
#1437 = SURFACE_STYLE_FILL_AREA ( #6141 ) ;
#1438 = ORIENTED_EDGE ( 'NONE', *, *, #1670, .F. ) ;
#1439 =( NAMED_UNIT ( * ) SI_UNIT ( $, .STERADIAN. ) SOLID_ANGLE_UNIT ( ) );
#1440 = CIRCLE ( 'NONE', #7288, 3.000000000000000000 ) ;
#1441 = ORIENTED_EDGE ( 'NONE', *, *, #3113, .F. ) ;
#1442 = ORIENTED_EDGE ( 'NONE', *, *, #729, .F. ) ;
#1443 = CARTESIAN_POINT ( 'NONE',  ( 924.5000000000000000, -12.25774349296839993, 1030.942823846909960 ) ) ;
#1444 = EDGE_CURVE ( 'NONE', #6613, #1732, #3190, .T. ) ;
#1445 = MECHANICAL_DESIGN_GEOMETRIC_PRESENTATION_REPRESENTATION (  '', ( #3854 ), #6669 ) ;
#1446 = CARTESIAN_POINT ( 'NONE',  ( 923.0000000000000000, 11.13693180368799851, 1043.863068196310223 ) ) ;
#1447 = UNCERTAINTY_MEASURE_WITH_UNIT (LENGTH_MEASURE( 1.000000000000000082E-05 ), #128, 'distance_accuracy_value', 'NONE');
#1448 = DIRECTION ( 'NONE',  ( -1.000000000000000000, 0.000000000000000000, 0.000000000000000000 ) ) ;
#1449 = AXIS2_PLACEMENT_3D ( 'NONE', #4162, #2448, #3571 ) ;
#1450 = ORIENTED_EDGE ( 'NONE', *, *, #2357, .F. ) ;
#1451 = FILL_AREA_STYLE ('',( #5592 ) ) ;
#1452 = ADVANCED_FACE ( 'NONE', ( #4292 ), #3090, .F. ) ;
#1453 = CARTESIAN_POINT ( 'NONE',  ( 924.5000000000000000, -19.09188309203659983, 1074.091883092029775 ) ) ;
#1454 =( NAMED_UNIT ( * ) SI_UNIT ( $, .STERADIAN. ) SOLID_ANGLE_UNIT ( ) );
#1455 = ORIENTED_EDGE ( 'NONE', *, *, #5224, .T. ) ;
#1456 = CARTESIAN_POINT ( 'NONE',  ( 924.5000000000000000, -12.25774349296740162, 1079.057176153080036 ) ) ;
#1457 = CYLINDRICAL_SURFACE ( 'NONE', #2639, 3.000000000000000888 ) ;
#1458 = CARTESIAN_POINT ( 'NONE',  ( 921.5000000000000000, -16.64161515051927864, 1034.659643033676275 ) ) ;
#1459 = VERTEX_POINT ( 'NONE', #3795 ) ;
#1460 = EDGE_CURVE ( 'NONE', #4387, #6107, #6638, .T. ) ;
#1461 = DIRECTION ( 'NONE',  ( 1.000000000000000000, 0.000000000000000000, 0.000000000000000000 ) ) ;
#1462 = FILL_AREA_STYLE_COLOUR ( '', #4200 ) ;
#1463 = EDGE_LOOP ( 'NONE', ( #1412, #237, #1730, #1306 ) ) ;
#1464 = DIRECTION ( 'NONE',  ( 0.000000000000000000, -0.8910065241883723397, -0.4539904997395379227 ) ) ;
#1465 =( LENGTH_UNIT ( ) NAMED_UNIT ( * ) SI_UNIT ( .MILLI., .METRE. ) );
#1466 = DIRECTION ( 'NONE',  ( 1.000000000000000000, 0.000000000000000000, 0.000000000000000000 ) ) ;
#1467 = SURFACE_SIDE_STYLE ('',( #962 ) ) ;
#1468 = MECHANICAL_DESIGN_GEOMETRIC_PRESENTATION_REPRESENTATION (  '', ( #7316 ), #7070 ) ;
#1469 = DIRECTION ( 'NONE',  ( 0.000000000000000000, 1.000000000000000000, 0.000000000000000000 ) ) ;
#1470 = CARTESIAN_POINT ( 'NONE',  ( 924.5000000000000000, 6.939873492723325654, 1082.097779974930518 ) ) ;
#1471 = DIRECTION ( 'NONE',  ( 1.000000000000000000, 0.000000000000000000, 0.000000000000000000 ) ) ;
#1472 = EDGE_LOOP ( 'NONE', ( #3430, #5363, #7369, #2 ) ) ;
#1473 = DIRECTION ( 'NONE',  ( 1.000000000000000000, 0.000000000000000000, 0.000000000000000000 ) ) ;
#1474 =( NAMED_UNIT ( * ) SI_UNIT ( $, .STERADIAN. ) SOLID_ANGLE_UNIT ( ) );
#1475 = AXIS2_PLACEMENT_3D ( 'NONE', #5242, #1804, #1285 ) ;
#1476 = ORIENTED_EDGE ( 'NONE', *, *, #6521, .T. ) ;
#1477 = CIRCLE ( 'NONE', #5720, 3.000000000000000000 ) ;
#1478 = EDGE_LOOP ( 'NONE', ( #6824, #3876 ) ) ;
#1479 = DIRECTION ( 'NONE',  ( -1.000000000000000000, 0.000000000000000000, 0.000000000000000000 ) ) ;
#1480 = DIRECTION ( 'NONE',  ( -1.000000000000000000, 0.000000000000000000, 0.000000000000000000 ) ) ;
#1481 = COLOUR_RGB ( '',0.2000000000000000111, 0.2000000000000000111, 0.2000000000000000111 ) ;
#1482 = DIRECTION ( 'NONE',  ( 1.000000000000000000, 0.000000000000000000, 0.000000000000000000 ) ) ;
#1483 = DIRECTION ( 'NONE',  ( 0.000000000000000000, -0.8910065241883721177, 0.4539904997395385333 ) ) ;
#1484 = CARTESIAN_POINT ( 'NONE',  ( 919.2511829564709842, 41.49999999999981526, 1055.000000000000000 ) ) ;
#1485 = CIRCLE ( 'NONE', #5726, 20.00000000000000000 ) ;
#1486 = PRODUCT_DEFINITION ( 'æœ', '', #7495, #2122 ) ;
#1487 = ORIENTED_EDGE ( 'NONE', *, *, #6582, .F. ) ;
#1488 = CIRCLE ( 'NONE', #3779, 2.750000000000000000 ) ;
#1489 = PRESENTATION_STYLE_ASSIGNMENT (( #468 ) ) ;
#1490 = SURFACE_STYLE_FILL_AREA ( #2706 ) ;
#1491 = DIRECTION ( 'NONE',  ( -1.000000000000000000, 0.000000000000000000, 0.000000000000000000 ) ) ;
#1492 =( LENGTH_UNIT ( ) NAMED_UNIT ( * ) SI_UNIT ( .MILLI., .METRE. ) );
#1493 = CYLINDRICAL_SURFACE ( 'NONE', #2174, 2.999999999999999112 ) ;
#1494 = DIRECTION ( 'NONE',  ( -1.000000000000000000, 0.000000000000000000, 0.000000000000000000 ) ) ;
#1495 = EDGE_CURVE ( 'NONE', #7299, #2735, #7366, .T. ) ;
#1496 = CIRCLE ( 'NONE', #4032, 2.999999999999999112 ) ;
#1497 = VERTEX_POINT ( 'NONE', #1458 ) ;
#1498 = MECHANICAL_DESIGN_GEOMETRIC_PRESENTATION_REPRESENTATION (  '', ( #2709 ), #3788 ) ;
#1499 = PRESENTATION_LAYER_ASSIGNMENT (  '', '', ( #2001 ) ) ;
#1500 = SURFACE_STYLE_USAGE ( .BOTH. , #3836 ) ;
#1501 = ORIENTED_EDGE ( 'NONE', *, *, #3803, .F. ) ;
#1502 = CARTESIAN_POINT ( 'NONE',  ( 921.5000000000000000, 10.31319984470420259, 1028.998280198647080 ) ) ;
#1503 =( GEOMETRIC_REPRESENTATION_CONTEXT ( 3 ) GLOBAL_UNCERTAINTY_ASSIGNED_CONTEXT ( ( #3786 ) ) GLOBAL_UNIT_ASSIGNED_CONTEXT ( ( #3690, #4870, #4208 ) ) REPRESENTATION_CONTEXT ( 'NONE', 'WORKASPACE' ) );
#1504 = DIRECTION ( 'NONE',  ( 1.000000000000000000, 0.000000000000000000, 0.000000000000000000 ) ) ;
#1505 = CARTESIAN_POINT ( 'NONE',  ( 924.5000000000000000, 24.48737093194633019, 1045.458399443666622 ) ) ;
#1506 = UNCERTAINTY_MEASURE_WITH_UNIT (LENGTH_MEASURE( 1.000000000000000082E-05 ), #6084, 'distance_accuracy_value', 'NONE');
#1507 =( NAMED_UNIT ( * ) SI_UNIT ( $, .STERADIAN. ) SOLID_ANGLE_UNIT ( ) );
#1508 = DIRECTION ( 'NONE',  ( 0.000000000000000000, -1.000000000000000000, 0.000000000000000000 ) ) ;
#1509 = ADVANCED_FACE ( 'NONE', ( #5481 ), #1932, .T. ) ;
#1510 = EDGE_CURVE ( 'NONE', #2735, #7299, #5039, .T. ) ;
#1511 = STYLED_ITEM ( 'NONE', ( #1788 ), #4400 ) ;
#1512 = AXIS2_PLACEMENT_3D ( 'NONE', #478, #3344, #3425 ) ;
#1513 = CARTESIAN_POINT ( 'NONE',  ( 930.0000000000000000, -7.223730556086429999, 1028.332414803930078 ) ) ;
#1514 = PLANE ( 'NONE',  #6289 ) ;
#1515 = ORIENTED_EDGE ( 'NONE', *, *, #7315, .F. ) ;
#1516 =( GEOMETRIC_REPRESENTATION_CONTEXT ( 3 ) GLOBAL_UNCERTAINTY_ASSIGNED_CONTEXT ( ( #1129 ) ) GLOBAL_UNIT_ASSIGNED_CONTEXT ( ( #3862, #1018, #3334 ) ) REPRESENTATION_CONTEXT ( 'NONE', 'WORKASPACE' ) );
#1517 = ORIENTED_EDGE ( 'NONE', *, *, #3439, .F. ) ;
#1518 = CARTESIAN_POINT ( 'NONE',  ( 924.5000000000000000, 24.05717615308619983, 1067.257743492970121 ) ) ;
#1519 = DIRECTION ( 'NONE',  ( 1.000000000000000000, 0.000000000000000000, 0.000000000000000000 ) ) ;
#1520 = DIRECTION ( 'NONE',  ( -1.000000000000000000, 0.000000000000000000, 0.000000000000000000 ) ) ;
#1521 = UNCERTAINTY_MEASURE_WITH_UNIT (LENGTH_MEASURE( 1.000000000000000082E-05 ), #6845, 'distance_accuracy_value', 'NONE');
#1522 = SURFACE_STYLE_FILL_AREA ( #2102 ) ;
#1523 = MECHANICAL_DESIGN_GEOMETRIC_PRESENTATION_REPRESENTATION (  '', ( #3807 ), #1158 ) ;
#1524 = AXIS2_PLACEMENT_3D ( 'NONE', #5125, #6800, #1680 ) ;
#1525 = ORIENTED_EDGE ( 'NONE', *, *, #2678, .F. ) ;
#1526 = CIRCLE ( 'NONE', #4421, 2.500000000000000000 ) ;
#1527 =( LENGTH_UNIT ( ) NAMED_UNIT ( * ) SI_UNIT ( .MILLI., .METRE. ) );
#1528 = DIRECTION ( 'NONE',  ( 0.000000000000000000, 1.000000000000000000, 0.000000000000000000 ) ) ;
#1529 = SURFACE_STYLE_USAGE ( .BOTH. , #865 ) ;
#1530 = COLOUR_RGB ( '',0.2000000000000000111, 0.2000000000000000111, 0.2000000000000000111 ) ;
#1531 =( NAMED_UNIT ( * ) PLANE_ANGLE_UNIT ( ) SI_UNIT ( $, .RADIAN. ) );
#1532 = DIRECTION ( 'NONE',  ( -1.000000000000000000, 0.000000000000000000, 0.000000000000000000 ) ) ;
#1533 = DIRECTION ( 'NONE',  ( 0.000000000000000000, 1.000000000000000000, 0.000000000000000000 ) ) ;
#1534 = CARTESIAN_POINT ( 'NONE',  ( 930.0000000000000000, 24.05717615308569890, 1042.742256507029879 ) ) ;
#1535 = ORIENTED_EDGE ( 'NONE', *, *, #6806, .T. ) ;
#1536 = MECHANICAL_DESIGN_GEOMETRIC_PRESENTATION_REPRESENTATION (  '', ( #4807 ), #7267 ) ;
#1537 = COLOUR_RGB ( '',0.2000000000000000111, 0.2000000000000000111, 0.2000000000000000111 ) ;
#1538 = DIRECTION ( 'NONE',  ( 0.000000000000000000, 0.000000000000000000, 1.000000000000000000 ) ) ;
#1539 = AXIS2_PLACEMENT_3D ( 'NONE', #4869, #6961, #2537 ) ;
#1540 = ORIENTED_EDGE ( 'NONE', *, *, #7033, .T. ) ;
#1541 = ADVANCED_FACE ( 'NONE', ( #3950 ), #2192, .F. ) ;
#1542 = DIRECTION ( 'NONE',  ( 1.000000000000000000, 0.000000000000000000, 0.000000000000000000 ) ) ;
#1543 = CARTESIAN_POINT ( 'NONE',  ( 924.6000000000000227, -0.1000000000001910055, 1024.828660585990065 ) ) ;
#1544 = SURFACE_SIDE_STYLE ('',( #2931 ) ) ;
#1545 = DIRECTION ( 'NONE',  ( 1.000000000000000000, 0.000000000000000000, 0.000000000000000000 ) ) ;
#1546 = DIRECTION ( 'NONE',  ( 0.000000000000000000, 0.4539904997395713404, 0.8910065241883554643 ) ) ;
#1547 = AXIS2_PLACEMENT_3D ( 'NONE', #1717, #3358, #2204 ) ;
#1548 = FILL_AREA_STYLE_COLOUR ( '', #4422 ) ;
#1549 = AXIS2_PLACEMENT_3D ( 'NONE', #3404, #5721, #4001 ) ;
#1550 = DIRECTION ( 'NONE',  ( 1.000000000000000000, 0.000000000000000000, 0.000000000000000000 ) ) ;
#1551 =( LENGTH_UNIT ( ) NAMED_UNIT ( * ) SI_UNIT ( .MILLI., .METRE. ) );
#1552 = EDGE_CURVE ( 'NONE', #6861, #6727, #1873, .T. ) ;
#1553 = AXIS2_PLACEMENT_3D ( 'NONE', #2067, #6114, #4276 ) ;
#1554 = CYLINDRICAL_SURFACE ( 'NONE', #2976, 3.000000000000000000 ) ;
#1555 = FILL_AREA_STYLE ('',( #6761 ) ) ;
#1556 =( NAMED_UNIT ( * ) SI_UNIT ( $, .STERADIAN. ) SOLID_ANGLE_UNIT ( ) );
#1557 =( NAMED_UNIT ( * ) PLANE_ANGLE_UNIT ( ) SI_UNIT ( $, .RADIAN. ) );
#1558 = COLOUR_RGB ( '',0.2000000000000000111, 0.2000000000000000111, 0.2000000000000000111 ) ;
#1559 = ORIENTED_EDGE ( 'NONE', *, *, #3026, .F. ) ;
#1560 = AXIS2_PLACEMENT_3D ( 'NONE', #7049, #6587, #703 ) ;
#1561 = ORIENTED_EDGE ( 'NONE', *, *, #4736, .F. ) ;
#1562 = SURFACE_STYLE_USAGE ( .BOTH. , #4969 ) ;
#1563 = ORIENTED_EDGE ( 'NONE', *, *, #1090, .F. ) ;
#1564 = FILL_AREA_STYLE ('',( #3288 ) ) ;
#1565 = CARTESIAN_POINT ( 'NONE',  ( 912.0000000000000000, 41.50000000000000000, 1055.000000000000000 ) ) ;
#1566 = EDGE_CURVE ( 'NONE', #4667, #5618, #4770, .T. ) ;
#1567 = DIRECTION ( 'NONE',  ( 0.000000000000000000, -0.7071067811865431318, 0.7071067811865519026 ) ) ;
#1568 = PRESENTATION_LAYER_ASSIGNMENT (  '', '', ( #4829 ) ) ;
#1569 = CIRCLE ( 'NONE', #4094, 41.50000000000000000 ) ;
#1570 = ORIENTED_EDGE ( 'NONE', *, *, #7426, .F. ) ;
#1571 = STYLED_ITEM ( 'NONE', ( #3686 ), #7380 ) ;
#1572 = COLOUR_RGB ( '',0.2000000000000000111, 0.2000000000000000111, 0.2000000000000000111 ) ;
#1573 = DIRECTION ( 'NONE',  ( 0.000000000000000000, 0.000000000000000000, 1.000000000000000000 ) ) ;
#1574 = CARTESIAN_POINT ( 'NONE',  ( 921.5000000000000000, -26.66758519606889877, 1050.776269443909996 ) ) ;
#1575 = MECHANICAL_DESIGN_GEOMETRIC_PRESENTATION_REPRESENTATION (  '', ( #3632 ), #955 ) ;
#1576 = CARTESIAN_POINT ( 'NONE',  ( 930.0000000000000000, 19.09188309203650036, 1035.908116907959993 ) ) ;
#1577 = FACE_OUTER_BOUND ( 'NONE', #4466, .T. ) ;
#1578 = DIRECTION ( 'NONE',  ( 1.000000000000000000, 0.000000000000000000, 0.000000000000000000 ) ) ;
#1579 =( NAMED_UNIT ( * ) PLANE_ANGLE_UNIT ( ) SI_UNIT ( $, .RADIAN. ) );
#1580 = COLOUR_RGB ( '',0.4000000000000000222, 0.4000000000000000222, 0.4000000000000000222 ) ;
#1581 = SURFACE_STYLE_USAGE ( .BOTH. , #6925 ) ;
#1582 = EDGE_LOOP ( 'NONE', ( #816, #7198, #5247, #1442 ) ) ;
#1583 = CARTESIAN_POINT ( 'NONE',  ( 930.0000000000000000, 15.25774349296750110, 1030.942823846909960 ) ) ;
#1584 = SURFACE_STYLE_USAGE ( .BOTH. , #411 ) ;
#1585 = SURFACE_SIDE_STYLE ('',( #6832 ) ) ;
#1586 = UNCERTAINTY_MEASURE_WITH_UNIT (LENGTH_MEASURE( 1.000000000000000082E-05 ), #3977, 'distance_accuracy_value', 'NONE');
#1587 = SURFACE_STYLE_FILL_AREA ( #3357 ) ;
#1588 = SURFACE_STYLE_USAGE ( .BOTH. , #2166 ) ;
#1589 = LINE ( 'NONE', #5683, #5235 ) ;
#1590 = COLOUR_RGB ( '',0.2000000000000000111, 0.2000000000000000111, 0.2000000000000000111 ) ;
#1591 = EDGE_CURVE ( 'NONE', #4132, #1427, #6903, .T. ) ;
#1592 = PRESENTATION_LAYER_ASSIGNMENT (  '', '', ( #3397 ) ) ;
#1593 = FACE_OUTER_BOUND ( 'NONE', #6095, .T. ) ;
#1594 = CARTESIAN_POINT ( 'NONE',  ( 921.5000000000000000, 19.09188309203650036, 1035.908116907959993 ) ) ;
#1595 = LINE ( 'NONE', #498, #5530 ) ;
#1596 = DIRECTION ( 'NONE',  ( -1.000000000000000000, 0.000000000000000000, 0.000000000000000000 ) ) ;
#1597 = UNCERTAINTY_MEASURE_WITH_UNIT (LENGTH_MEASURE( 1.000000000000000082E-05 ), #996, 'distance_accuracy_value', 'NONE');
#1598 =( NAMED_UNIT ( * ) SI_UNIT ( $, .STERADIAN. ) SOLID_ANGLE_UNIT ( ) );
#1599 = CARTESIAN_POINT ( 'NONE',  ( 924.5393258426970533, -0.4950567504594161061, 1024.131613179890110 ) ) ;
#1600 = MECHANICAL_DESIGN_GEOMETRIC_PRESENTATION_REPRESENTATION (  '', ( #1346 ), #4735 ) ;
#1601 = ADVANCED_FACE ( 'NONE', ( #950 ), #444, .F. ) ;
#1602 = ORIENTED_EDGE ( 'NONE', *, *, #3810, .F. ) ;
#1603 = VERTEX_POINT ( 'NONE', #3986 ) ;
#1604 = DIRECTION ( 'NONE',  ( 1.000000000000000000, 0.000000000000000000, 0.000000000000000000 ) ) ;
#1605 = EDGE_LOOP ( 'NONE', ( #3372, #4243, #6078, #3330 ) ) ;
#1606 = CARTESIAN_POINT ( 'NONE',  ( 921.5000000000000000, 1.507587619450033722, 1081.237390417209554 ) ) ;
#1607 = AXIS2_PLACEMENT_3D ( 'NONE', #2022, #1392, #7272 ) ;
#1608 = ORIENTED_EDGE ( 'NONE', *, *, #3439, .T. ) ;
#1609 = FILL_AREA_STYLE ('',( #1021 ) ) ;
#1610 = UNCERTAINTY_MEASURE_WITH_UNIT (LENGTH_MEASURE( 1.000000000000000082E-05 ), #4287, 'distance_accuracy_value', 'NONE');
#1611 = CARTESIAN_POINT ( 'NONE',  ( 930.0000000000000000, 16.09188309203650036, 1035.908116907959993 ) ) ;
#1612 = ADVANCED_FACE ( 'NONE', ( #2151 ), #4399, .F. ) ;
#1613 = COLOUR_RGB ( '',0.4000000000000000222, 0.4000000000000000222, 0.4000000000000000222 ) ;
#1614 = ORIENTED_EDGE ( 'NONE', *, *, #3248, .T. ) ;
#1615 =( GEOMETRIC_REPRESENTATION_CONTEXT ( 3 ) GLOBAL_UNCERTAINTY_ASSIGNED_CONTEXT ( ( #5183 ) ) GLOBAL_UNIT_ASSIGNED_CONTEXT ( ( #7503, #5575, #5972 ) ) REPRESENTATION_CONTEXT ( 'NONE', 'WORKASPACE' ) );
#1616 = CARTESIAN_POINT ( 'NONE',  ( 930.0000000000000000, 4.223730556086159993, 1081.667585196069922 ) ) ;
#1617 = CARTESIAN_POINT ( 'NONE',  ( 912.0000000000000000, -1.880796187583229742E-13, 1055.000000000000000 ) ) ;
#1618 = CARTESIAN_POINT ( 'NONE',  ( 921.5000000000000000, 27.05717615308569890, 1042.742256507029879 ) ) ;
#1619 = UNCERTAINTY_MEASURE_WITH_UNIT (LENGTH_MEASURE( 1.000000000000000082E-05 ), #2992, 'distance_accuracy_value', 'NONE');
#1620 =( NAMED_UNIT ( * ) SI_UNIT ( $, .STERADIAN. ) SOLID_ANGLE_UNIT ( ) );
#1621 = AXIS2_PLACEMENT_3D ( 'NONE', #5145, #5820, #4636 ) ;
#1622 = DIRECTION ( 'NONE',  ( 0.000000000000000000, -1.000000000000000000, 0.000000000000000000 ) ) ;
#1623 =( LENGTH_UNIT ( ) NAMED_UNIT ( * ) SI_UNIT ( .MILLI., .METRE. ) );
#1624 = AXIS2_PLACEMENT_3D ( 'NONE', #3010, #7128, #5937 ) ;
#1625 = EDGE_LOOP ( 'NONE', ( #3837, #2392, #5355, #5782 ) ) ;
#1626 =( NAMED_UNIT ( * ) SI_UNIT ( $, .STERADIAN. ) SOLID_ANGLE_UNIT ( ) );
#1627 = PRESENTATION_STYLE_ASSIGNMENT (( #2196 ) ) ;
#1628 = ORIENTED_EDGE ( 'NONE', *, *, #304, .T. ) ;
#1629 =( LENGTH_UNIT ( ) NAMED_UNIT ( * ) SI_UNIT ( .MILLI., .METRE. ) );
#1630 =( LENGTH_UNIT ( ) NAMED_UNIT ( * ) SI_UNIT ( .MILLI., .METRE. ) );
#1631 = VECTOR ( 'NONE', #2018, 1000.000000000000000 ) ;
#1632 = STYLED_ITEM ( 'NONE', ( #6140 ), #4123 ) ;
#1633 = AXIS2_PLACEMENT_3D ( 'NONE', #5570, #3356, #6793 ) ;
#1634 = PLANE ( 'NONE',  #4992 ) ;
#1635 = CARTESIAN_POINT ( 'NONE',  ( 924.6000000000000227, -29.66758519606889877, 1059.223730556090004 ) ) ;
#1636 = DIRECTION ( 'NONE',  ( 1.000000000000000000, 0.000000000000000000, 0.000000000000000000 ) ) ;
#1637 = COLOUR_RGB ( '',0.2000000000000000111, 0.2000000000000000111, 0.2000000000000000111 ) ;
#1638 = FILL_AREA_STYLE ('',( #6838 ) ) ;
#1639 = SURFACE_SIDE_STYLE ('',( #6839 ) ) ;
#1640 = ADVANCED_FACE ( 'NONE', ( #3508 ), #6477, .T. ) ;
#1641 = MECHANICAL_DESIGN_GEOMETRIC_PRESENTATION_REPRESENTATION (  '', ( #7485 ), #5389 ) ;
#1642 = SURFACE_STYLE_FILL_AREA ( #463 ) ;
#1643 = COLOUR_RGB ( '',0.2000000000000000111, 0.2000000000000000111, 0.2000000000000000111 ) ;
#1644 = CARTESIAN_POINT ( 'NONE',  ( 924.5000000000000000, -16.64161515051927864, 1034.659643033676275 ) ) ;
#1645 = EDGE_LOOP ( 'NONE', ( #4716, #450 ) ) ;
#1646 = EDGE_LOOP ( 'NONE', ( #3660, #386, #6266, #5539 ) ) ;
#1647 = ORIENTED_EDGE ( 'NONE', *, *, #6481, .T. ) ;
#1648 = AXIS2_PLACEMENT_3D ( 'NONE', #3215, #1402, #274 ) ;
#1649 = FACE_BOUND ( 'NONE', #6458, .T. ) ;
#1650 = EDGE_LOOP ( 'NONE', ( #943, #6150 ) ) ;
#1651 = CYLINDRICAL_SURFACE ( 'NONE', #7445, 2.999999999999999112 ) ;
#1652 = DIRECTION ( 'NONE',  ( -0.5342404861781037129, 0.8453325398493680698, 0.000000000000000000 ) ) ;
#1653 =( LENGTH_UNIT ( ) NAMED_UNIT ( * ) SI_UNIT ( .MILLI., .METRE. ) );
#1654 = EDGE_CURVE ( 'NONE', #3879, #2118, #1378, .T. ) ;
#1655 = STYLED_ITEM ( 'NONE', ( #5758 ), #1771 ) ;
#1656 = COLOUR_RGB ( '',0.2000000000000000111, 0.2000000000000000111, 0.2000000000000000111 ) ;
#1657 = EDGE_LOOP ( 'NONE', ( #210, #1052, #911, #935 ) ) ;
#1658 = SURFACE_SIDE_STYLE ('',( #3424 ) ) ;
#1659 = FACE_OUTER_BOUND ( 'NONE', #7125, .T. ) ;
#1660 = ADVANCED_FACE ( 'NONE', ( #6981 ), #1300, .F. ) ;
#1661 = CARTESIAN_POINT ( 'NONE',  ( 924.6000000000000227, -1.223730556086429555, 1081.667585196069922 ) ) ;
#1662 = SURFACE_STYLE_USAGE ( .BOTH. , #6784 ) ;
#1663 = SURFACE_STYLE_FILL_AREA ( #7367 ) ;
#1664 = COLOUR_RGB ( '',0.2000000000000000111, 0.2000000000000000111, 0.2000000000000000111 ) ;
#1665 = ORIENTED_EDGE ( 'NONE', *, *, #315, .F. ) ;
#1666 =( NAMED_UNIT ( * ) PLANE_ANGLE_UNIT ( ) SI_UNIT ( $, .RADIAN. ) );
#1667 =( GEOMETRIC_REPRESENTATION_CONTEXT ( 3 ) GLOBAL_UNCERTAINTY_ASSIGNED_CONTEXT ( ( #5399 ) ) GLOBAL_UNIT_ASSIGNED_CONTEXT ( ( #1551, #7463, #966 ) ) REPRESENTATION_CONTEXT ( 'NONE', 'WORKASPACE' ) );
#1668 = ORIENTED_EDGE ( 'NONE', *, *, #2861, .F. ) ;
#1669 =( NAMED_UNIT ( * ) PLANE_ANGLE_UNIT ( ) SI_UNIT ( $, .RADIAN. ) );
#1670 = EDGE_CURVE ( 'NONE', #1767, #6172, #631, .T. ) ;
#1671 = FILL_AREA_STYLE ('',( #6179 ) ) ;
#1672 = CIRCLE ( 'NONE', #2878, 3.000000000000000888 ) ;
#1673 = DIRECTION ( 'NONE',  ( 1.000000000000000000, 0.000000000000000000, 0.000000000000000000 ) ) ;
#1674 = DIRECTION ( 'NONE',  ( 1.000000000000000000, 0.000000000000000000, 0.000000000000000000 ) ) ;
#1675 = DIRECTION ( 'NONE',  ( -1.000000000000000000, 0.000000000000000000, 0.000000000000000000 ) ) ;
#1676 = AXIS2_PLACEMENT_3D ( 'NONE', #7028, #4069, #2354 ) ;
#1677 = AXIS2_PLACEMENT_3D ( 'NONE', #7336, #2123, #5271 ) ;
#1678 = SURFACE_STYLE_USAGE ( .BOTH. , #6139 ) ;
#1679 =( LENGTH_UNIT ( ) NAMED_UNIT ( * ) SI_UNIT ( .MILLI., .METRE. ) );
#1680 = DIRECTION ( 'NONE',  ( 0.000000000000000000, -1.000000000000000000, 0.000000000000000000 ) ) ;
#1681 = STYLED_ITEM ( 'NONE', ( #5251 ), #1083 ) ;
#1682 = FACE_BOUND ( 'NONE', #3019, .T. ) ;
#1683 =( NAMED_UNIT ( * ) SI_UNIT ( $, .STERADIAN. ) SOLID_ANGLE_UNIT ( ) );
#1684 = UNCERTAINTY_MEASURE_WITH_UNIT (LENGTH_MEASURE( 1.000000000000000082E-05 ), #5440, 'distance_accuracy_value', 'NONE');
#1685 = CIRCLE ( 'NONE', #5909, 10.00000000000000000 ) ;
#1686 = CARTESIAN_POINT ( 'NONE',  ( 924.6000000000000227, -21.05717615308610391, 1042.742256507029879 ) ) ;
#1687 = DIRECTION ( 'NONE',  ( 0.000000000000000000, -1.000000000000000000, 0.000000000000000000 ) ) ;
#1688 = ORIENTED_EDGE ( 'NONE', *, *, #4176, .F. ) ;
#1689 = ORIENTED_EDGE ( 'NONE', *, *, #4745, .T. ) ;
#1690 = AXIS2_PLACEMENT_3D ( 'NONE', #502, #6340, #5757 ) ;
#1691 = DIRECTION ( 'NONE',  ( 1.000000000000000000, 0.000000000000000000, 0.000000000000000000 ) ) ;
#1692 = ORIENTED_EDGE ( 'NONE', *, *, #7368, .T. ) ;
#1693 = FACE_OUTER_BOUND ( 'NONE', #3754, .T. ) ;
#1694 = PRESENTATION_STYLE_ASSIGNMENT (( #6891 ) ) ;
#1695 = FACE_OUTER_BOUND ( 'NONE', #2589, .T. ) ;
#1696 = SURFACE_SIDE_STYLE ('',( #4509 ) ) ;
#1697 =( GEOMETRIC_REPRESENTATION_CONTEXT ( 3 ) GLOBAL_UNCERTAINTY_ASSIGNED_CONTEXT ( ( #1049 ) ) GLOBAL_UNIT_ASSIGNED_CONTEXT ( ( #3263, #4440, #4013 ) ) REPRESENTATION_CONTEXT ( 'NONE', 'WORKASPACE' ) );
#1698 = ADVANCED_FACE ( 'NONE', ( #5003 ), #2527, .T. ) ;
#1699 = ORIENTED_EDGE ( 'NONE', *, *, #5142, .F. ) ;
#1700 = FILL_AREA_STYLE ('',( #2823 ) ) ;
#1701 = CYLINDRICAL_SURFACE ( 'NONE', #2498, 2.999999999999999112 ) ;
#1702 = CIRCLE ( 'NONE', #5928, 3.000000000000000000 ) ;
#1703 = STYLED_ITEM ( 'NONE', ( #5521 ), #6337 ) ;
#1704 = UNCERTAINTY_MEASURE_WITH_UNIT (LENGTH_MEASURE( 1.000000000000000082E-05 ), #3180, 'distance_accuracy_value', 'NONE');
#1705 = CARTESIAN_POINT ( 'NONE',  ( 930.0000000000000000, 15.74999999999969802, 1057.499999999999773 ) ) ;
#1706 = SHAPE_DEFINITION_REPRESENTATION ( #4738, #5614 ) ;
#1707 =( LENGTH_UNIT ( ) NAMED_UNIT ( * ) SI_UNIT ( .MILLI., .METRE. ) );
#1708 = PRESENTATION_STYLE_ASSIGNMENT (( #6904 ) ) ;
#1709 =( GEOMETRIC_REPRESENTATION_CONTEXT ( 3 ) GLOBAL_UNCERTAINTY_ASSIGNED_CONTEXT ( ( #3631 ) ) GLOBAL_UNIT_ASSIGNED_CONTEXT ( ( #3118, #715, #2602 ) ) REPRESENTATION_CONTEXT ( 'NONE', 'WORKASPACE' ) );
#1710 = AXIS2_PLACEMENT_3D ( 'NONE', #4436, #3298, #357 ) ;
#1711 = EDGE_CURVE ( 'NONE', #5618, #4501, #6804, .T. ) ;
#1712 = ORIENTED_EDGE ( 'NONE', *, *, #6888, .T. ) ;
#1713 = DIRECTION ( 'NONE',  ( 0.000000000000000000, 1.000000000000000000, 0.000000000000000000 ) ) ;
#1714 = ORIENTED_EDGE ( 'NONE', *, *, #4745, .F. ) ;
#1715 =( NAMED_UNIT ( * ) SI_UNIT ( $, .STERADIAN. ) SOLID_ANGLE_UNIT ( ) );
#1716 = DIRECTION ( 'NONE',  ( 0.000000000000000000, 1.000000000000000000, 0.000000000000000000 ) ) ;
#1717 = CARTESIAN_POINT ( 'NONE',  ( 930.0000000000000000, -1.903451637829659917E-13, 1055.000000000000000 ) ) ;
#1718 = CARTESIAN_POINT ( 'NONE',  ( 924.6000000000000227, -0.3507806235855479571, 1024.472685133570167 ) ) ;
#1719 = EDGE_CURVE ( 'NONE', #5884, #3626, #2048, .T. ) ;
#1720 =( GEOMETRIC_REPRESENTATION_CONTEXT ( 3 ) GLOBAL_UNCERTAINTY_ASSIGNED_CONTEXT ( ( #2377 ) ) GLOBAL_UNIT_ASSIGNED_CONTEXT ( ( #1527, #4282, #3221 ) ) REPRESENTATION_CONTEXT ( 'NONE', 'WORKASPACE' ) );
#1721 = FACE_OUTER_BOUND ( 'NONE', #2254, .T. ) ;
#1722 = DIRECTION ( 'NONE',  ( 1.000000000000000000, 0.000000000000000000, 0.000000000000000000 ) ) ;
#1723 = DIRECTION ( 'NONE',  ( -1.258636124801849761E-16, -1.000000000000000000, 0.000000000000000000 ) ) ;
#1724 = MECHANICAL_DESIGN_GEOMETRIC_PRESENTATION_REPRESENTATION (  '', ( #2197 ), #2440 ) ;
#1725 = DIRECTION ( 'NONE',  ( 0.000000000000000000, -1.000000000000000000, 0.000000000000000000 ) ) ;
#1726 = CARTESIAN_POINT ( 'NONE',  ( 924.5999999999999091, -0.4328771940565237508, 1024.356151553753989 ) ) ;
#1727 = VERTEX_POINT ( 'NONE', #2494 ) ;
#1728 = ORIENTED_EDGE ( 'NONE', *, *, #6100, .T. ) ;
#1729 = CARTESIAN_POINT ( 'NONE',  ( 923.0000000000000000, 11.13693180368799851, 1066.136931803690004 ) ) ;
#1730 = ORIENTED_EDGE ( 'NONE', *, *, #5479, .T. ) ;
#1731 = DIRECTION ( 'NONE',  ( 0.000000000000000000, 1.000000000000000000, 0.000000000000000000 ) ) ;
#1732 = VERTEX_POINT ( 'NONE', #1962 ) ;
#1733 = SURFACE_SIDE_STYLE ('',( #6851 ) ) ;
#1734 = SURFACE_SIDE_STYLE ('',( #5767 ) ) ;
#1735 = CARTESIAN_POINT ( 'NONE',  ( 901.3217388442600395, 38.75463681935350024, 1027.697802833539981 ) ) ;
#1736 = DIRECTION ( 'NONE',  ( 1.000000000000000000, 0.000000000000000000, 0.000000000000000000 ) ) ;
#1737 = DIRECTION ( 'NONE',  ( 0.000000000000000000, 0.1564344650402246517, -0.9876883405951386585 ) ) ;
#1738 = VERTEX_POINT ( 'NONE', #5970 ) ;
#1739 = CYLINDRICAL_SURFACE ( 'NONE', #2435, 2.749999999999998668 ) ;
#1740 = PRESENTATION_LAYER_ASSIGNMENT (  '', '', ( #7319 ) ) ;
#1741 = SURFACE_STYLE_USAGE ( .BOTH. , #1585 ) ;
#1742 = CARTESIAN_POINT ( 'NONE',  ( 930.0000000000000000, 12.25774349296770183, 1079.057176153090040 ) ) ;
#1743 = AXIS2_PLACEMENT_3D ( 'NONE', #4302, #883, #2514 ) ;
#1744 = ORIENTED_EDGE ( 'NONE', *, *, #542, .T. ) ;
#1745 = AXIS2_PLACEMENT_3D ( 'NONE', #2650, #6791, #451 ) ;
#1746 =( NAMED_UNIT ( * ) PLANE_ANGLE_UNIT ( ) SI_UNIT ( $, .RADIAN. ) );
#1747 = EDGE_LOOP ( 'NONE', ( #2486, #5137 ) ) ;
#1748 = FILL_AREA_STYLE ('',( #6948 ) ) ;
#1749 = ADVANCED_FACE ( 'NONE', ( #7310 ), #5581, .F. ) ;
#1750 = FACE_OUTER_BOUND ( 'NONE', #3128, .T. ) ;
#1751 =( NAMED_UNIT ( * ) SI_UNIT ( $, .STERADIAN. ) SOLID_ANGLE_UNIT ( ) );
#1752 =( LENGTH_UNIT ( ) NAMED_UNIT ( * ) SI_UNIT ( .MILLI., .METRE. ) );
#1753 = MECHANICAL_DESIGN_GEOMETRIC_PRESENTATION_REPRESENTATION (  '', ( #2474 ), #1872 ) ;
#1754 = PRESENTATION_STYLE_ASSIGNMENT (( #5752 ) ) ;
#1755 = CARTESIAN_POINT ( 'NONE',  ( 971.5000000000000000, -1.507587619450223126, 1028.762609582790674 ) ) ;
#1756 = AXIS2_PLACEMENT_3D ( 'NONE', #99, #669, #4277 ) ;
#1757 = DIRECTION ( 'NONE',  ( -1.000000000000000000, 0.000000000000000000, 0.000000000000000000 ) ) ;
#1758 = ADVANCED_FACE ( 'NONE', ( #3489 ), #6297, .T. ) ;
#1759 = UNCERTAINTY_MEASURE_WITH_UNIT (LENGTH_MEASURE( 1.000000000000000082E-05 ), #5485, 'distance_accuracy_value', 'NONE');
#1760 = ADVANCED_FACE ( 'NONE', ( #2886 ), #1089, .T. ) ;
#1761 = SURFACE_SIDE_STYLE ('',( #1642 ) ) ;
#1762 =( LENGTH_UNIT ( ) NAMED_UNIT ( * ) SI_UNIT ( .MILLI., .METRE. ) );
#1763 = COLOUR_RGB ( '',0.4000000000000000222, 0.4000000000000000222, 0.4000000000000000222 ) ;
#1764 = ORIENTED_EDGE ( 'NONE', *, *, #5543, .T. ) ;
#1765 = EDGE_LOOP ( 'NONE', ( #7534, #7078 ) ) ;
#1766 = DIRECTION ( 'NONE',  ( 1.000000000000000000, 0.000000000000000000, 0.000000000000000000 ) ) ;
#1767 = VERTEX_POINT ( 'NONE', #1686 ) ;
#1768 =( LENGTH_UNIT ( ) NAMED_UNIT ( * ) SI_UNIT ( .MILLI., .METRE. ) );
#1769 =( GEOMETRIC_REPRESENTATION_CONTEXT ( 3 ) GLOBAL_UNCERTAINTY_ASSIGNED_CONTEXT ( ( #1205 ) ) GLOBAL_UNIT_ASSIGNED_CONTEXT ( ( #5686, #7385, #4455 ) ) REPRESENTATION_CONTEXT ( 'NONE', 'WORKASPACE' ) );
#1770 =( NAMED_UNIT ( * ) PLANE_ANGLE_UNIT ( ) SI_UNIT ( $, .RADIAN. ) );
#1771 = ADVANCED_FACE ( 'NONE', ( #3405, #7509 ), #2773, .F. ) ;
#1772 = AXIS2_PLACEMENT_3D ( 'NONE', #1146, #6973, #5215 ) ;
#1773 = FACE_OUTER_BOUND ( 'NONE', #7260, .T. ) ;
#1774 = DIRECTION ( 'NONE',  ( 0.000000000000000000, -1.000000000000000000, 0.000000000000000000 ) ) ;
#1775 = AXIS2_PLACEMENT_3D ( 'NONE', #7019, #1152, #5779 ) ;
#1776 = AXIS2_PLACEMENT_3D ( 'NONE', #2323, #6951, #1864 ) ;
#1777 = STYLED_ITEM ( 'NONE', ( #6653 ), #3763 ) ;
#1778 = ORIENTED_EDGE ( 'NONE', *, *, #1273, .T. ) ;
#1779 = UNCERTAINTY_MEASURE_WITH_UNIT (LENGTH_MEASURE( 1.000000000000000082E-05 ), #6480, 'distance_accuracy_value', 'NONE');
#1780 =( NAMED_UNIT ( * ) SI_UNIT ( $, .STERADIAN. ) SOLID_ANGLE_UNIT ( ) );
#1781 = FILL_AREA_STYLE ('',( #2346 ) ) ;
#1782 = CIRCLE ( 'NONE', #2711, 2.999999999999999112 ) ;
#1783 = SURFACE_STYLE_USAGE ( .BOTH. , #6363 ) ;
#1784 = VERTEX_POINT ( 'NONE', #727 ) ;
#1785 = EDGE_LOOP ( 'NONE', ( #3789, #584, #2239, #124 ) ) ;
#1786 = AXIS2_PLACEMENT_3D ( 'NONE', #5068, #5147, #4983 ) ;
#1787 =( NAMED_UNIT ( * ) PLANE_ANGLE_UNIT ( ) SI_UNIT ( $, .RADIAN. ) );
#1788 = PRESENTATION_STYLE_ASSIGNMENT (( #6991 ) ) ;
#1789 = LINE ( 'NONE', #5906, #4694 ) ;
#1790 = AXIS2_PLACEMENT_3D ( 'NONE', #2208, #6294, #3962 ) ;
#1791 = EDGE_CURVE ( 'NONE', #2848, #2554, #1846, .T. ) ;
#1792 = CARTESIAN_POINT ( 'NONE',  ( 919.7591758778035000, -0.3229867608364676568, 1013.639448838809358 ) ) ;
#1793 = AXIS2_PLACEMENT_3D ( 'NONE', #3839, #4488, #3312 ) ;
#1794 = PRESENTATION_STYLE_ASSIGNMENT (( #5914 ) ) ;
#1795 = CYLINDRICAL_SURFACE ( 'NONE', #7130, 2.750000000000059508 ) ;
#1796 = COLOUR_RGB ( '',0.4000000000000000222, 0.4000000000000000222, 0.4000000000000000222 ) ;
#1797 = CIRCLE ( 'NONE', #3483, 2.999999999999999112 ) ;
#1798 = ADVANCED_FACE ( 'NONE', ( #3030, #6542 ), #2952, .F. ) ;
#1799 = ORIENTED_EDGE ( 'NONE', *, *, #5317, .F. ) ;
#1800 = PLANE ( 'NONE',  #3194 ) ;
#1801 = STYLED_ITEM ( 'NONE', ( #5571 ), #1117 ) ;
#1802 = CARTESIAN_POINT ( 'NONE',  ( 930.0000000000000000, 1.223730556085989907, 1028.332414803930078 ) ) ;
#1803 = ORIENTED_EDGE ( 'NONE', *, *, #4047, .F. ) ;
#1804 = DIRECTION ( 'NONE',  ( 1.000000000000000000, 0.000000000000000000, 0.000000000000000000 ) ) ;
#1805 = CIRCLE ( 'NONE', #3354, 2.750000000000059064 ) ;
#1806 = DIRECTION ( 'NONE',  ( -0.7911535738303733245, 0.5000000000000002220, 0.3522442655536464073 ) ) ;
#1807 = SURFACE_SIDE_STYLE ('',( #7009 ) ) ;
#1808 = DIRECTION ( 'NONE',  ( 0.000000000000000000, 0.000000000000000000, 1.000000000000000000 ) ) ;
#1809 = PRESENTATION_STYLE_ASSIGNMENT (( #6971 ) ) ;
#1810 = AXIS2_PLACEMENT_3D ( 'NONE', #2324, #4569, #4490 ) ;
#1811 = PRESENTATION_LAYER_ASSIGNMENT (  '', '', ( #6529 ) ) ;
#1812 = CIRCLE ( 'NONE', #4566, 1.000000000000000888 ) ;
#1813 = EDGE_CURVE ( 'NONE', #6926, #104, #1812, .T. ) ;
#1814 = ORIENTED_EDGE ( 'NONE', *, *, #1408, .T. ) ;
#1815 = FACE_OUTER_BOUND ( 'NONE', #3613, .T. ) ;
#1816 = DIRECTION ( 'NONE',  ( 1.000000000000000000, 0.000000000000000000, 0.000000000000000000 ) ) ;
#1817 = PRESENTATION_STYLE_ASSIGNMENT (( #1068 ) ) ;
#1818 = CARTESIAN_POINT ( 'NONE',  ( 930.0000000000000000, -16.09188309203700129, 1074.091883092039780 ) ) ;
#1819 = AXIS2_PLACEMENT_3D ( 'NONE', #60, #629, #3009 ) ;
#1820 = AXIS2_PLACEMENT_3D ( 'NONE', #2859, #7523, #2304 ) ;
#1821 = FILL_AREA_STYLE_COLOUR ( '', #2373 ) ;
#1822 = EDGE_LOOP ( 'NONE', ( #5655, #7025 ) ) ;
#1823 = FILL_AREA_STYLE ('',( #103 ) ) ;
#1824 = ORIENTED_EDGE ( 'NONE', *, *, #5995, .T. ) ;
#1825 = LINE ( 'NONE', #6446, #654 ) ;
#1826 = PRESENTATION_STYLE_ASSIGNMENT (( #6530 ) ) ;
#1827 = AXIS2_PLACEMENT_3D ( 'NONE', #953, #4404, #3877 ) ;
#1828 = STYLED_ITEM ( 'NONE', ( #2278 ), #6391 ) ;
#1829 = FACE_OUTER_BOUND ( 'NONE', #5553, .T. ) ;
#1830 = EDGE_LOOP ( 'NONE', ( #4373, #5498 ) ) ;
#1831 = CYLINDRICAL_SURFACE ( 'NONE', #2953, 2.999999999999999112 ) ;
#1832 = AXIS2_PLACEMENT_3D ( 'NONE', #4906, #788, #3719 ) ;
#1833 = DIRECTION ( 'NONE',  ( -1.000000000000000000, 1.258636124801849761E-16, 0.000000000000000000 ) ) ;
#1834 =( NAMED_UNIT ( * ) SI_UNIT ( $, .STERADIAN. ) SOLID_ANGLE_UNIT ( ) );
#1835 = DIRECTION ( 'NONE',  ( 1.000000000000000000, 0.000000000000000000, 0.000000000000000000 ) ) ;
#1836 = DIRECTION ( 'NONE',  ( 0.000000000000000000, 0.000000000000000000, 1.000000000000000000 ) ) ;
#1837 = AXIS2_PLACEMENT_3D ( 'NONE', #7321, #2038, #356 ) ;
#1838 = DIRECTION ( 'NONE',  ( 1.000000000000000000, 0.000000000000000000, 0.000000000000000000 ) ) ;
#1839 = MECHANICAL_DESIGN_GEOMETRIC_PRESENTATION_REPRESENTATION (  '', ( #5340 ), #3036 ) ;
#1840 = ORIENTED_EDGE ( 'NONE', *, *, #2894, .F. ) ;
#1841 = CYLINDRICAL_SURFACE ( 'NONE', #6821, 2.749999999999998668 ) ;
#1842 = CARTESIAN_POINT ( 'NONE',  ( 930.0000000000000000, -1.903451637829659917E-13, 1055.000000000000000 ) ) ;
#1843 =( NAMED_UNIT ( * ) PLANE_ANGLE_UNIT ( ) SI_UNIT ( $, .RADIAN. ) );
#1844 = ADVANCED_FACE ( 'NONE', ( #84 ), #6423, .F. ) ;
#1845 = CARTESIAN_POINT ( 'NONE',  ( 924.6000000000000227, -27.05717615308610036, 1042.742256507029879 ) ) ;
#1846 = CIRCLE ( 'NONE', #6065, 2.749999999999999112 ) ;
#1847 = ORIENTED_EDGE ( 'NONE', *, *, #5594, .T. ) ;
#1848 = CARTESIAN_POINT ( 'NONE',  ( 930.0000000000000000, 23.66758519606850086, 1059.223730556090004 ) ) ;
#1849 = DIRECTION ( 'NONE',  ( 0.000000000000000000, -1.000000000000000000, 0.000000000000000000 ) ) ;
#1850 = CARTESIAN_POINT ( 'NONE',  ( 921.5000000000000000, 21.05717615308570245, 1042.742256507029879 ) ) ;
#1851 = VECTOR ( 'NONE', #1494, 1000.000000000000000 ) ;
#1852 = UNCERTAINTY_MEASURE_WITH_UNIT (LENGTH_MEASURE( 1.000000000000000082E-05 ), #1017, 'distance_accuracy_value', 'NONE');
#1853 = DIRECTION ( 'NONE',  ( -1.000000000000000000, 0.000000000000000000, 0.000000000000000000 ) ) ;
#1854 = FILL_AREA_STYLE ('',( #4785 ) ) ;
#1855 = EDGE_CURVE ( 'NONE', #5226, #3586, #7076, .T. ) ;
#1856 = EDGE_CURVE ( 'NONE', #1301, #3472, #6849, .T. ) ;
#1857 = PRESENTATION_LAYER_ASSIGNMENT (  '', '', ( #6325 ) ) ;
#1858 = VERTEX_POINT ( 'NONE', #7337 ) ;
#1859 = CLOSED_SHELL ( 'NONE', ( #3584, #5718, #3507, #2273, #2908, #4038, #462, #7561, #4878, #3537, #1178, #2936, #460, #6003, #1612, #2319, #6015, #1749, #19, #2317, #709, #6246, #1117, #7419, #1541, #4847, #1601, #597, #1452, #1660, #5771, #228, #3278, #5177, #1888, #699, #2035, #2251, #4029, #2061, #7097, #7536, #1698, #3077, #4400, #835, #2164, #2455, #275, #6229, #4706, #259, #3198, #3994, #1395, #5436, #3117, #3488, #6858, #3763, #679, #2803, #4326, #5411, #4802, #6955, #924, #3705, #6391, #4597, #3168, #5953, #6076, #2483, #1037, #4220, #2205, #95, #7240, #7132, #2901, #5552, #1509, #5621, #6372, #5391, #698, #878, #7380, #5850, #3031, #250, #2019, #2715, #4099, #888, #6339, #1760, #6439, #4783, #6841, #7194, #4178, #2436, #4887, #1758, #4003, #5532, #3775, #7232, #4756, #7571, #1997, #370, #2625, #3665, #4930, #1083, #166, #6707, #1901, #5346, #6198, #4974, #187, #4209, #2501, #4510, #6867, #1943, #6543, #4260, #3752, #4556, #781, #2077, #5038, #2627, #4082, #934, #1798, #3553, #2150, #4567, #77, #6583, #121, #2310, #1387, #4159, #1771, #6327, #5640, #87, #3464, #563, #3129, #6665, #591, #5080, #5218, #5962, #772, #980, #5276, #3041, #5947, #3635, #4169, #4123, #4689, #209, #5811, #843, #27, #5027, #6237, #6337, #1640, #1844 ) ) ;
#1860 = FILL_AREA_STYLE ('',( #6561 ) ) ;
#1861 = EDGE_LOOP ( 'NONE', ( #5984, #3342, #2975, #6379 ) ) ;
#1862 = CARTESIAN_POINT ( 'NONE',  ( 930.0000000000000000, 11.13693180368799851, 1066.136931803690004 ) ) ;
#1863 = VECTOR ( 'NONE', #5923, 1000.000000000000000 ) ;
#1864 = DIRECTION ( 'NONE',  ( 0.000000000000000000, 0.000000000000000000, 1.000000000000000000 ) ) ;
#1865 = STYLED_ITEM ( 'NONE', ( #5428 ), #27 ) ;
#1866 = SURFACE_STYLE_FILL_AREA ( #4721 ) ;
#1867 = CIRCLE ( 'NONE', #2694, 2.749999999999999112 ) ;
#1868 = VERTEX_POINT ( 'NONE', #2584 ) ;
#1869 = DIRECTION ( 'NONE',  ( 0.000000000000000000, -1.000000000000000000, 0.000000000000000000 ) ) ;
#1870 = PRESENTATION_LAYER_ASSIGNMENT (  '', '', ( #120 ) ) ;
#1871 = FILL_AREA_STYLE ('',( #2990 ) ) ;
#1872 =( GEOMETRIC_REPRESENTATION_CONTEXT ( 3 ) GLOBAL_UNCERTAINTY_ASSIGNED_CONTEXT ( ( #6854 ) ) GLOBAL_UNIT_ASSIGNED_CONTEXT ( ( #2638, #6735, #1620 ) ) REPRESENTATION_CONTEXT ( 'NONE', 'WORKASPACE' ) );
#1873 = CIRCLE ( 'NONE', #6859, 2.999999999999999112 ) ;
#1874 = FILL_AREA_STYLE_COLOUR ( '', #3606 ) ;
#1875 = EDGE_LOOP ( 'NONE', ( #1116, #5598 ) ) ;
#1876 = DIRECTION ( 'NONE',  ( 1.000000000000000000, 0.000000000000000000, 0.000000000000000000 ) ) ;
#1877 = DIRECTION ( 'NONE',  ( -1.000000000000000000, 0.000000000000000000, 0.000000000000000000 ) ) ;
#1878 = ORIENTED_EDGE ( 'NONE', *, *, #1137, .T. ) ;
#1879 = SURFACE_STYLE_FILL_AREA ( #92 ) ;
#1880 = CARTESIAN_POINT ( 'NONE',  ( 924.6000000000000227, 29.66758519606849731, 1059.223730556090004 ) ) ;
#1881 = AXIS2_PLACEMENT_3D ( 'NONE', #4473, #7481, #2857 ) ;
#1882 = DIRECTION ( 'NONE',  ( 1.000000000000000000, 0.000000000000000000, 0.000000000000000000 ) ) ;
#1883 = ORIENTED_EDGE ( 'NONE', *, *, #6004, .T. ) ;
#1884 = SURFACE_STYLE_FILL_AREA ( #6435 ) ;
#1885 = AXIS2_PLACEMENT_3D ( 'NONE', #608, #6920, #5873 ) ;
#1886 = CARTESIAN_POINT ( 'NONE',  ( 924.5000000000000000, -22.11263250482330989, 1040.797712858766772 ) ) ;
#1887 = SURFACE_STYLE_USAGE ( .BOTH. , #1918 ) ;
#1888 = ADVANCED_FACE ( 'NONE', ( #6642 ), #4259, .F. ) ;
#1889 = MECHANICAL_DESIGN_GEOMETRIC_PRESENTATION_REPRESENTATION (  '', ( #4768 ), #5496 ) ;
#1890 = CIRCLE ( 'NONE', #6239, 10.00000000000000000 ) ;
#1891 = ORIENTED_EDGE ( 'NONE', *, *, #6432, .T. ) ;
#1892 = CARTESIAN_POINT ( 'NONE',  ( 920.0024380483192772, 0.5640567166380066055, 1013.843653005485521 ) ) ;
#1893 = EDGE_CURVE ( 'NONE', #2296, #6576, #5607, .T. ) ;
#1894 = STYLED_ITEM ( 'NONE', ( #3983 ), #4510 ) ;
#1895 = ORIENTED_EDGE ( 'NONE', *, *, #2697, .T. ) ;
#1896 = CYLINDRICAL_SURFACE ( 'NONE', #1121, 2.499999999999946709 ) ;
#1897 = FILL_AREA_STYLE_COLOUR ( '', #1010 ) ;
#1898 = SURFACE_STYLE_USAGE ( .BOTH. , #2391 ) ;
#1899 = STYLED_ITEM ( 'NONE', ( #7236 ), #4878 ) ;
#1900 = ORIENTED_EDGE ( 'NONE', *, *, #1719, .F. ) ;
#1901 = ADVANCED_FACE ( 'NONE', ( #923 ), #7304, .T. ) ;
#1902 =( LENGTH_UNIT ( ) NAMED_UNIT ( * ) SI_UNIT ( .MILLI., .METRE. ) );
#1903 = PLANE ( 'NONE',  #5405 ) ;
#1904 = SURFACE_STYLE_USAGE ( .BOTH. , #2434 ) ;
#1905 = UNCERTAINTY_MEASURE_WITH_UNIT (LENGTH_MEASURE( 1.000000000000000082E-05 ), #4972, 'distance_accuracy_value', 'NONE');
#1906 =( NAMED_UNIT ( * ) PLANE_ANGLE_UNIT ( ) SI_UNIT ( $, .RADIAN. ) );
#1907 = PRESENTATION_LAYER_ASSIGNMENT (  '', '', ( #6750 ) ) ;
#1908 = PRESENTATION_STYLE_ASSIGNMENT (( #1207 ) ) ;
#1909 = FACE_OUTER_BOUND ( 'NONE', #2534, .T. ) ;
#1910 = ORIENTED_EDGE ( 'NONE', *, *, #1224, .T. ) ;
#1911 = FILL_AREA_STYLE_COLOUR ( '', #601 ) ;
#1912 = DIRECTION ( 'NONE',  ( 0.000000000000000000, 0.000000000000000000, -1.000000000000000000 ) ) ;
#1913 = DIRECTION ( 'NONE',  ( 0.000000000000000000, 0.9876883405951312200, -0.1564344650402722803 ) ) ;
#1914 = AXIS2_PLACEMENT_3D ( 'NONE', #2433, #3485, #6498 ) ;
#1915 = EDGE_LOOP ( 'NONE', ( #5654, #677 ) ) ;
#1916 = DIRECTION ( 'NONE',  ( -1.000000000000000000, 0.000000000000000000, 0.000000000000000000 ) ) ;
#1917 = MECHANICAL_DESIGN_GEOMETRIC_PRESENTATION_REPRESENTATION (  '', ( #3596 ), #7142 ) ;
#1918 = SURFACE_SIDE_STYLE ('',( #396 ) ) ;
#1919 = UNCERTAINTY_MEASURE_WITH_UNIT (LENGTH_MEASURE( 1.000000000000000082E-05 ), #6188, 'distance_accuracy_value', 'NONE');
#1920 = PRESENTATION_STYLE_ASSIGNMENT (( #710 ) ) ;
#1921 = COLOUR_RGB ( '',0.2000000000000000111, 0.2000000000000000111, 0.2000000000000000111 ) ;
#1922 = COLOUR_RGB ( '',0.2000000000000000111, 0.2000000000000000111, 0.2000000000000000111 ) ;
#1923 = VECTOR ( 'NONE', #6370, 1000.000000000000000 ) ;
#1924 = EDGE_CURVE ( 'NONE', #4475, #427, #5913, .T. ) ;
#1925 = VERTEX_POINT ( 'NONE', #4301 ) ;
#1926 = DIRECTION ( 'NONE',  ( 0.000000000000000000, -1.000000000000000000, 0.000000000000000000 ) ) ;
#1927 = DIRECTION ( 'NONE',  ( 1.000000000000000000, 0.000000000000000000, 0.000000000000000000 ) ) ;
#1928 = AXIS2_PLACEMENT_3D ( 'NONE', #441, #7443, #1222 ) ;
#1929 = VECTOR ( 'NONE', #4230, 1000.000000000000000 ) ;
#1930 = EDGE_LOOP ( 'NONE', ( #2871, #364, #5505, #7574 ) ) ;
#1931 = CARTESIAN_POINT ( 'NONE',  ( 930.0000000000000000, -11.13693180368849944, 1043.863068196310223 ) ) ;
#1932 = PLANE ( 'NONE',  #63 ) ;
#1933 = CARTESIAN_POINT ( 'NONE',  ( 930.0000000000000000, 15.25774349296770183, 1079.057176153090040 ) ) ;
#1934 =( LENGTH_UNIT ( ) NAMED_UNIT ( * ) SI_UNIT ( .MILLI., .METRE. ) );
#1935 = EDGE_CURVE ( 'NONE', #3902, #6790, #5063, .T. ) ;
#1936 = CIRCLE ( 'NONE', #6658, 2.750000000000002665 ) ;
#1937 = CIRCLE ( 'NONE', #3127, 2.999999999999999112 ) ;
#1938 = ORIENTED_EDGE ( 'NONE', *, *, #1069, .T. ) ;
#1939 = VERTEX_POINT ( 'NONE', #5749 ) ;
#1940 = AXIS2_PLACEMENT_3D ( 'NONE', #4679, #7023, #7573 ) ;
#1941 = DIRECTION ( 'NONE',  ( 0.000000000000000000, 1.000000000000000000, 0.000000000000000000 ) ) ;
#1942 = AXIS2_PLACEMENT_3D ( 'NONE', #1074, #2940, #1713 ) ;
#1943 = ADVANCED_FACE ( 'NONE', ( #5713 ), #2325, .F. ) ;
#1944 = EDGE_CURVE ( 'NONE', #3647, #5169, #6573, .T. ) ;
#1945 = PRESENTATION_LAYER_ASSIGNMENT (  '', '', ( #4462 ) ) ;
#1946 = SURFACE_STYLE_USAGE ( .BOTH. , #1320 ) ;
#1947 = CARTESIAN_POINT ( 'NONE',  ( 924.5000000000000000, 26.00171980134919991, 1065.313199844707242 ) ) ;
#1948 = EDGE_LOOP ( 'NONE', ( #7004, #1274, #6484, #88 ) ) ;
#1949 = SURFACE_SIDE_STYLE ('',( #7084 ) ) ;
#1950 = FACE_OUTER_BOUND ( 'NONE', #1785, .T. ) ;
#1951 = DIRECTION ( 'NONE',  ( 0.000000000000000000, 1.000000000000000000, 0.000000000000000000 ) ) ;
#1952 = CARTESIAN_POINT ( 'NONE',  ( 924.6000000000000227, 27.05717615308579838, 1067.257743492970121 ) ) ;
#1953 = ORIENTED_EDGE ( 'NONE', *, *, #645, .F. ) ;
#1954 = ORIENTED_EDGE ( 'NONE', *, *, #3341, .F. ) ;
#1955 = DIRECTION ( 'NONE',  ( 0.000000000000000000, 0.000000000000000000, 1.000000000000000000 ) ) ;
#1956 = CIRCLE ( 'NONE', #4718, 2.749999999999999112 ) ;
#1957 = CARTESIAN_POINT ( 'NONE',  ( 971.5000000000000000, -12.25774349296839993, 1030.942823846909960 ) ) ;
#1958 = CARTESIAN_POINT ( 'NONE',  ( 919.5467112741040410, -0.0006234022417199935277, 1013.544666085203630 ) ) ;
#1959 = SURFACE_STYLE_FILL_AREA ( #4164 ) ;
#1960 = UNCERTAINTY_MEASURE_WITH_UNIT (LENGTH_MEASURE( 1.000000000000000082E-05 ), #6758, 'distance_accuracy_value', 'NONE');
#1961 = VECTOR ( 'NONE', #4544, 1000.000000000000227 ) ;
#1962 = CARTESIAN_POINT ( 'NONE',  ( 921.5000000000000000, 21.05717615308580193, 1067.257743492970121 ) ) ;
#1963 = PRESENTATION_LAYER_ASSIGNMENT (  '', '', ( #964 ) ) ;
#1964 = ORIENTED_EDGE ( 'NONE', *, *, #5580, .T. ) ;
#1965 = SURFACE_SIDE_STYLE ('',( #4283 ) ) ;
#1966 = ORIENTED_EDGE ( 'NONE', *, *, #5401, .F. ) ;
#1967 = FACE_OUTER_BOUND ( 'NONE', #1382, .T. ) ;
#1968 = SURFACE_STYLE_USAGE ( .BOTH. , #2043 ) ;
#1969 = CARTESIAN_POINT ( 'NONE',  ( 930.0000000000000000, 1.223730556086159993, 1081.667585196069922 ) ) ;
#1970 = MECHANICAL_DESIGN_GEOMETRIC_PRESENTATION_REPRESENTATION (  '', ( #6325 ), #4244 ) ;
#1971 =( NAMED_UNIT ( * ) PLANE_ANGLE_UNIT ( ) SI_UNIT ( $, .RADIAN. ) );
#1972 =( NAMED_UNIT ( * ) PLANE_ANGLE_UNIT ( ) SI_UNIT ( $, .RADIAN. ) );
#1973 = VERTEX_POINT ( 'NONE', #1718 ) ;
#1974 = DIRECTION ( 'NONE',  ( 1.000000000000000000, 0.000000000000000000, 0.000000000000000000 ) ) ;
#1975 = CARTESIAN_POINT ( 'NONE',  ( 930.0000000000000000, 12.25774349296770183, 1079.057176153090040 ) ) ;
#1976 = ORIENTED_EDGE ( 'NONE', *, *, #7527, .T. ) ;
#1977 = EDGE_CURVE ( 'NONE', #1738, #5298, #1589, .T. ) ;
#1978 = SURFACE_SIDE_STYLE ('',( #3630 ) ) ;
#1979 = LINE ( 'NONE', #191, #3482 ) ;
#1980 = DIRECTION ( 'NONE',  ( 0.000000000000000000, -1.000000000000000000, 0.000000000000000000 ) ) ;
#1981 = MECHANICAL_DESIGN_GEOMETRIC_PRESENTATION_REPRESENTATION (  '', ( #480 ), #4861 ) ;
#1982 = COLOUR_RGB ( '',0.2000000000000000111, 0.2000000000000000111, 0.2000000000000000111 ) ;
#1983 = SURFACE_STYLE_FILL_AREA ( #3203 ) ;
#1984 =( NAMED_UNIT ( * ) PLANE_ANGLE_UNIT ( ) SI_UNIT ( $, .RADIAN. ) );
#1985 = SURFACE_SIDE_STYLE ('',( #1437 ) ) ;
#1986 = EDGE_CURVE ( 'NONE', #4173, #3540, #6251, .T. ) ;
#1987 = AXIS2_PLACEMENT_3D ( 'NONE', #6676, #3309, #329 ) ;
#1988 = EDGE_LOOP ( 'NONE', ( #3957, #2714 ) ) ;
#1989 = DIRECTION ( 'NONE',  ( 1.000000000000000000, 0.000000000000000000, 0.000000000000000000 ) ) ;
#1990 = FACE_OUTER_BOUND ( 'NONE', #2609, .T. ) ;
#1991 = MECHANICAL_DESIGN_GEOMETRIC_PRESENTATION_REPRESENTATION (  '', ( #242 ), #3173 ) ;
#1992 = ORIENTED_EDGE ( 'NONE', *, *, #4413, .T. ) ;
#1993 = ORIENTED_EDGE ( 'NONE', *, *, #4498, .F. ) ;
#1994 = SURFACE_STYLE_FILL_AREA ( #7280 ) ;
#1995 = CARTESIAN_POINT ( 'NONE',  ( 921.5000000000000000, -17.84340921775277877, 1076.542151033547725 ) ) ;
#1996 = CARTESIAN_POINT ( 'NONE',  ( 919.5613129317288212, -0.06892825744880427818, 1013.549328123723967 ) ) ;
#1997 = ADVANCED_FACE ( 'NONE', ( #6917 ), #1082, .T. ) ;
#1998 = SPHERICAL_SURFACE ( 'NONE', #3760, 90.00000000000000000 ) ;
#1999 = UNCERTAINTY_MEASURE_WITH_UNIT (LENGTH_MEASURE( 1.000000000000000082E-05 ), #4105, 'distance_accuracy_value', 'NONE');
#2000 = PRESENTATION_LAYER_ASSIGNMENT (  '', '', ( #1126 ) ) ;
#2001 = STYLED_ITEM ( 'NONE', ( #5374 ), #4209 ) ;
#2002 = AXIS2_PLACEMENT_3D ( 'NONE', #10, #2265, #6812 ) ;
#2003 = EDGE_LOOP ( 'NONE', ( #6009, #510, #811, #6071 ) ) ;
#2004 = SURFACE_STYLE_USAGE ( .BOTH. , #2635 ) ;
#2005 = CARTESIAN_POINT ( 'NONE',  ( 971.5000000000000000, 6.939873492723325654, 1082.097779974930518 ) ) ;
#2006 = EDGE_LOOP ( 'NONE', ( #6312, #3892 ) ) ;
#2007 = DIRECTION ( 'NONE',  ( 0.000000000000000000, 1.000000000000000000, 0.000000000000000000 ) ) ;
#2008 = CIRCLE ( 'NONE', #6231, 40.50000000000000000 ) ;
#2009 = DIRECTION ( 'NONE',  ( -1.000000000000000000, 0.000000000000000000, 0.000000000000000000 ) ) ;
#2010 = SURFACE_SIDE_STYLE ('',( #6123 ) ) ;
#2011 = STYLED_ITEM ( 'NONE', ( #3748 ), #4689 ) ;
#2012 = COLOUR_RGB ( '',0.4000000000000000222, 0.4000000000000000222, 0.4000000000000000222 ) ;
#2013 = FACE_OUTER_BOUND ( 'NONE', #2040, .T. ) ;
#2014 = ORIENTED_EDGE ( 'NONE', *, *, #1986, .T. ) ;
#2015 =( LENGTH_UNIT ( ) NAMED_UNIT ( * ) SI_UNIT ( .MILLI., .METRE. ) );
#2016 = CARTESIAN_POINT ( 'NONE',  ( 929.5000000000000000, -1.902822319767259780E-13, 1055.000000000000000 ) ) ;
#2017 = STYLED_ITEM ( 'NONE', ( #5766 ), #4802 ) ;
#2018 = DIRECTION ( 'NONE',  ( -1.000000000000000000, 0.000000000000000000, 0.000000000000000000 ) ) ;
#2019 = ADVANCED_FACE ( 'NONE', ( #5794 ), #2800, .T. ) ;
#2020 =( LENGTH_UNIT ( ) NAMED_UNIT ( * ) SI_UNIT ( .MILLI., .METRE. ) );
#2021 = EDGE_LOOP ( 'NONE', ( #7498, #3512, #3416, #3000 ) ) ;
#2022 = CARTESIAN_POINT ( 'NONE',  ( 971.5000000000000000, -26.66758519606889877, 1050.776269443909996 ) ) ;
#2023 = PRESENTATION_STYLE_ASSIGNMENT (( #343 ) ) ;
#2024 = PRESENTATION_LAYER_ASSIGNMENT (  '', '', ( #6250 ) ) ;
#2025 = EDGE_CURVE ( 'NONE', #5708, #355, #6579, .T. ) ;
#2026 = ORIENTED_EDGE ( 'NONE', *, *, #1444, .T. ) ;
#2027 = ORIENTED_EDGE ( 'NONE', *, *, #1670, .T. ) ;
#2028 = SURFACE_STYLE_USAGE ( .BOTH. , #1398 ) ;
#2029 = DIRECTION ( 'NONE',  ( -1.000000000000000000, 0.000000000000000000, 0.000000000000000000 ) ) ;
#2030 = AXIS2_PLACEMENT_3D ( 'NONE', #5679, #6247, #6285 ) ;
#2031 = DIRECTION ( 'NONE',  ( 1.000000000000000000, 0.000000000000000000, 0.000000000000000000 ) ) ;
#2032 = SURFACE_STYLE_USAGE ( .BOTH. , #2632 ) ;
#2033 = CIRCLE ( 'NONE', #1914, 2.749999999999940048 ) ;
#2034 = AXIS2_PLACEMENT_3D ( 'NONE', #2838, #3273, #1546 ) ;
#2035 = ADVANCED_FACE ( 'NONE', ( #1829 ), #3550, .T. ) ;
#2036 =( GEOMETRIC_REPRESENTATION_CONTEXT ( 3 ) GLOBAL_UNCERTAINTY_ASSIGNED_CONTEXT ( ( #42 ) ) GLOBAL_UNIT_ASSIGNED_CONTEXT ( ( #3907, #6820, #6865 ) ) REPRESENTATION_CONTEXT ( 'NONE', 'WORKASPACE' ) );
#2037 = VERTEX_POINT ( 'NONE', #5831 ) ;
#2038 = DIRECTION ( 'NONE',  ( 1.000000000000000000, 0.000000000000000000, 0.000000000000000000 ) ) ;
#2039 = CIRCLE ( 'NONE', #5424, 30.52933015970059927 ) ;
#2040 = EDGE_LOOP ( 'NONE', ( #2446, #69, #5745, #6118 ) ) ;
#2041 = CARTESIAN_POINT ( 'NONE',  ( 923.0000000000000000, 15.74999999999969802, 1055.000000000000000 ) ) ;
#2042 = DIRECTION ( 'NONE',  ( 0.000000000000000000, 1.000000000000000000, 0.000000000000000000 ) ) ;
#2043 = SURFACE_SIDE_STYLE ('',( #794 ) ) ;
#2044 =( GEOMETRIC_REPRESENTATION_CONTEXT ( 3 ) GLOBAL_UNCERTAINTY_ASSIGNED_CONTEXT ( ( #3851 ) ) GLOBAL_UNIT_ASSIGNED_CONTEXT ( ( #3087, #3689, #7292 ) ) REPRESENTATION_CONTEXT ( 'NONE', 'WORKASPACE' ) );
#2045 = PRESENTATION_STYLE_ASSIGNMENT (( #7258 ) ) ;
#2046 = CARTESIAN_POINT ( 'NONE',  ( 924.6000000000000227, -24.05717615308610391, 1042.742256507029879 ) ) ;
#2047 = FACE_OUTER_BOUND ( 'NONE', #5859, .T. ) ;
#2048 = CIRCLE ( 'NONE', #4570, 3.000000000000000000 ) ;
#2049 = ORIENTED_EDGE ( 'NONE', *, *, #222, .F. ) ;
#2050 =( NAMED_UNIT ( * ) SI_UNIT ( $, .STERADIAN. ) SOLID_ANGLE_UNIT ( ) );
#2051 = CARTESIAN_POINT ( 'NONE',  ( 921.5000000000000000, 16.09188309203670286, 1074.091883092039780 ) ) ;
#2052 = ORIENTED_EDGE ( 'NONE', *, *, #5631, .F. ) ;
#2053 =( NAMED_UNIT ( * ) SI_UNIT ( $, .STERADIAN. ) SOLID_ANGLE_UNIT ( ) );
#2054 = UNCERTAINTY_MEASURE_WITH_UNIT (LENGTH_MEASURE( 1.000000000000000082E-05 ), #4443, 'distance_accuracy_value', 'NONE');
#2055 = SURFACE_STYLE_USAGE ( .BOTH. , #1467 ) ;
#2056 = DIRECTION ( 'NONE',  ( 0.000000000000000000, -1.000000000000000000, 0.000000000000000000 ) ) ;
#2057 = EDGE_LOOP ( 'NONE', ( #4908, #4006, #7518, #3080 ) ) ;
#2058 =( NAMED_UNIT ( * ) PLANE_ANGLE_UNIT ( ) SI_UNIT ( $, .RADIAN. ) );
#2059 =( NAMED_UNIT ( * ) PLANE_ANGLE_UNIT ( ) SI_UNIT ( $, .RADIAN. ) );
#2060 = DIRECTION ( 'NONE',  ( 0.000000000000000000, 1.000000000000000000, 0.000000000000000000 ) ) ;
#2061 = ADVANCED_FACE ( 'NONE', ( #5301 ), #2466, .T. ) ;
#2062 = CIRCLE ( 'NONE', #575, 21.00000000000000000 ) ;
#2063 = ORIENTED_EDGE ( 'NONE', *, *, #1935, .T. ) ;
#2064 = ORIENTED_EDGE ( 'NONE', *, *, #5781, .F. ) ;
#2065 =( NAMED_UNIT ( * ) PLANE_ANGLE_UNIT ( ) SI_UNIT ( $, .RADIAN. ) );
#2066 = CARTESIAN_POINT ( 'NONE',  ( 971.5000000000000000, 25.41911132178500665, 1061.673998497597950 ) ) ;
#2067 = CARTESIAN_POINT ( 'NONE',  ( 921.5000000000000000, 4.223730556085629750, 1028.332414803930078 ) ) ;
#2068 = UNCERTAINTY_MEASURE_WITH_UNIT (LENGTH_MEASURE( 1.000000000000000082E-05 ), #5499, 'distance_accuracy_value', 'NONE');
#2069 = DIRECTION ( 'NONE',  ( -1.000000000000000000, 0.000000000000000000, 0.000000000000000000 ) ) ;
#2070 = EDGE_CURVE ( 'NONE', #2849, #7224, #7565, .T. ) ;
#2071 = MECHANICAL_DESIGN_GEOMETRIC_PRESENTATION_REPRESENTATION (  '', ( #3742 ), #6306 ) ;
#2072 = ORIENTED_EDGE ( 'NONE', *, *, #3418, .T. ) ;
#2073 = CARTESIAN_POINT ( 'NONE',  ( 912.0000000000000000, 41.49999999999981526, 1055.000000000000000 ) ) ;
#2074 = CARTESIAN_POINT ( 'NONE',  ( 924.5000000000000000, 12.25774349296719912, 1030.942823846909960 ) ) ;
#2075 = EDGE_LOOP ( 'NONE', ( #4800, #1323, #2863, #6066 ) ) ;
#2076 = FILL_AREA_STYLE ('',( #6236 ) ) ;
#2077 = ADVANCED_FACE ( 'NONE', ( #2047 ), #3228, .F. ) ;
#2078 = EDGE_CURVE ( 'NONE', #5017, #185, #4116, .T. ) ;
#2079 =( NAMED_UNIT ( * ) SI_UNIT ( $, .STERADIAN. ) SOLID_ANGLE_UNIT ( ) );
#2080 = SURFACE_STYLE_FILL_AREA ( #4437 ) ;
#2081 = DIRECTION ( 'NONE',  ( 0.000000000000000000, -1.000000000000000000, 0.000000000000000000 ) ) ;
#2082 =( NAMED_UNIT ( * ) SI_UNIT ( $, .STERADIAN. ) SOLID_ANGLE_UNIT ( ) );
#2083 = DIRECTION ( 'NONE',  ( 0.000000000000000000, -1.000000000000000000, 0.000000000000000000 ) ) ;
#2084 = DIRECTION ( 'NONE',  ( -1.000000000000000000, 0.000000000000000000, 0.000000000000000000 ) ) ;
#2085 = EDGE_LOOP ( 'NONE', ( #2508, #3178, #5031, #1027 ) ) ;
#2086 = CARTESIAN_POINT ( 'NONE',  ( 919.5469432340236153, 0.008825063053997115117, 1013.544738084860569 ) ) ;
#2087 = EDGE_CURVE ( 'NONE', #4044, #7188, #7192, .T. ) ;
#2088 = DIRECTION ( 'NONE',  ( 0.000000000000000000, 1.000000000000000000, 0.000000000000000000 ) ) ;
#2089 = SURFACE_STYLE_FILL_AREA ( #1079 ) ;
#2090 =( NAMED_UNIT ( * ) PLANE_ANGLE_UNIT ( ) SI_UNIT ( $, .RADIAN. ) );
#2091 = CARTESIAN_POINT ( 'NONE',  ( 930.0000000000000000, -2.500000000000191402, 1070.750000000000000 ) ) ;
#2092 = COLOUR_RGB ( '',0.2000000000000000111, 0.2000000000000000111, 0.2000000000000000111 ) ;
#2093 = CARTESIAN_POINT ( 'NONE',  ( 840.0000000000000000, -1.905020620145609748E-13, 1055.000000000000000 ) ) ;
#2094 = SURFACE_STYLE_USAGE ( .BOTH. , #6755 ) ;
#2095 = MECHANICAL_DESIGN_GEOMETRIC_PRESENTATION_REPRESENTATION (  '', ( #4010 ), #7202 ) ;
#2096 = ORIENTED_EDGE ( 'NONE', *, *, #6909, .T. ) ;
#2097 = CIRCLE ( 'NONE', #605, 2.750000000000000000 ) ;
#2098 = ORIENTED_EDGE ( 'NONE', *, *, #5317, .T. ) ;
#2099 = CARTESIAN_POINT ( 'NONE',  ( 930.0000000000000000, 11.13693180368799851, 1066.136931803690004 ) ) ;
#2100 = PRESENTATION_LAYER_ASSIGNMENT (  '', '', ( #3423 ) ) ;
#2101 = SURFACE_STYLE_FILL_AREA ( #2564 ) ;
#2102 = FILL_AREA_STYLE ('',( #899 ) ) ;
#2103 = CIRCLE ( 'NONE', #6344, 2.749999999999999112 ) ;
#2104 = EDGE_CURVE ( 'NONE', #2554, #2848, #839, .T. ) ;
#2105 = ORIENTED_EDGE ( 'NONE', *, *, #5540, .F. ) ;
#2106 = FILL_AREA_STYLE_COLOUR ( '', #2191 ) ;
#2107 = MECHANICAL_DESIGN_GEOMETRIC_PRESENTATION_REPRESENTATION (  '', ( #6220 ), #2705 ) ;
#2108 = CARTESIAN_POINT ( 'NONE',  ( 929.5000000000000000, -1.902822319767259780E-13, 1055.000000000000000 ) ) ;
#2109 = DIRECTION ( 'NONE',  ( -1.000000000000000000, 0.000000000000000000, 0.000000000000000000 ) ) ;
#2110 = FILL_AREA_STYLE ('',( #5596 ) ) ;
#2111 =( GEOMETRIC_REPRESENTATION_CONTEXT ( 3 ) GLOBAL_UNCERTAINTY_ASSIGNED_CONTEXT ( ( #2739 ) ) GLOBAL_UNIT_ASSIGNED_CONTEXT ( ( #1134, #3, #2887 ) ) REPRESENTATION_CONTEXT ( 'NONE', 'WORKASPACE' ) );
#2112 = FILL_AREA_STYLE_COLOUR ( '', #4231 ) ;
#2113 = CIRCLE ( 'NONE', #505, 2.999999999999999112 ) ;
#2114 = EDGE_CURVE ( 'NONE', #5699, #355, #7187, .T. ) ;
#2115 = CARTESIAN_POINT ( 'NONE',  ( 930.0000000000000000, 11.13693180368799851, 1043.863068196310223 ) ) ;
#2116 = AXIS2_PLACEMENT_3D ( 'NONE', #7340, #1550, #965 ) ;
#2117 = DIRECTION ( 'NONE',  ( 1.000000000000000000, 0.000000000000000000, 0.000000000000000000 ) ) ;
#2118 = VERTEX_POINT ( 'NONE', #756 ) ;
#2119 = CARTESIAN_POINT ( 'NONE',  ( 919.5492988580994052, 0.03075622614325857276, 1013.545470026770545 ) ) ;
#2120 = CARTESIAN_POINT ( 'NONE',  ( 921.5000000000000000, 19.09188309203640088, 1035.908116907959993 ) ) ;
#2121 = FACE_OUTER_BOUND ( 'NONE', #2815, .T. ) ;
#2122 = PRODUCT_DEFINITION_CONTEXT ( 'detailed design', #5312, 'design' ) ;
#2123 = DIRECTION ( 'NONE',  ( -1.000000000000000000, 1.258636124801849761E-16, 0.000000000000000000 ) ) ;
#2124 = DIRECTION ( 'NONE',  ( -0.4067366430759855600, 3.204937810639270562E-17, -0.9135454576425182660 ) ) ;
#2125 = AXIS2_PLACEMENT_3D ( 'NONE', #2115, #4405, #1538 ) ;
#2126 = EDGE_CURVE ( 'NONE', #5048, #5017, #2576, .T. ) ;
#2127 = AXIS2_PLACEMENT_3D ( 'NONE', #1518, #3212, #1055 ) ;
#2128 = FILL_AREA_STYLE_COLOUR ( '', #6957 ) ;
#2129 = FACE_BOUND ( 'NONE', #4296, .T. ) ;
#2130 = FACE_BOUND ( 'NONE', #2155, .T. ) ;
#2131 = MECHANICAL_DESIGN_GEOMETRIC_PRESENTATION_REPRESENTATION (  '', ( #2011 ), #3918 ) ;
#2132 = AXIS2_PLACEMENT_3D ( 'NONE', #1594, #7270, #3806 ) ;
#2133 = UNCERTAINTY_MEASURE_WITH_UNIT (LENGTH_MEASURE( 1.000000000000000082E-05 ), #3916, 'distance_accuracy_value', 'NONE');
#2134 = DIRECTION ( 'NONE',  ( -1.000000000000000000, 0.000000000000000000, 0.000000000000000000 ) ) ;
#2135 = EDGE_LOOP ( 'NONE', ( #1570, #3025 ) ) ;
#2136 = MECHANICAL_DESIGN_GEOMETRIC_PRESENTATION_REPRESENTATION (  '', ( #4055 ), #397 ) ;
#2137 = ORIENTED_EDGE ( 'NONE', *, *, #2766, .F. ) ;
#2138 = CARTESIAN_POINT ( 'NONE',  ( 971.5000000000000000, 22.11263250482319975, 1069.202287141233228 ) ) ;
#2139 = DIRECTION ( 'NONE',  ( 0.000000000000000000, -1.000000000000000000, 0.000000000000000000 ) ) ;
#2140 = FILL_AREA_STYLE ('',( #1097 ) ) ;
#2141 = FACE_OUTER_BOUND ( 'NONE', #6688, .T. ) ;
#2142 = UNCERTAINTY_MEASURE_WITH_UNIT (LENGTH_MEASURE( 1.000000000000000082E-05 ), #6552, 'distance_accuracy_value', 'NONE');
#2143 = AXIS2_PLACEMENT_3D ( 'NONE', #5494, #1473, #4927 ) ;
#2144 = VERTEX_POINT ( 'NONE', #6600 ) ;
#2145 = AXIS2_PLACEMENT_3D ( 'NONE', #2120, #1542, #5569 ) ;
#2146 = PRESENTATION_STYLE_ASSIGNMENT (( #2004 ) ) ;
#2147 = CARTESIAN_POINT ( 'NONE',  ( 921.5000000000000000, -7.223730556086429999, 1028.332414803930078 ) ) ;
#2148 =( NAMED_UNIT ( * ) PLANE_ANGLE_UNIT ( ) SI_UNIT ( $, .RADIAN. ) );
#2149 = PRESENTATION_LAYER_ASSIGNMENT (  '', '', ( #3817 ) ) ;
#2150 = ADVANCED_FACE ( 'NONE', ( #3155, #5483 ), #7217, .F. ) ;
#2151 = FACE_OUTER_BOUND ( 'NONE', #1362, .T. ) ;
#2152 = SURFACE_STYLE_FILL_AREA ( #5025 ) ;
#2153 =( GEOMETRIC_REPRESENTATION_CONTEXT ( 3 ) GLOBAL_UNCERTAINTY_ASSIGNED_CONTEXT ( ( #5002 ) ) GLOBAL_UNIT_ASSIGNED_CONTEXT ( ( #3804, #2090, #1507 ) ) REPRESENTATION_CONTEXT ( 'NONE', 'WORKASPACE' ) );
#2154 = FILL_AREA_STYLE_COLOUR ( '', #2213 ) ;
#2155 = EDGE_LOOP ( 'NONE', ( #1180, #4603 ) ) ;
#2156 = CIRCLE ( 'NONE', #1169, 41.50000000000000000 ) ;
#2157 = AXIS2_PLACEMENT_3D ( 'NONE', #867, #4327, #2081 ) ;
#2158 = CARTESIAN_POINT ( 'NONE',  ( 942.4931468039650326, -20.00000000000019185, 1055.000000000000000 ) ) ;
#2159 = DIRECTION ( 'NONE',  ( 0.000000000000000000, -1.000000000000000000, 0.000000000000000000 ) ) ;
#2160 = ORIENTED_EDGE ( 'NONE', *, *, #5684, .T. ) ;
#2161 = CARTESIAN_POINT ( 'NONE',  ( 921.5000000000000000, 4.223730556085990351, 1028.332414803930078 ) ) ;
#2162 = FILL_AREA_STYLE ('',( #6132 ) ) ;
#2163 = FILL_AREA_STYLE ('',( #412 ) ) ;
#2164 = ADVANCED_FACE ( 'NONE', ( #481 ), #5637, .T. ) ;
#2165 = CARTESIAN_POINT ( 'NONE',  ( 971.5000000000000000, -26.66758519606879574, 1059.223730556080000 ) ) ;
#2166 = SURFACE_SIDE_STYLE ('',( #6795 ) ) ;
#2167 = CIRCLE ( 'NONE', #6764, 40.95505617977519819 ) ;
#2168 = DIRECTION ( 'NONE',  ( 1.000000000000000000, 0.000000000000000000, 0.000000000000000000 ) ) ;
#2169 = CIRCLE ( 'NONE', #5191, 2.999999999999999112 ) ;
#2170 = PRESENTATION_STYLE_ASSIGNMENT (( #2725 ) ) ;
#2171 =( LENGTH_UNIT ( ) NAMED_UNIT ( * ) SI_UNIT ( .MILLI., .METRE. ) );
#2172 = AXIS2_PLACEMENT_3D ( 'NONE', #6685, #7200, #5578 ) ;
#2173 = PLANE ( 'NONE',  #5761 ) ;
#2174 = AXIS2_PLACEMENT_3D ( 'NONE', #7216, #3227, #5560 ) ;
#2175 = DIRECTION ( 'NONE',  ( 0.000000000000000000, 0.000000000000000000, 1.000000000000000000 ) ) ;
#2176 = EDGE_CURVE ( 'NONE', #108, #3140, #2340, .T. ) ;
#2177 =( NAMED_UNIT ( * ) SI_UNIT ( $, .STERADIAN. ) SOLID_ANGLE_UNIT ( ) );
#2178 = FILL_AREA_STYLE_COLOUR ( '', #5203 ) ;
#2179 = VECTOR ( 'NONE', #4253, 1000.000000000000000 ) ;
#2180 = EDGE_LOOP ( 'NONE', ( #2959, #5509, #4286, #1487 ) ) ;
#2181 = EDGE_LOOP ( 'NONE', ( #5990, #3929, #1954, #4091 ) ) ;
#2182 = CARTESIAN_POINT ( 'NONE',  ( 901.3217388442600395, -38.75463681935379867, 1027.697802833539981 ) ) ;
#2183 = CARTESIAN_POINT ( 'NONE',  ( 930.0000000000000000, -24.05717615308610391, 1067.257743492970121 ) ) ;
#2184 = DIRECTION ( 'NONE',  ( 0.000000000000000000, 0.000000000000000000, 1.000000000000000000 ) ) ;
#2185 = CIRCLE ( 'NONE', #1314, 2.749999999999998668 ) ;
#2186 = EDGE_LOOP ( 'NONE', ( #7548, #7531 ) ) ;
#2187 = CIRCLE ( 'NONE', #6052, 3.000000000000000888 ) ;
#2188 = SURFACE_STYLE_USAGE ( .BOTH. , #5738 ) ;
#2189 = CARTESIAN_POINT ( 'NONE',  ( 921.5000000000000000, -23.66758519606889877, 1059.223730556090004 ) ) ;
#2190 = PRESENTATION_STYLE_ASSIGNMENT (( #1529 ) ) ;
#2191 = COLOUR_RGB ( '',0.2000000000000000111, 0.2000000000000000111, 0.2000000000000000111 ) ;
#2192 = CYLINDRICAL_SURFACE ( 'NONE', #4149, 2.999999999999999112 ) ;
#2193 = PLANE ( 'NONE',  #3646 ) ;
#2194 = VERTEX_POINT ( 'NONE', #6869 ) ;
#2195 = FACE_OUTER_BOUND ( 'NONE', #24, .T. ) ;
#2196 = SURFACE_STYLE_USAGE ( .BOTH. , #4142 ) ;
#2197 = STYLED_ITEM ( 'NONE', ( #2664 ), #460 ) ;
#2198 =( NAMED_UNIT ( * ) PLANE_ANGLE_UNIT ( ) SI_UNIT ( $, .RADIAN. ) );
#2199 = ORIENTED_EDGE ( 'NONE', *, *, #6762, .F. ) ;
#2200 = FILL_AREA_STYLE_COLOUR ( '', #1613 ) ;
#2201 = PRESENTATION_STYLE_ASSIGNMENT (( #4522 ) ) ;
#2202 = SURFACE_STYLE_USAGE ( .BOTH. , #6133 ) ;
#2203 = CARTESIAN_POINT ( 'NONE',  ( 971.5000000000000000, 26.00171980134919991, 1065.313199844707242 ) ) ;
#2204 = DIRECTION ( 'NONE',  ( 0.000000000000000000, -1.000000000000000000, 0.000000000000000000 ) ) ;
#2205 = ADVANCED_FACE ( 'NONE', ( #7414 ), #2193, .T. ) ;
#2206 = AXIS2_PLACEMENT_3D ( 'NONE', #2984, #4648, #3518 ) ;
#2207 = FACE_OUTER_BOUND ( 'NONE', #1357, .T. ) ;
#2208 = CARTESIAN_POINT ( 'NONE',  ( 924.2000000000000455, -1.896151548305809998E-13, 1055.000000000000000 ) ) ;
#2209 = SURFACE_SIDE_STYLE ('',( #5042 ) ) ;
#2210 = PLANE ( 'NONE',  #2994 ) ;
#2211 = FILL_AREA_STYLE_COLOUR ( '', #4577 ) ;
#2212 = UNCERTAINTY_MEASURE_WITH_UNIT (LENGTH_MEASURE( 1.000000000000000082E-05 ), #1465, 'distance_accuracy_value', 'NONE');
#2213 = COLOUR_RGB ( '',0.2000000000000000111, 0.2000000000000000111, 0.2000000000000000111 ) ;
#2214 = ORIENTED_EDGE ( 'NONE', *, *, #7381, .F. ) ;
#2215 = EDGE_CURVE ( 'NONE', #2937, #1193, #820, .T. ) ;
#2216 = EDGE_LOOP ( 'NONE', ( #243, #5236 ) ) ;
#2217 = ORIENTED_EDGE ( 'NONE', *, *, #1944, .T. ) ;
#2218 = LINE ( 'NONE', #2736, #4723 ) ;
#2219 = DIRECTION ( 'NONE',  ( -1.000000000000000000, 1.258636124801849761E-16, 0.000000000000000000 ) ) ;
#2220 = MECHANICAL_DESIGN_GEOMETRIC_PRESENTATION_REPRESENTATION (  '', ( #3415 ), #6455 ) ;
#2221 = ORIENTED_EDGE ( 'NONE', *, *, #942, .T. ) ;
#2222 = DIRECTION ( 'NONE',  ( 0.000000000000000000, -1.000000000000000000, 0.000000000000000000 ) ) ;
#2223 = UNCERTAINTY_MEASURE_WITH_UNIT (LENGTH_MEASURE( 1.000000000000000082E-05 ), #4355, 'distance_accuracy_value', 'NONE');
#2224 =( NAMED_UNIT ( * ) SI_UNIT ( $, .STERADIAN. ) SOLID_ANGLE_UNIT ( ) );
#2225 = DIRECTION ( 'NONE',  ( -1.000000000000000000, 0.000000000000000000, 0.000000000000000000 ) ) ;
#2226 = VECTOR ( 'NONE', #2979, 1000.000000000000000 ) ;
#2227 = EDGE_CURVE ( 'NONE', #6462, #4177, #3785, .T. ) ;
#2228 = ORIENTED_EDGE ( 'NONE', *, *, #6657, .F. ) ;
#2229 =( NAMED_UNIT ( * ) SI_UNIT ( $, .STERADIAN. ) SOLID_ANGLE_UNIT ( ) );
#2230 = DIRECTION ( 'NONE',  ( -1.000000000000000000, 0.000000000000000000, 0.000000000000000000 ) ) ;
#2231 = UNCERTAINTY_MEASURE_WITH_UNIT (LENGTH_MEASURE( 1.000000000000000082E-05 ), #469, 'distance_accuracy_value', 'NONE');
#2232 = DIRECTION ( 'NONE',  ( -0.4067366430759856155, 3.204937810639270562E-17, -0.9135454576425183770 ) ) ;
#2233 = AXIS2_PLACEMENT_3D ( 'NONE', #358, #6818, #5511 ) ;
#2234 = DIRECTION ( 'NONE',  ( -1.000000000000000000, 0.000000000000000000, 0.000000000000000000 ) ) ;
#2235 = CARTESIAN_POINT ( 'NONE',  ( 971.5000000000000000, -24.05717615308590140, 1067.257743492970121 ) ) ;
#2236 =( GEOMETRIC_REPRESENTATION_CONTEXT ( 3 ) GLOBAL_UNCERTAINTY_ASSIGNED_CONTEXT ( ( #979 ) ) GLOBAL_UNIT_ASSIGNED_CONTEXT ( ( #1653, #1061, #2224 ) ) REPRESENTATION_CONTEXT ( 'NONE', 'WORKASPACE' ) );
#2237 = VERTEX_POINT ( 'NONE', #4937 ) ;
#2238 = DIRECTION ( 'NONE',  ( 0.000000000000000000, -0.9876883405951312200, 0.1564344650402722803 ) ) ;
#2239 = ORIENTED_EDGE ( 'NONE', *, *, #5709, .T. ) ;
#2240 = DIRECTION ( 'NONE',  ( 0.000000000000000000, -1.000000000000000000, 0.000000000000000000 ) ) ;
#2241 = CARTESIAN_POINT ( 'NONE',  ( 930.0000000000000000, -2.220446049250309799E-13, 1039.250000000000000 ) ) ;
#2242 =( NAMED_UNIT ( * ) SI_UNIT ( $, .STERADIAN. ) SOLID_ANGLE_UNIT ( ) );
#2243 = DIRECTION ( 'NONE',  ( 1.000000000000000000, 0.000000000000000000, 0.000000000000000000 ) ) ;
#2244 = DIRECTION ( 'NONE',  ( 1.000000000000000000, 0.000000000000000000, 0.000000000000000000 ) ) ;
#2245 =( GEOMETRIC_REPRESENTATION_CONTEXT ( 3 ) GLOBAL_UNCERTAINTY_ASSIGNED_CONTEXT ( ( #5441 ) ) GLOBAL_UNIT_ASSIGNED_CONTEXT ( ( #1679, #5268, #6333 ) ) REPRESENTATION_CONTEXT ( 'NONE', 'WORKASPACE' ) );
#2246 = CARTESIAN_POINT ( 'NONE',  ( 930.0000000000000000, -24.05717615308610391, 1042.742256507029879 ) ) ;
#2247 = CARTESIAN_POINT ( 'NONE',  ( 924.5000000000000000, -25.41911132178508481, 1048.326001502392046 ) ) ;
#2248 = CARTESIAN_POINT ( 'NONE',  ( 971.5000000000000000, -22.11263250482330633, 1040.797712858766772 ) ) ;
#2249 = FILL_AREA_STYLE ('',( #6802 ) ) ;
#2250 = PRESENTATION_LAYER_ASSIGNMENT (  '', '', ( #7485 ) ) ;
#2251 = ADVANCED_FACE ( 'NONE', ( #2141 ), #7281, .T. ) ;
#2252 =( NAMED_UNIT ( * ) SI_UNIT ( $, .STERADIAN. ) SOLID_ANGLE_UNIT ( ) );
#2253 = CARTESIAN_POINT ( 'NONE',  ( 930.0000000000000000, -19.50000000000019185, 1055.000000000000000 ) ) ;
#2254 = EDGE_LOOP ( 'NONE', ( #5404, #3037, #2276, #2459 ) ) ;
#2255 = ORIENTED_EDGE ( 'NONE', *, *, #6627, .T. ) ;
#2256 = PLANE ( 'NONE',  #6616 ) ;
#2257 = ORIENTED_EDGE ( 'NONE', *, *, #5462, .T. ) ;
#2258 = MECHANICAL_DESIGN_GEOMETRIC_PRESENTATION_REPRESENTATION (  '', ( #1894 ), #3193 ) ;
#2259 = DIRECTION ( 'NONE',  ( 0.000000000000000000, -1.000000000000000000, 0.000000000000000000 ) ) ;
#2260 = SURFACE_SIDE_STYLE ('',( #4009 ) ) ;
#2261 = CARTESIAN_POINT ( 'NONE',  ( 971.5000000000000000, -17.84340921775280719, 1076.542151033547725 ) ) ;
#2262 = ORIENTED_EDGE ( 'NONE', *, *, #2974, .T. ) ;
#2263 = DIRECTION ( 'NONE',  ( 1.000000000000000000, 0.000000000000000000, 0.000000000000000000 ) ) ;
#2264 = FILL_AREA_STYLE_COLOUR ( '', #6077 ) ;
#2265 = DIRECTION ( 'NONE',  ( 1.000000000000000000, 0.000000000000000000, 0.000000000000000000 ) ) ;
#2266 = PRESENTATION_STYLE_ASSIGNMENT (( #4550 ) ) ;
#2267 =( GEOMETRIC_REPRESENTATION_CONTEXT ( 3 ) GLOBAL_UNCERTAINTY_ASSIGNED_CONTEXT ( ( #523 ) ) GLOBAL_UNIT_ASSIGNED_CONTEXT ( ( #3967, #1009, #2252 ) ) REPRESENTATION_CONTEXT ( 'NONE', 'WORKASPACE' ) );
#2268 = EDGE_CURVE ( 'NONE', #6107, #2144, #276, .T. ) ;
#2269 = EDGE_LOOP ( 'NONE', ( #5070, #5139 ) ) ;
#2270 =( LENGTH_UNIT ( ) NAMED_UNIT ( * ) SI_UNIT ( .MILLI., .METRE. ) );
#2271 = DIRECTION ( 'NONE',  ( 1.000000000000000000, 0.000000000000000000, 0.000000000000000000 ) ) ;
#2272 = FACE_OUTER_BOUND ( 'NONE', #2546, .T. ) ;
#2273 = ADVANCED_FACE ( 'NONE', ( #7353 ), #1998, .T. ) ;
#2274 = DIRECTION ( 'NONE',  ( -1.000000000000000000, 0.000000000000000000, 0.000000000000000000 ) ) ;
#2275 = COLOUR_RGB ( '',0.2000000000000000111, 0.2000000000000000111, 0.2000000000000000111 ) ;
#2276 = ORIENTED_EDGE ( 'NONE', *, *, #361, .F. ) ;
#2277 = AXIS2_PLACEMENT_3D ( 'NONE', #4886, #1471, #3104 ) ;
#2278 = PRESENTATION_STYLE_ASSIGNMENT (( #5676 ) ) ;
#2279 = EDGE_LOOP ( 'NONE', ( #2499, #6280 ) ) ;
#2280 = FILL_AREA_STYLE ('',( #3958 ) ) ;
#2281 = SURFACE_STYLE_FILL_AREA ( #3477 ) ;
#2282 = PRESENTATION_LAYER_ASSIGNMENT (  '', '', ( #7131 ) ) ;
#2283 = DIRECTION ( 'NONE',  ( 1.000000000000000000, 0.000000000000000000, 0.000000000000000000 ) ) ;
#2284 =( NAMED_UNIT ( * ) SI_UNIT ( $, .STERADIAN. ) SOLID_ANGLE_UNIT ( ) );
#2285 = PRESENTATION_LAYER_ASSIGNMENT (  '', '', ( #5780 ) ) ;
#2286 = CARTESIAN_POINT ( 'NONE',  ( 919.8588045685844463, 0.4323402195146036076, 1013.708014481527812 ) ) ;
#2287 = DIRECTION ( 'NONE',  ( -1.000000000000000000, 0.000000000000000000, 0.000000000000000000 ) ) ;
#2288 = SURFACE_STYLE_FILL_AREA ( #3887 ) ;
#2289 = CIRCLE ( 'NONE', #6757, 2.750000000000059508 ) ;
#2290 = LINE ( 'NONE', #2770, #1034 ) ;
#2291 = UNCERTAINTY_MEASURE_WITH_UNIT (LENGTH_MEASURE( 1.000000000000000082E-05 ), #3964, 'distance_accuracy_value', 'NONE');
#2292 = CIRCLE ( 'NONE', #5785, 2.749999999999935163 ) ;
#2293 = FILL_AREA_STYLE ('',( #7429 ) ) ;
#2294 = SURFACE_STYLE_FILL_AREA ( #5723 ) ;
#2295 = ORIENTED_EDGE ( 'NONE', *, *, #7381, .T. ) ;
#2296 = VERTEX_POINT ( 'NONE', #6113 ) ;
#2297 = VERTEX_POINT ( 'NONE', #6655 ) ;
#2298 = CIRCLE ( 'NONE', #5814, 45.74180254428119952 ) ;
#2299 = DIRECTION ( 'NONE',  ( 0.000000000000000000, -0.4539904997395733388, -0.8910065241883543541 ) ) ;
#2300 = CARTESIAN_POINT ( 'NONE',  ( 921.5000000000000000, 26.66758519606849731, 1050.776269443909996 ) ) ;
#2301 = ORIENTED_EDGE ( 'NONE', *, *, #1317, .F. ) ;
#2302 =( NAMED_UNIT ( * ) PLANE_ANGLE_UNIT ( ) SI_UNIT ( $, .RADIAN. ) );
#2303 = FILL_AREA_STYLE ('',( #2858 ) ) ;
#2304 = DIRECTION ( 'NONE',  ( 0.000000000000000000, -1.000000000000000000, 0.000000000000000000 ) ) ;
#2305 = STYLED_ITEM ( 'NONE', ( #3277 ), #6867 ) ;
#2306 = MECHANICAL_DESIGN_GEOMETRIC_PRESENTATION_REPRESENTATION (  '', ( #2423 ), #4330 ) ;
#2307 = ORIENTED_EDGE ( 'NONE', *, *, #6610, .T. ) ;
#2308 = DIRECTION ( 'NONE',  ( 1.000000000000000000, 0.000000000000000000, 0.000000000000000000 ) ) ;
#2309 = SURFACE_SIDE_STYLE ('',( #6975 ) ) ;
#2310 = ADVANCED_FACE ( 'NONE', ( #3749 ), #857, .F. ) ;
#2311 =( NAMED_UNIT ( * ) PLANE_ANGLE_UNIT ( ) SI_UNIT ( $, .RADIAN. ) );
#2312 = UNCERTAINTY_MEASURE_WITH_UNIT (LENGTH_MEASURE( 1.000000000000000082E-05 ), #5, 'distance_accuracy_value', 'NONE');
#2313 =( LENGTH_UNIT ( ) NAMED_UNIT ( * ) SI_UNIT ( .MILLI., .METRE. ) );
#2314 = AXIS2_PLACEMENT_3D ( 'NONE', #6163, #7552, #547 ) ;
#2315 = VECTOR ( 'NONE', #2636, 1000.000000000000000 ) ;
#2316 = VERTEX_POINT ( 'NONE', #435 ) ;
#2317 = ADVANCED_FACE ( 'NONE', ( #4471 ), #977, .F. ) ;
#2318 =( NAMED_UNIT ( * ) SI_UNIT ( $, .STERADIAN. ) SOLID_ANGLE_UNIT ( ) );
#2319 = ADVANCED_FACE ( 'NONE', ( #2784 ), #1651, .F. ) ;
#2320 = VERTEX_POINT ( 'NONE', #1250 ) ;
#2321 = CYLINDRICAL_SURFACE ( 'NONE', #5127, 2.749999999999935163 ) ;
#2322 = FILL_AREA_STYLE_COLOUR ( '', #1643 ) ;
#2323 = CARTESIAN_POINT ( 'NONE',  ( 930.0000000000000000, 15.74999999999969802, 1055.000000000000000 ) ) ;
#2324 = CARTESIAN_POINT ( 'NONE',  ( 924.5000000000000000, 4.223730556086679577, 1081.667585196069922 ) ) ;
#2325 = CYLINDRICAL_SURFACE ( 'NONE', #856, 2.999999999999999112 ) ;
#2326 = EDGE_CURVE ( 'NONE', #427, #7241, #2578, .T. ) ;
#2327 = FILL_AREA_STYLE ('',( #3442 ) ) ;
#2328 = FILL_AREA_STYLE_COLOUR ( '', #1396 ) ;
#2329 = SURFACE_STYLE_USAGE ( .BOTH. , #7544 ) ;
#2330 = CYLINDRICAL_SURFACE ( 'NONE', #6273, 40.50000000000000000 ) ;
#2331 = ORIENTED_EDGE ( 'NONE', *, *, #2847, .T. ) ;
#2332 = SURFACE_STYLE_USAGE ( .BOTH. , #1208 ) ;
#2333 = ORIENTED_EDGE ( 'NONE', *, *, #2678, .T. ) ;
#2334 = DIRECTION ( 'NONE',  ( -1.000000000000000000, 1.258636124801849761E-16, 0.000000000000000000 ) ) ;
#2335 = ORIENTED_EDGE ( 'NONE', *, *, #4655, .F. ) ;
#2336 =( NAMED_UNIT ( * ) SI_UNIT ( $, .STERADIAN. ) SOLID_ANGLE_UNIT ( ) );
#2337 = CARTESIAN_POINT ( 'NONE',  ( 971.5000000000000000, -26.00171980134929584, 1044.686800155292985 ) ) ;
#2338 = STYLED_ITEM ( 'NONE', ( #5263 ), #2019 ) ;
#2339 = CARTESIAN_POINT ( 'NONE',  ( 971.5000000000000000, -24.48737093194653269, 1064.541600556333606 ) ) ;
#2340 = CIRCLE ( 'NONE', #4858, 41.50000000000000000 ) ;
#2341 = ORIENTED_EDGE ( 'NONE', *, *, #2704, .T. ) ;
#2342 = FILL_AREA_STYLE_COLOUR ( '', #887 ) ;
#2343 = SURFACE_STYLE_FILL_AREA ( #6164 ) ;
#2344 = CARTESIAN_POINT ( 'NONE',  ( 924.5000000000000000, -4.223730556085800281, 1081.667585196069922 ) ) ;
#2345 = DIRECTION ( 'NONE',  ( 0.000000000000000000, -1.000000000000000000, 0.000000000000000000 ) ) ;
#2346 = FILL_AREA_STYLE_COLOUR ( '', #7263 ) ;
#2347 = FILL_AREA_STYLE ('',( #7530 ) ) ;
#2348 = EDGE_CURVE ( 'NONE', #6861, #1092, #5885, .T. ) ;
#2349 = COLOUR_RGB ( '',0.4000000000000000222, 0.4000000000000000222, 0.4000000000000000222 ) ;
#2350 = EDGE_LOOP ( 'NONE', ( #957, #6523, #5205, #617 ) ) ;
#2351 = ORIENTED_EDGE ( 'NONE', *, *, #937, .F. ) ;
#2352 = FILL_AREA_STYLE_COLOUR ( '', #6611 ) ;
#2353 = SURFACE_SIDE_STYLE ('',( #28 ) ) ;
#2354 = DIRECTION ( 'NONE',  ( 0.000000000000000000, -0.8910065241883721177, 0.4539904997395385333 ) ) ;
#2355 = CARTESIAN_POINT ( 'NONE',  ( 921.5000000000000000, -1.223730556086429555, 1081.667585196069922 ) ) ;
#2356 = SURFACE_SIDE_STYLE ('',( #1866 ) ) ;
#2357 = EDGE_CURVE ( 'NONE', #1374, #6195, #849, .T. ) ;
#2358 = VECTOR ( 'NONE', #2232, 1000.000000000000114 ) ;
#2359 =( NAMED_UNIT ( * ) SI_UNIT ( $, .STERADIAN. ) SOLID_ANGLE_UNIT ( ) );
#2360 = CARTESIAN_POINT ( 'NONE',  ( 930.0000000000000000, -2.220446049250309799E-13, 1039.250000000000000 ) ) ;
#2361 = CARTESIAN_POINT ( 'NONE',  ( 924.6000000000000227, -22.09188309203699774, 1035.908116907959993 ) ) ;
#2362 = UNCERTAINTY_MEASURE_WITH_UNIT (LENGTH_MEASURE( 1.000000000000000082E-05 ), #806, 'distance_accuracy_value', 'NONE');
#2363 = EDGE_CURVE ( 'NONE', #3472, #1301, #5714, .T. ) ;
#2364 = EDGE_LOOP ( 'NONE', ( #2661, #1953 ) ) ;
#2365 = PRESENTATION_LAYER_ASSIGNMENT (  '', '', ( #2709 ) ) ;
#2366 = FILL_AREA_STYLE ('',( #4008 ) ) ;
#2367 = FACE_OUTER_BOUND ( 'NONE', #5737, .T. ) ;
#2368 = STYLED_ITEM ( 'NONE', ( #3811 ), #1698 ) ;
#2369 = ORIENTED_EDGE ( 'NONE', *, *, #2619, .T. ) ;
#2370 = DIRECTION ( 'NONE',  ( 1.000000000000000000, 0.000000000000000000, 0.000000000000000000 ) ) ;
#2371 = FILL_AREA_STYLE_COLOUR ( '', #1003 ) ;
#2372 = DIRECTION ( 'NONE',  ( 0.000000000000000000, -1.000000000000000000, 0.000000000000000000 ) ) ;
#2373 = COLOUR_RGB ( '',0.2000000000000000111, 0.2000000000000000111, 0.2000000000000000111 ) ;
#2374 = ORIENTED_EDGE ( 'NONE', *, *, #2126, .T. ) ;
#2375 = CARTESIAN_POINT ( 'NONE',  ( 924.2000000000000455, -1.896151548305809998E-13, 1055.000000000000000 ) ) ;
#2376 = FILL_AREA_STYLE ('',( #2342 ) ) ;
#2377 = UNCERTAINTY_MEASURE_WITH_UNIT (LENGTH_MEASURE( 1.000000000000000082E-05 ), #1527, 'distance_accuracy_value', 'NONE');
#2378 = LINE ( 'NONE', #3505, #2358 ) ;
#2379 = DIRECTION ( 'NONE',  ( 0.000000000000000000, 1.000000000000000000, 0.000000000000000000 ) ) ;
#2380 = MECHANICAL_DESIGN_GEOMETRIC_PRESENTATION_REPRESENTATION (  '', ( #7117 ), #5751 ) ;
#2381 = VERTEX_POINT ( 'NONE', #6463 ) ;
#2382 = AXIS2_PLACEMENT_3D ( 'NONE', #5140, #5733, #1139 ) ;
#2383 = CARTESIAN_POINT ( 'NONE',  ( 924.6000000000000227, -24.05717615308610391, 1067.257743492970121 ) ) ;
#2384 = ORIENTED_EDGE ( 'NONE', *, *, #2363, .T. ) ;
#2385 = DIRECTION ( 'NONE',  ( -1.000000000000000000, 0.000000000000000000, 0.000000000000000000 ) ) ;
#2386 = EDGE_CURVE ( 'NONE', #4423, #5949, #6331, .T. ) ;
#2387 = CARTESIAN_POINT ( 'NONE',  ( 921.5000000000000000, 27.91605907035261680, 1056.773462614562277 ) ) ;
#2388 = CYLINDRICAL_SURFACE ( 'NONE', #1170, 2.750000000000007550 ) ;
#2389 = FACE_OUTER_BOUND ( 'NONE', #2057, .T. ) ;
#2390 = STYLED_ITEM ( 'NONE', ( #1391 ), #4887 ) ;
#2391 = SURFACE_SIDE_STYLE ('',( #31 ) ) ;
#2392 = ORIENTED_EDGE ( 'NONE', *, *, #3845, .T. ) ;
#2393 = STYLED_ITEM ( 'NONE', ( #4046 ), #679 ) ;
#2394 =( NAMED_UNIT ( * ) PLANE_ANGLE_UNIT ( ) SI_UNIT ( $, .RADIAN. ) );
#2395 =( GEOMETRIC_REPRESENTATION_CONTEXT ( 3 ) GLOBAL_UNCERTAINTY_ASSIGNED_CONTEXT ( ( #5234 ) ) GLOBAL_UNIT_ASSIGNED_CONTEXT ( ( #1629, #7537, #2909 ) ) REPRESENTATION_CONTEXT ( 'NONE', 'WORKASPACE' ) );
#2396 = SURFACE_STYLE_FILL_AREA ( #110 ) ;
#2397 = EDGE_CURVE ( 'NONE', #6640, #6929, #981, .T. ) ;
#2398 = FACE_OUTER_BOUND ( 'NONE', #5098, .T. ) ;
#2399 = SURFACE_STYLE_FILL_AREA ( #6376 ) ;
#2400 = FACE_OUTER_BOUND ( 'NONE', #5180, .T. ) ;
#2401 = PRESENTATION_LAYER_ASSIGNMENT (  '', '', ( #1290 ) ) ;
#2402 = DIRECTION ( 'NONE',  ( -1.000000000000000000, 1.258636124801849761E-16, 0.000000000000000000 ) ) ;
#2403 = PRESENTATION_STYLE_ASSIGNMENT (( #581 ) ) ;
#2404 = AXIS2_PLACEMENT_3D ( 'NONE', #7568, #6980, #2345 ) ;
#2405 = DIRECTION ( 'NONE',  ( 0.000000000000000000, 0.000000000000000000, 1.000000000000000000 ) ) ;
#2406 = EDGE_CURVE ( 'NONE', #3650, #6640, #4774, .T. ) ;
#2407 = VERTEX_POINT ( 'NONE', #5844 ) ;
#2408 = SURFACE_STYLE_USAGE ( .BOTH. , #5351 ) ;
#2409 = DIRECTION ( 'NONE',  ( 1.000000000000000000, 0.000000000000000000, 0.000000000000000000 ) ) ;
#2410 = PRESENTATION_STYLE_ASSIGNMENT (( #6718 ) ) ;
#2411 =( GEOMETRIC_REPRESENTATION_CONTEXT ( 3 ) GLOBAL_UNCERTAINTY_ASSIGNED_CONTEXT ( ( #6840 ) ) GLOBAL_UNIT_ASSIGNED_CONTEXT ( ( #2676, #1531, #1780 ) ) REPRESENTATION_CONTEXT ( 'NONE', 'WORKASPACE' ) );
#2412 = EDGE_LOOP ( 'NONE', ( #4855, #1803 ) ) ;
#2413 =( LENGTH_UNIT ( ) NAMED_UNIT ( * ) SI_UNIT ( .MILLI., .METRE. ) );
#2414 = CARTESIAN_POINT ( 'NONE',  ( 921.5000000000000000, -27.05717615308610036, 1067.257743492970121 ) ) ;
#2415 =( NAMED_UNIT ( * ) SI_UNIT ( $, .STERADIAN. ) SOLID_ANGLE_UNIT ( ) );
#2416 = CARTESIAN_POINT ( 'NONE',  ( 921.5000000000000000, -4.223730556086429999, 1081.667585196069922 ) ) ;
#2417 = LINE ( 'NONE', #7054, #2477 ) ;
#2418 = CARTESIAN_POINT ( 'NONE',  ( 924.6000000000000227, -19.09188309203700129, 1074.091883092039780 ) ) ;
#2419 = VECTOR ( 'NONE', #2409, 1000.000000000000000 ) ;
#2420 = MECHANICAL_DESIGN_GEOMETRIC_PRESENTATION_REPRESENTATION (  '', ( #1431 ), #566 ) ;
#2421 = DIRECTION ( 'NONE',  ( 0.000000000000000000, -1.000000000000000000, 0.000000000000000000 ) ) ;
#2422 = ORIENTED_EDGE ( 'NONE', *, *, #3066, .T. ) ;
#2423 = STYLED_ITEM ( 'NONE', ( #4537 ), #6327 ) ;
#2424 =( LENGTH_UNIT ( ) NAMED_UNIT ( * ) SI_UNIT ( .MILLI., .METRE. ) );
#2425 = ORIENTED_EDGE ( 'NONE', *, *, #1855, .F. ) ;
#2426 = CARTESIAN_POINT ( 'NONE',  ( 924.5000000000000000, -20.34035696632042445, 1071.641615150511825 ) ) ;
#2427 = FACE_OUTER_BOUND ( 'NONE', #3933, .T. ) ;
#2428 = CARTESIAN_POINT ( 'NONE',  ( 924.6000000000000227, 26.66758519606849731, 1059.223730556090004 ) ) ;
#2429 = AXIS2_PLACEMENT_3D ( 'NONE', #7289, #1927, #6044 ) ;
#2430 = ORIENTED_EDGE ( 'NONE', *, *, #1654, .T. ) ;
#2431 = CARTESIAN_POINT ( 'NONE',  ( 919.8646651332288684, -0.4383943657497786361, 1013.712611790908340 ) ) ;
#2432 = DIRECTION ( 'NONE',  ( -1.000000000000000000, 0.000000000000000000, 0.000000000000000000 ) ) ;
#2433 = CARTESIAN_POINT ( 'NONE',  ( 924.5000000000000000, 26.66758519606879574, 1059.223730556080000 ) ) ;
#2434 = SURFACE_SIDE_STYLE ('',( #4078 ) ) ;
#2435 = AXIS2_PLACEMENT_3D ( 'NONE', #4513, #5216, #1028 ) ;
#2436 = ADVANCED_FACE ( 'NONE', ( #1950 ), #1841, .T. ) ;
#2437 = ORIENTED_EDGE ( 'NONE', *, *, #315, .T. ) ;
#2438 = CYLINDRICAL_SURFACE ( 'NONE', #6619, 2.750000000000000000 ) ;
#2439 = DIRECTION ( 'NONE',  ( 1.000000000000000000, 0.000000000000000000, 0.000000000000000000 ) ) ;
#2440 =( GEOMETRIC_REPRESENTATION_CONTEXT ( 3 ) GLOBAL_UNCERTAINTY_ASSIGNED_CONTEXT ( ( #1704 ) ) GLOBAL_UNIT_ASSIGNED_CONTEXT ( ( #3180, #3112, #5469 ) ) REPRESENTATION_CONTEXT ( 'NONE', 'WORKASPACE' ) );
#2441 = ORIENTED_EDGE ( 'NONE', *, *, #5594, .F. ) ;
#2442 = CYLINDRICAL_SURFACE ( 'NONE', #1607, 2.749999999999935163 ) ;
#2443 = CARTESIAN_POINT ( 'NONE',  ( 921.5000000000000000, 23.66758519606850086, 1059.223730556090004 ) ) ;
#2444 = CARTESIAN_POINT ( 'NONE',  ( 942.4931468039650326, 19.99999999999980815, 1055.000000000000000 ) ) ;
#2445 = EDGE_CURVE ( 'NONE', #5396, #5922, #3652, .T. ) ;
#2446 = ORIENTED_EDGE ( 'NONE', *, *, #6627, .F. ) ;
#2447 =( NAMED_UNIT ( * ) SI_UNIT ( $, .STERADIAN. ) SOLID_ANGLE_UNIT ( ) );
#2448 = DIRECTION ( 'NONE',  ( 1.000000000000000000, 0.000000000000000000, 0.000000000000000000 ) ) ;
#2449 = SURFACE_SIDE_STYLE ('',( #5933 ) ) ;
#2450 = COLOUR_RGB ( '',0.2000000000000000111, 0.2000000000000000111, 0.2000000000000000111 ) ;
#2451 = UNCERTAINTY_MEASURE_WITH_UNIT (LENGTH_MEASURE( 1.000000000000000082E-05 ), #2020, 'distance_accuracy_value', 'NONE');
#2452 = CARTESIAN_POINT ( 'NONE',  ( 971.5000000000000000, 26.66758519606879574, 1059.223730556080000 ) ) ;
#2453 = SURFACE_SIDE_STYLE ('',( #4824 ) ) ;
#2454 =( LENGTH_UNIT ( ) NAMED_UNIT ( * ) SI_UNIT ( .MILLI., .METRE. ) );
#2455 = ADVANCED_FACE ( 'NONE', ( #3497 ), #2442, .T. ) ;
#2456 = EDGE_LOOP ( 'NONE', ( #2580, #3328, #5475, #3657 ) ) ;
#2457 = CARTESIAN_POINT ( 'NONE',  ( 919.8958386329037467, 0.4702277563031905250, 1013.737414148060680 ) ) ;
#2458 = DIRECTION ( 'NONE',  ( 1.000000000000000000, 0.000000000000000000, 0.000000000000000000 ) ) ;
#2459 = ORIENTED_EDGE ( 'NONE', *, *, #4644, .T. ) ;
#2460 = SURFACE_STYLE_FILL_AREA ( #179 ) ;
#2461 = PRESENTATION_LAYER_ASSIGNMENT (  '', '', ( #480 ) ) ;
#2462 =( GEOMETRIC_REPRESENTATION_CONTEXT ( 3 ) GLOBAL_UNCERTAINTY_ASSIGNED_CONTEXT ( ( #5936 ) ) GLOBAL_UNIT_ASSIGNED_CONTEXT ( ( #765, #230, #5533 ) ) REPRESENTATION_CONTEXT ( 'NONE', 'WORKASPACE' ) );
#2463 = SURFACE_STYLE_USAGE ( .BOTH. , #3622 ) ;
#2464 = SURFACE_STYLE_USAGE ( .BOTH. , #7109 ) ;
#2465 = APPLICATION_CONTEXT ( 'automotive_design' ) ;
#2466 = CYLINDRICAL_SURFACE ( 'NONE', #6447, 2.749999999999995115 ) ;
#2467 = AXIS2_PLACEMENT_3D ( 'NONE', #918, #3801, #6830 ) ;
#2468 = ORIENTED_EDGE ( 'NONE', *, *, #5781, .T. ) ;
#2469 = CARTESIAN_POINT ( 'NONE',  ( 924.5000000000000000, -1.507587619450223571, 1028.762609582790674 ) ) ;
#2470 = CARTESIAN_POINT ( 'NONE',  ( 924.6000000000000227, -22.09188309203699774, 1074.091883092039780 ) ) ;
#2471 = MECHANICAL_DESIGN_GEOMETRIC_PRESENTATION_REPRESENTATION (  '', ( #5724 ), #6704 ) ;
#2472 = LINE ( 'NONE', #1755, #5772 ) ;
#2473 = CARTESIAN_POINT ( 'NONE',  ( 942.4931468039650326, -1.919175963709589834E-13, 1055.000000000000000 ) ) ;
#2474 = STYLED_ITEM ( 'NONE', ( #2190 ), #2901 ) ;
#2475 = PRESENTATION_LAYER_ASSIGNMENT (  '', '', ( #1421 ) ) ;
#2476 =( LENGTH_UNIT ( ) NAMED_UNIT ( * ) SI_UNIT ( .MILLI., .METRE. ) );
#2477 = VECTOR ( 'NONE', #1853, 1000.000000000000000 ) ;
#2478 = ORIENTED_EDGE ( 'NONE', *, *, #4072, .F. ) ;
#2479 = DIRECTION ( 'NONE',  ( 1.000000000000000000, 0.000000000000000000, 0.000000000000000000 ) ) ;
#2480 = SURFACE_STYLE_FILL_AREA ( #116 ) ;
#2481 = VERTEX_POINT ( 'NONE', #6646 ) ;
#2482 = CARTESIAN_POINT ( 'NONE',  ( 942.4931468039650326, 24.99999999999981171, 1055.000000000000000 ) ) ;
#2483 = ADVANCED_FACE ( 'NONE', ( #4383 ), #3137, .F. ) ;
#2484 = CIRCLE ( 'NONE', #4267, 2.999999999999999112 ) ;
#2485 = FILL_AREA_STYLE_COLOUR ( '', #7032 ) ;
#2486 = ORIENTED_EDGE ( 'NONE', *, *, #5401, .T. ) ;
#2487 = SURFACE_STYLE_FILL_AREA ( #7016 ) ;
#2488 = SURFACE_STYLE_USAGE ( .BOTH. , #2449 ) ;
#2489 = CIRCLE ( 'NONE', #3311, 1.000000000000000888 ) ;
#2490 = SURFACE_STYLE_FILL_AREA ( #1259 ) ;
#2491 = EDGE_CURVE ( 'NONE', #7168, #4132, #6203, .T. ) ;
#2492 = STYLED_ITEM ( 'NONE', ( #2934 ), #1612 ) ;
#2493 = DIRECTION ( 'NONE',  ( -1.000000000000000000, 0.000000000000000000, 0.000000000000000000 ) ) ;
#2494 = CARTESIAN_POINT ( 'NONE',  ( 924.5000000000000000, -27.91605907035267720, 1053.226537385427946 ) ) ;
#2495 = STYLED_ITEM ( 'NONE', ( #347 ), #3775 ) ;
#2496 = ORIENTED_EDGE ( 'NONE', *, *, #6432, .F. ) ;
#2497 = FILL_AREA_STYLE ('',( #135 ) ) ;
#2498 = AXIS2_PLACEMENT_3D ( 'NONE', #590, #16, #6396 ) ;
#2499 = ORIENTED_EDGE ( 'NONE', *, *, #7243, .T. ) ;
#2500 = CARTESIAN_POINT ( 'NONE',  ( 920.5000000000000000, 24.99999999999981171, 1055.000000000000000 ) ) ;
#2501 = ADVANCED_FACE ( 'NONE', ( #4226, #5991 ), #5678, .F. ) ;
#2502 = STYLED_ITEM ( 'NONE', ( #195 ), #4038 ) ;
#2503 = DIRECTION ( 'NONE',  ( 1.000000000000000000, 0.000000000000000000, 0.000000000000000000 ) ) ;
#2504 = CARTESIAN_POINT ( 'NONE',  ( 930.0000000000000000, -4.223730556086429999, 1081.667585196069922 ) ) ;
#2505 = EDGE_LOOP ( 'NONE', ( #664, #5445, #7347, #696 ) ) ;
#2506 = DIRECTION ( 'NONE',  ( -1.000000000000000000, 0.000000000000000000, 0.000000000000000000 ) ) ;
#2507 = SURFACE_SIDE_STYLE ('',( #4803 ) ) ;
#2508 = ORIENTED_EDGE ( 'NONE', *, *, #6043, .T. ) ;
#2509 = DIRECTION ( 'NONE',  ( 0.000000000000000000, 1.000000000000000000, 0.000000000000000000 ) ) ;
#2510 = CARTESIAN_POINT ( 'NONE',  ( 924.6000000000000227, 4.223730556086159993, 1081.667585196069922 ) ) ;
#2511 = UNCERTAINTY_MEASURE_WITH_UNIT (LENGTH_MEASURE( 1.000000000000000082E-05 ), #2672, 'distance_accuracy_value', 'NONE');
#2512 = FILL_AREA_STYLE ('',( #1874 ) ) ;
#2513 = AXIS2_PLACEMENT_3D ( 'NONE', #6097, #151, #2509 ) ;
#2514 = DIRECTION ( 'NONE',  ( 0.000000000000000000, -1.000000000000000000, 0.000000000000000000 ) ) ;
#2515 = COLOUR_RGB ( '',0.2000000000000000111, 0.2000000000000000111, 0.2000000000000000111 ) ;
#2516 = EDGE_LOOP ( 'NONE', ( #3131, #3084 ) ) ;
#2517 = DIRECTION ( 'NONE',  ( 1.000000000000000000, 0.000000000000000000, 0.000000000000000000 ) ) ;
#2518 = DIRECTION ( 'NONE',  ( 0.000000000000000000, -1.000000000000000000, 0.000000000000000000 ) ) ;
#2519 = CARTESIAN_POINT ( 'NONE',  ( 912.0000000000000000, -1.880796187583229742E-13, 1055.000000000000000 ) ) ;
#2520 = VERTEX_POINT ( 'NONE', #5032 ) ;
#2521 = ORIENTED_EDGE ( 'NONE', *, *, #3954, .T. ) ;
#2522 = SURFACE_SIDE_STYLE ('',( #817 ) ) ;
#2523 = AXIS2_PLACEMENT_3D ( 'NONE', #218, #1835, #795 ) ;
#2524 = CARTESIAN_POINT ( 'NONE',  ( 919.5699536282800182, -0.08507389283632742216, 1013.552178614907575 ) ) ;
#2525 = UNCERTAINTY_MEASURE_WITH_UNIT (LENGTH_MEASURE( 1.000000000000000082E-05 ), #5222, 'distance_accuracy_value', 'NONE');
#2526 = DIRECTION ( 'NONE',  ( 1.000000000000000000, 0.000000000000000000, 0.000000000000000000 ) ) ;
#2527 = CYLINDRICAL_SURFACE ( 'NONE', #4194, 2.749999999999998668 ) ;
#2528 = PRESENTATION_LAYER_ASSIGNMENT (  '', '', ( #5066 ) ) ;
#2529 = EDGE_CURVE ( 'NONE', #2316, #521, #4746, .T. ) ;
#2530 = VERTEX_POINT ( 'NONE', #7300 ) ;
#2531 = PRESENTATION_STYLE_ASSIGNMENT (( #4133 ) ) ;
#2532 = CARTESIAN_POINT ( 'NONE',  ( 925.0000000000000000, 2.499999999999809930, 1070.750000000000000 ) ) ;
#2533 =( GEOMETRIC_REPRESENTATION_CONTEXT ( 3 ) GLOBAL_UNCERTAINTY_ASSIGNED_CONTEXT ( ( #3927 ) ) GLOBAL_UNIT_ASSIGNED_CONTEXT ( ( #4367, #1972, #2640 ) ) REPRESENTATION_CONTEXT ( 'NONE', 'WORKASPACE' ) );
#2534 = EDGE_LOOP ( 'NONE', ( #202, #2341, #4015, #345 ) ) ;
#2535 = DIRECTION ( 'NONE',  ( -1.000000000000000000, 0.000000000000000000, 0.000000000000000000 ) ) ;
#2536 = CARTESIAN_POINT ( 'NONE',  ( 942.4931468039650326, -1.919175963709589834E-13, 1055.000000000000000 ) ) ;
#2537 = DIRECTION ( 'NONE',  ( 0.000000000000000000, -1.000000000000000000, 0.000000000000000000 ) ) ;
#2538 = DIRECTION ( 'NONE',  ( 0.000000000000000000, -1.224646799147353207E-16, 1.000000000000000000 ) ) ;
#2539 = CYLINDRICAL_SURFACE ( 'NONE', #4699, 2.999999999999999112 ) ;
#2540 = DIRECTION ( 'NONE',  ( -1.000000000000000000, 0.000000000000000000, 0.000000000000000000 ) ) ;
#2541 = EDGE_CURVE ( 'NONE', #6790, #3902, #1477, .T. ) ;
#2542 = EDGE_LOOP ( 'NONE', ( #2634, #5541, #4005, #6987 ) ) ;
#2543 = EDGE_CURVE ( 'NONE', #5660, #1858, #4959, .T. ) ;
#2544 = CARTESIAN_POINT ( 'NONE',  ( 921.5000000000000000, -12.25774349296839993, 1030.942823846909960 ) ) ;
#2545 =( NAMED_UNIT ( * ) PLANE_ANGLE_UNIT ( ) SI_UNIT ( $, .RADIAN. ) );
#2546 = EDGE_LOOP ( 'NONE', ( #2052, #2257, #6605, #2351 ) ) ;
#2547 = SURFACE_STYLE_USAGE ( .BOTH. , #1978 ) ;
#2548 = DIRECTION ( 'NONE',  ( 0.000000000000000000, 1.000000000000000000, 0.000000000000000000 ) ) ;
#2549 = MECHANICAL_DESIGN_GEOMETRIC_PRESENTATION_REPRESENTATION (  '', ( #6788 ), #6042 ) ;
#2550 = DIRECTION ( 'NONE',  ( 1.000000000000000000, 0.000000000000000000, 0.000000000000000000 ) ) ;
#2551 = EDGE_CURVE ( 'NONE', #5890, #5050, #1221, .T. ) ;
#2552 = AXIS2_PLACEMENT_3D ( 'NONE', #7474, #1766, #2259 ) ;
#2553 = DIRECTION ( 'NONE',  ( -0.000000000000000000, 0.000000000000000000, 1.000000000000000000 ) ) ;
#2554 = VERTEX_POINT ( 'NONE', #1502 ) ;
#2555 = SURFACE_SIDE_STYLE ('',( #4967 ) ) ;
#2556 = DIRECTION ( 'NONE',  ( 1.000000000000000000, 0.000000000000000000, 0.000000000000000000 ) ) ;
#2557 = COLOUR_RGB ( '',0.4000000000000000222, 0.4000000000000000222, 0.4000000000000000222 ) ;
#2558 = FILL_AREA_STYLE_COLOUR ( '', #6916 ) ;
#2559 = ORIENTED_EDGE ( 'NONE', *, *, #5225, .F. ) ;
#2560 = DIRECTION ( 'NONE',  ( 0.000000000000000000, 0.000000000000000000, 1.000000000000000000 ) ) ;
#2561 = CIRCLE ( 'NONE', #6062, 2.999999999999999112 ) ;
#2562 = SURFACE_SIDE_STYLE ('',( #3144 ) ) ;
#2563 = CARTESIAN_POINT ( 'NONE',  ( 930.0000000000000000, -1.912302285064559646E-13, 1070.750000000000000 ) ) ;
#2564 = FILL_AREA_STYLE ('',( #2698 ) ) ;
#2565 = UNCERTAINTY_MEASURE_WITH_UNIT (LENGTH_MEASURE( 1.000000000000000082E-05 ), #5576, 'distance_accuracy_value', 'NONE');
#2566 = AXIS2_PLACEMENT_3D ( 'NONE', #5370, #1343, #4109 ) ;
#2567 = VERTEX_POINT ( 'NONE', #3269 ) ;
#2568 = VERTEX_POINT ( 'NONE', #1040 ) ;
#2569 =( NAMED_UNIT ( * ) PLANE_ANGLE_UNIT ( ) SI_UNIT ( $, .RADIAN. ) );
#2570 = FILL_AREA_STYLE_COLOUR ( '', #6965 ) ;
#2571 = CARTESIAN_POINT ( 'NONE',  ( 840.0000000000000000, -1.905020620145609748E-13, 1055.000000000000000 ) ) ;
#2572 = SURFACE_STYLE_FILL_AREA ( #3021 ) ;
#2573 = EDGE_CURVE ( 'NONE', #1427, #248, #2933, .T. ) ;
#2574 = CARTESIAN_POINT ( 'NONE',  ( 924.6000000000000227, 26.66758519606849731, 1050.776269443909996 ) ) ;
#2575 =( LENGTH_UNIT ( ) NAMED_UNIT ( * ) SI_UNIT ( .MILLI., .METRE. ) );
#2576 = LINE ( 'NONE', #5415, #6070 ) ;
#2577 = ORIENTED_EDGE ( 'NONE', *, *, #5462, .F. ) ;
#2578 = CIRCLE ( 'NONE', #5963, 1.000000000000000888 ) ;
#2579 = SURFACE_SIDE_STYLE ('',( #3095 ) ) ;
#2580 = ORIENTED_EDGE ( 'NONE', *, *, #7106, .F. ) ;
#2581 = DIRECTION ( 'NONE',  ( 1.000000000000000000, 0.000000000000000000, 0.000000000000000000 ) ) ;
#2582 = LINE ( 'NONE', #7302, #1299 ) ;
#2583 = EDGE_CURVE ( 'NONE', #2941, #3778, #3539, .T. ) ;
#2584 = CARTESIAN_POINT ( 'NONE',  ( 921.5000000000000000, 22.09188309203669931, 1074.091883092039780 ) ) ;
#2585 = MECHANICAL_DESIGN_GEOMETRIC_PRESENTATION_REPRESENTATION (  '', ( #3054 ), #3284 ) ;
#2586 = COLOUR_RGB ( '',0.2000000000000000111, 0.2000000000000000111, 0.2000000000000000111 ) ;
#2587 = DIRECTION ( 'NONE',  ( 1.000000000000000000, 0.000000000000000000, 0.000000000000000000 ) ) ;
#2588 = CIRCLE ( 'NONE', #6836, 0.1999999999999779732 ) ;
#2589 = EDGE_LOOP ( 'NONE', ( #2335, #6747, #4729, #2425 ) ) ;
#2590 =( NAMED_UNIT ( * ) SI_UNIT ( $, .STERADIAN. ) SOLID_ANGLE_UNIT ( ) );
#2591 = EDGE_CURVE ( 'NONE', #7214, #5708, #2759, .T. ) ;
#2592 = EDGE_LOOP ( 'NONE', ( #4463, #4662, #4683, #3943 ) ) ;
#2593 = ORIENTED_EDGE ( 'NONE', *, *, #5691, .F. ) ;
#2594 = CARTESIAN_POINT ( 'NONE',  ( 923.0000000000000000, -15.75000000000000000, 1052.500000000000000 ) ) ;
#2595 = PLANE ( 'NONE',  #637 ) ;
#2596 = UNCERTAINTY_MEASURE_WITH_UNIT (LENGTH_MEASURE( 1.000000000000000082E-05 ), #5466, 'distance_accuracy_value', 'NONE');
#2597 = CYLINDRICAL_SURFACE ( 'NONE', #1367, 2.499999999999946709 ) ;
#2598 = STYLED_ITEM ( 'NONE', ( #6831 ), #3488 ) ;
#2599 = STYLED_ITEM ( 'NONE', ( #372 ), #3464 ) ;
#2600 = VERTEX_POINT ( 'NONE', #3880 ) ;
#2601 =( LENGTH_UNIT ( ) NAMED_UNIT ( * ) SI_UNIT ( .MILLI., .METRE. ) );
#2602 =( NAMED_UNIT ( * ) SI_UNIT ( $, .STERADIAN. ) SOLID_ANGLE_UNIT ( ) );
#2603 = ORIENTED_EDGE ( 'NONE', *, *, #3900, .T. ) ;
#2604 = CARTESIAN_POINT ( 'NONE',  ( 923.0000000000000000, -15.75000000000000000, 1057.499999999999773 ) ) ;
#2605 = DIRECTION ( 'NONE',  ( 0.000000000000000000, 1.000000000000000000, 0.000000000000000000 ) ) ;
#2606 = DIRECTION ( 'NONE',  ( 0.000000000000000000, -1.000000000000000000, 0.000000000000000000 ) ) ;
#2607 = FILL_AREA_STYLE ('',( #253 ) ) ;
#2608 =( NAMED_UNIT ( * ) SI_UNIT ( $, .STERADIAN. ) SOLID_ANGLE_UNIT ( ) );
#2609 = EDGE_LOOP ( 'NONE', ( #387, #6883, #3094, #1035 ) ) ;
#2610 = CIRCLE ( 'NONE', #1648, 25.00000000000000000 ) ;
#2611 = EDGE_CURVE ( 'NONE', #4931, #1603, #7082, .T. ) ;
#2612 = MECHANICAL_DESIGN_GEOMETRIC_PRESENTATION_REPRESENTATION (  '', ( #6112 ), #3319 ) ;
#2613 = CARTESIAN_POINT ( 'NONE',  ( 930.0000000000000000, 11.13693180368799851, 1066.136931803690004 ) ) ;
#2614 = CARTESIAN_POINT ( 'NONE',  ( 942.4931468039650326, -1.919175963709589834E-13, 1055.000000000000000 ) ) ;
#2615 = VERTEX_POINT ( 'NONE', #5602 ) ;
#2616 = CARTESIAN_POINT ( 'NONE',  ( 912.0000000000000000, -1.880796187583229742E-13, 1055.000000000000000 ) ) ;
#2617 = PRESENTATION_LAYER_ASSIGNMENT (  '', '', ( #1655 ) ) ;
#2618 = PRESENTATION_LAYER_ASSIGNMENT (  '', '', ( #2017 ) ) ;
#2619 = EDGE_CURVE ( 'NONE', #4280, #4565, #4990, .T. ) ;
#2620 = PRESENTATION_LAYER_ASSIGNMENT (  '', '', ( #279 ) ) ;
#2621 = ORIENTED_EDGE ( 'NONE', *, *, #3156, .F. ) ;
#2622 = FACE_OUTER_BOUND ( 'NONE', #5584, .T. ) ;
#2623 = STYLED_ITEM ( 'NONE', ( #2201 ), #5218 ) ;
#2624 = ORIENTED_EDGE ( 'NONE', *, *, #4137, .F. ) ;
#2625 = ADVANCED_FACE ( 'NONE', ( #6096 ), #5644, .T. ) ;
#2626 = ORIENTED_EDGE ( 'NONE', *, *, #2924, .T. ) ;
#2627 = ADVANCED_FACE ( 'NONE', ( #3992 ), #2833, .F. ) ;
#2628 =( GEOMETRIC_REPRESENTATION_CONTEXT ( 3 ) GLOBAL_UNCERTAINTY_ASSIGNED_CONTEXT ( ( #4095 ) ) GLOBAL_UNIT_ASSIGNED_CONTEXT ( ( #2958, #657, #4700 ) ) REPRESENTATION_CONTEXT ( 'NONE', 'WORKASPACE' ) );
#2629 = SURFACE_STYLE_USAGE ( .BOTH. , #3251 ) ;
#2630 = FACE_OUTER_BOUND ( 'NONE', #6815, .T. ) ;
#2631 = COLOUR_RGB ( '',0.4000000000000000222, 0.4000000000000000222, 0.4000000000000000222 ) ;
#2632 = SURFACE_SIDE_STYLE ('',( #1522 ) ) ;
#2633 = PRESENTATION_LAYER_ASSIGNMENT (  '', '', ( #6145 ) ) ;
#2634 = ORIENTED_EDGE ( 'NONE', *, *, #3166, .F. ) ;
#2635 = SURFACE_SIDE_STYLE ('',( #3869 ) ) ;
#2636 = DIRECTION ( 'NONE',  ( -1.000000000000000000, 0.000000000000000000, 0.000000000000000000 ) ) ;
#2637 = EDGE_LOOP ( 'NONE', ( #3013, #368, #3115, #76 ) ) ;
#2638 =( LENGTH_UNIT ( ) NAMED_UNIT ( * ) SI_UNIT ( .MILLI., .METRE. ) );
#2639 = AXIS2_PLACEMENT_3D ( 'NONE', #1742, #5740, #5146 ) ;
#2640 =( NAMED_UNIT ( * ) SI_UNIT ( $, .STERADIAN. ) SOLID_ANGLE_UNIT ( ) );
#2641 = PRESENTATION_STYLE_ASSIGNMENT (( #6741 ) ) ;
#2642 = AXIS2_PLACEMENT_3D ( 'NONE', #2654, #6719, #1508 ) ;
#2643 = MECHANICAL_DESIGN_GEOMETRIC_PRESENTATION_REPRESENTATION (  '', ( #2368 ), #674 ) ;
#2644 = ORIENTED_EDGE ( 'NONE', *, *, #4457, .T. ) ;
#2645 = COLOUR_RGB ( '',0.2000000000000000111, 0.2000000000000000111, 0.2000000000000000111 ) ;
#2646 = CARTESIAN_POINT ( 'NONE',  ( 916.5000000000000000, -1.886460050144839810E-13, 1055.000000000000000 ) ) ;
#2647 =( NAMED_UNIT ( * ) SI_UNIT ( $, .STERADIAN. ) SOLID_ANGLE_UNIT ( ) );
#2648 = FACE_OUTER_BOUND ( 'NONE', #6662, .T. ) ;
#2649 = ORIENTED_EDGE ( 'NONE', *, *, #5274, .T. ) ;
#2650 = CARTESIAN_POINT ( 'NONE',  ( 921.5000000000000000, 12.25774349296770183, 1079.057176153090040 ) ) ;
#2651 = CARTESIAN_POINT ( 'NONE',  ( 971.5000000000000000, 14.97388642960481064, 1078.626981374219213 ) ) ;
#2652 = DIRECTION ( 'NONE',  ( 0.000000000000000000, -1.000000000000000000, 0.000000000000000000 ) ) ;
#2653 = MECHANICAL_DESIGN_GEOMETRIC_PRESENTATION_REPRESENTATION (  '', ( #6413 ), #1697 ) ;
#2654 = CARTESIAN_POINT ( 'NONE',  ( 921.5000000000000000, 4.223730556085990351, 1028.332414803930078 ) ) ;
#2655 = FILL_AREA_STYLE_COLOUR ( '', #2586 ) ;
#2656 = FILL_AREA_STYLE_COLOUR ( '', #6853 ) ;
#2657 =( NAMED_UNIT ( * ) PLANE_ANGLE_UNIT ( ) SI_UNIT ( $, .RADIAN. ) );
#2658 = EDGE_CURVE ( 'NONE', #599, #2891, #7450, .T. ) ;
#2659 = CARTESIAN_POINT ( 'NONE',  ( 930.0000000000000000, 19.09188309203670286, 1074.091883092039780 ) ) ;
#2660 = AXIS2_PLACEMENT_3D ( 'NONE', #1574, #6700, #7324 ) ;
#2661 = ORIENTED_EDGE ( 'NONE', *, *, #5229, .F. ) ;
#2662 = ORIENTED_EDGE ( 'NONE', *, *, #3856, .F. ) ;
#2663 = DIRECTION ( 'NONE',  ( -1.000000000000000000, 0.000000000000000000, 0.000000000000000000 ) ) ;
#2664 = PRESENTATION_STYLE_ASSIGNMENT (( #7244 ) ) ;
#2665 = CARTESIAN_POINT ( 'NONE',  ( 919.5492948059257969, -0.03073534295098782898, 1013.545469569016291 ) ) ;
#2666 = UNCERTAINTY_MEASURE_WITH_UNIT (LENGTH_MEASURE( 1.000000000000000082E-05 ), #7403, 'distance_accuracy_value', 'NONE');
#2667 = PRESENTATION_STYLE_ASSIGNMENT (( #2032 ) ) ;
#2668 = EDGE_CURVE ( 'NONE', #6348, #2520, #5746, .T. ) ;
#2669 = STYLED_ITEM ( 'NONE', ( #3343 ), #250 ) ;
#2670 = EDGE_LOOP ( 'NONE', ( #1668, #799, #4623, #6889 ) ) ;
#2671 = SURFACE_STYLE_FILL_AREA ( #2497 ) ;
#2672 =( LENGTH_UNIT ( ) NAMED_UNIT ( * ) SI_UNIT ( .MILLI., .METRE. ) );
#2673 = CARTESIAN_POINT ( 'NONE',  ( 919.2511829564709842, -1.889922788399789826E-13, 1055.000000000000000 ) ) ;
#2674 = AXIS2_PLACEMENT_3D ( 'NONE', #2183, #2781, #6196 ) ;
#2675 = DIRECTION ( 'NONE',  ( 1.000000000000000000, 0.000000000000000000, 0.000000000000000000 ) ) ;
#2676 =( LENGTH_UNIT ( ) NAMED_UNIT ( * ) SI_UNIT ( .MILLI., .METRE. ) );
#2677 = DIRECTION ( 'NONE',  ( -1.000000000000000000, 0.000000000000000000, 0.000000000000000000 ) ) ;
#2678 = EDGE_CURVE ( 'NONE', #3387, #6584, #6445, .T. ) ;
#2679 = FILL_AREA_STYLE ('',( #4985 ) ) ;
#2680 = SURFACE_SIDE_STYLE ('',( #1115 ) ) ;
#2681 = ORIENTED_EDGE ( 'NONE', *, *, #2847, .F. ) ;
#2682 = DIRECTION ( 'NONE',  ( 1.000000000000000000, 0.000000000000000000, 0.000000000000000000 ) ) ;
#2683 = CARTESIAN_POINT ( 'NONE',  ( 930.0000000000000000, -2.220446049250309799E-13, 1039.250000000000000 ) ) ;
#2684 =( LENGTH_UNIT ( ) NAMED_UNIT ( * ) SI_UNIT ( .MILLI., .METRE. ) );
#2685 =( GEOMETRIC_REPRESENTATION_CONTEXT ( 3 ) GLOBAL_UNCERTAINTY_ASSIGNED_CONTEXT ( ( #7404 ) ) GLOBAL_UNIT_ASSIGNED_CONTEXT ( ( #6935, #6852, #6349 ) ) REPRESENTATION_CONTEXT ( 'NONE', 'WORKASPACE' ) );
#2686 = SURFACE_STYLE_FILL_AREA ( #4965 ) ;
#2687 = MECHANICAL_DESIGN_GEOMETRIC_PRESENTATION_REPRESENTATION (  '', ( #7319 ), #5124 ) ;
#2688 = SURFACE_SIDE_STYLE ('',( #2288 ) ) ;
#2689 = PRESENTATION_STYLE_ASSIGNMENT (( #3245 ) ) ;
#2690 = PRESENTATION_LAYER_ASSIGNMENT (  '', '', ( #113 ) ) ;
#2691 = DIRECTION ( 'NONE',  ( -1.000000000000000000, 0.000000000000000000, 0.000000000000000000 ) ) ;
#2692 = FILL_AREA_STYLE ('',( #2178 ) ) ;
#2693 = ORIENTED_EDGE ( 'NONE', *, *, #4352, .T. ) ;
#2694 = AXIS2_PLACEMENT_3D ( 'NONE', #1337, #3651, #5975 ) ;
#2695 = ORIENTED_EDGE ( 'NONE', *, *, #2543, .F. ) ;
#2696 = DIRECTION ( 'NONE',  ( 1.000000000000000000, 0.000000000000000000, 0.000000000000000000 ) ) ;
#2697 = EDGE_CURVE ( 'NONE', #2530, #3544, #236, .T. ) ;
#2698 = FILL_AREA_STYLE_COLOUR ( '', #4620 ) ;
#2699 = FACE_OUTER_BOUND ( 'NONE', #3814, .T. ) ;
#2700 =( GEOMETRIC_REPRESENTATION_CONTEXT ( 3 ) GLOBAL_UNCERTAINTY_ASSIGNED_CONTEXT ( ( #437 ) ) GLOBAL_UNIT_ASSIGNED_CONTEXT ( ( #4672, #1183, #6900 ) ) REPRESENTATION_CONTEXT ( 'NONE', 'WORKASPACE' ) );
#2701 = EDGE_LOOP ( 'NONE', ( #5278, #7205 ) ) ;
#2702 = SURFACE_SIDE_STYLE ('',( #2671 ) ) ;
#2703 = CARTESIAN_POINT ( 'NONE',  ( 924.6000000000000227, -16.09188309203700129, 1074.091883092039780 ) ) ;
#2704 = EDGE_CURVE ( 'NONE', #4732, #108, #3545, .T. ) ;
#2705 =( GEOMETRIC_REPRESENTATION_CONTEXT ( 3 ) GLOBAL_UNCERTAINTY_ASSIGNED_CONTEXT ( ( #2223 ) ) GLOBAL_UNIT_ASSIGNED_CONTEXT ( ( #4355, #6656, #7355 ) ) REPRESENTATION_CONTEXT ( 'NONE', 'WORKASPACE' ) );
#2706 = FILL_AREA_STYLE ('',( #948 ) ) ;
#2707 = CARTESIAN_POINT ( 'NONE',  ( 942.4931468039650326, -1.919175963709589834E-13, 1055.000000000000000 ) ) ;
#2708 = DIRECTION ( 'NONE',  ( 0.000000000000000000, -1.000000000000000000, 0.000000000000000000 ) ) ;
#2709 = STYLED_ITEM ( 'NONE', ( #4919 ), #1888 ) ;
#2710 = DIRECTION ( 'NONE',  ( -1.000000000000000000, 0.000000000000000000, 0.000000000000000000 ) ) ;
#2711 = AXIS2_PLACEMENT_3D ( 'NONE', #89, #3491, #6380 ) ;
#2712 = SURFACE_SIDE_STYLE ('',( #6202 ) ) ;
#2713 = VECTOR ( 'NONE', #6549, 1000.000000000000000 ) ;
#2714 = ORIENTED_EDGE ( 'NONE', *, *, #2611, .T. ) ;
#2715 = ADVANCED_FACE ( 'NONE', ( #5299 ), #2321, .T. ) ;
#2716 = MECHANICAL_DESIGN_GEOMETRIC_PRESENTATION_REPRESENTATION (  '', ( #5014 ), #5626 ) ;
#2717 =( NAMED_UNIT ( * ) SI_UNIT ( $, .STERADIAN. ) SOLID_ANGLE_UNIT ( ) );
#2718 = EDGE_LOOP ( 'NONE', ( #5455, #101 ) ) ;
#2719 = DIRECTION ( 'NONE',  ( 0.000000000000000000, 1.000000000000000000, 0.000000000000000000 ) ) ;
#2720 =( NAMED_UNIT ( * ) PLANE_ANGLE_UNIT ( ) SI_UNIT ( $, .RADIAN. ) );
#2721 = DIRECTION ( 'NONE',  ( 0.000000000000000000, -1.000000000000000000, 0.000000000000000000 ) ) ;
#2722 = STYLED_ITEM ( 'NONE', ( #1226 ), #1660 ) ;
#2723 = FILL_AREA_STYLE_COLOUR ( '', #7311 ) ;
#2724 = AXIS2_PLACEMENT_3D ( 'NONE', #2182, #5542, #936 ) ;
#2725 = SURFACE_STYLE_USAGE ( .BOTH. , #3275 ) ;
#2726 = PRESENTATION_STYLE_ASSIGNMENT (( #458 ) ) ;
#2727 = DIRECTION ( 'NONE',  ( 1.000000000000000000, 0.000000000000000000, 0.000000000000000000 ) ) ;
#2728 = CIRCLE ( 'NONE', #270, 10.50000000000000000 ) ;
#2729 = UNCERTAINTY_MEASURE_WITH_UNIT (LENGTH_MEASURE( 1.000000000000000082E-05 ), #6639, 'distance_accuracy_value', 'NONE');
#2730 =( NAMED_UNIT ( * ) SI_UNIT ( $, .STERADIAN. ) SOLID_ANGLE_UNIT ( ) );
#2731 =( NAMED_UNIT ( * ) PLANE_ANGLE_UNIT ( ) SI_UNIT ( $, .RADIAN. ) );
#2732 = ORIENTED_EDGE ( 'NONE', *, *, #6290, .T. ) ;
#2733 = ORIENTED_EDGE ( 'NONE', *, *, #1019, .F. ) ;
#2734 = DIRECTION ( 'NONE',  ( -1.000000000000000000, 0.000000000000000000, 0.000000000000000000 ) ) ;
#2735 = VERTEX_POINT ( 'NONE', #105 ) ;
#2736 = CARTESIAN_POINT ( 'NONE',  ( 930.0000000000000000, -23.66758519606889877, 1059.223730556090004 ) ) ;
#2737 = LINE ( 'NONE', #4589, #4786 ) ;
#2738 = DIRECTION ( 'NONE',  ( -1.000000000000000000, 0.000000000000000000, 0.000000000000000000 ) ) ;
#2739 = UNCERTAINTY_MEASURE_WITH_UNIT (LENGTH_MEASURE( 1.000000000000000082E-05 ), #1134, 'distance_accuracy_value', 'NONE');
#2740 = SURFACE_STYLE_FILL_AREA ( #4392 ) ;
#2741 = EDGE_CURVE ( 'NONE', #2789, #6563, #7139, .T. ) ;
#2742 = TOROIDAL_SURFACE ( 'NONE', #1790, 9.799999999999998934, 0.2000000000000000111 ) ;
#2743 = ORIENTED_EDGE ( 'NONE', *, *, #6192, .F. ) ;
#2744 = MECHANICAL_DESIGN_GEOMETRIC_PRESENTATION_REPRESENTATION (  '', ( #2623 ), #167 ) ;
#2745 = CYLINDRICAL_SURFACE ( 'NONE', #5221, 2.749999999999998668 ) ;
#2746 = SURFACE_STYLE_FILL_AREA ( #5703 ) ;
#2747 = CARTESIAN_POINT ( 'NONE',  ( 921.5000000000000000, 21.54215103355522487, 1072.843409217746057 ) ) ;
#2748 = UNCERTAINTY_MEASURE_WITH_UNIT (LENGTH_MEASURE( 1.000000000000000082E-05 ), #6215, 'distance_accuracy_value', 'NONE');
#2749 = DIRECTION ( 'NONE',  ( -1.000000000000000000, 0.000000000000000000, 0.000000000000000000 ) ) ;
#2750 = STYLED_ITEM ( 'NONE', ( #4113 ), #888 ) ;
#2751 = AXIS2_PLACEMENT_3D ( 'NONE', #1062, #2964, #5813 ) ;
#2752 = CARTESIAN_POINT ( 'NONE',  ( 921.5000000000000000, 4.223730556085990351, 1028.332414803930078 ) ) ;
#2753 = EDGE_CURVE ( 'NONE', #5048, #467, #6338, .T. ) ;
#2754 = VERTEX_POINT ( 'NONE', #3580 ) ;
#2755 =( GEOMETRIC_REPRESENTATION_CONTEXT ( 3 ) GLOBAL_UNCERTAINTY_ASSIGNED_CONTEXT ( ( #1619 ) ) GLOBAL_UNIT_ASSIGNED_CONTEXT ( ( #2992, #6960, #3662 ) ) REPRESENTATION_CONTEXT ( 'NONE', 'WORKASPACE' ) );
#2756 = FACE_OUTER_BOUND ( 'NONE', #2637, .T. ) ;
#2757 = CARTESIAN_POINT ( 'NONE',  ( 921.5000000000000000, -12.25774349296740162, 1079.057176153080036 ) ) ;
#2758 = ORIENTED_EDGE ( 'NONE', *, *, #304, .F. ) ;
#2759 = LINE ( 'NONE', #5076, #4995 ) ;
#2760 = DIRECTION ( 'NONE',  ( 1.000000000000000000, 0.000000000000000000, 0.000000000000000000 ) ) ;
#2761 = FACE_OUTER_BOUND ( 'NONE', #7526, .T. ) ;
#2762 = CYLINDRICAL_SURFACE ( 'NONE', #2404, 3.000000000000000000 ) ;
#2763 = CARTESIAN_POINT ( 'NONE',  ( 921.5000000000000000, 23.62698137422506761, 1040.026113570393136 ) ) ;
#2764 = CIRCLE ( 'NONE', #4692, 2.999999999999999112 ) ;
#2765 =( NAMED_UNIT ( * ) SI_UNIT ( $, .STERADIAN. ) SOLID_ANGLE_UNIT ( ) );
#2766 = EDGE_CURVE ( 'NONE', #4280, #863, #1867, .T. ) ;
#2767 = STYLED_ITEM ( 'NONE', ( #5186 ), #5811 ) ;
#2768 = DIRECTION ( 'NONE',  ( 1.000000000000000000, 0.000000000000000000, 0.000000000000000000 ) ) ;
#2769 = CIRCLE ( 'NONE', #7405, 3.000000000000000000 ) ;
#2770 = CARTESIAN_POINT ( 'NONE',  ( 930.0000000000000000, 22.09188309203669931, 1074.091883092039780 ) ) ;
#2771 = FACE_BOUND ( 'NONE', #3432, .T. ) ;
#2772 = AXIS2_PLACEMENT_3D ( 'NONE', #1359, #4737, #6508 ) ;
#2773 = PLANE ( 'NONE',  #3396 ) ;
#2774 = EDGE_CURVE ( 'NONE', #4117, #3032, #2820, .T. ) ;
#2775 = FILL_AREA_STYLE_COLOUR ( '', #693 ) ;
#2776 = EDGE_LOOP ( 'NONE', ( #2468, #1778 ) ) ;
#2777 = AXIS2_PLACEMENT_3D ( 'NONE', #6259, #5094, #1687 ) ;
#2778 = ORIENTED_EDGE ( 'NONE', *, *, #2215, .T. ) ;
#2779 = DIRECTION ( 'NONE',  ( 1.000000000000000000, 0.000000000000000000, 0.000000000000000000 ) ) ;
#2780 = ORIENTED_EDGE ( 'NONE', *, *, #1327, .F. ) ;
#2781 = DIRECTION ( 'NONE',  ( -1.000000000000000000, 0.000000000000000000, 0.000000000000000000 ) ) ;
#2782 = ORIENTED_EDGE ( 'NONE', *, *, #2704, .F. ) ;
#2783 = CARTESIAN_POINT ( 'NONE',  ( 924.5000000000000000, -19.09188309203730327, 1035.908116907959993 ) ) ;
#2784 = FACE_OUTER_BOUND ( 'NONE', #3111, .T. ) ;
#2785 = PLANE ( 'NONE',  #1184 ) ;
#2786 = FILL_AREA_STYLE ('',( #6386 ) ) ;
#2787 =( GEOMETRIC_REPRESENTATION_CONTEXT ( 3 ) GLOBAL_UNCERTAINTY_ASSIGNED_CONTEXT ( ( #3700 ) ) GLOBAL_UNIT_ASSIGNED_CONTEXT ( ( #2424, #6946, #4360 ) ) REPRESENTATION_CONTEXT ( 'NONE', 'WORKASPACE' ) );
#2788 = PRESENTATION_LAYER_ASSIGNMENT (  '', '', ( #4339 ) ) ;
#2789 = VERTEX_POINT ( 'NONE', #6527 ) ;
#2790 = COLOUR_RGB ( '',0.2000000000000000111, 0.2000000000000000111, 0.2000000000000000111 ) ;
#2791 =( NAMED_UNIT ( * ) PLANE_ANGLE_UNIT ( ) SI_UNIT ( $, .RADIAN. ) );
#2792 = DIRECTION ( 'NONE',  ( 0.000000000000000000, 0.000000000000000000, -1.000000000000000000 ) ) ;
#2793 = EDGE_LOOP ( 'NONE', ( #6343, #5957 ) ) ;
#2794 = AXIS2_PLACEMENT_3D ( 'NONE', #5853, #1295, #1401 ) ;
#2795 = VERTEX_POINT ( 'NONE', #5901 ) ;
#2796 = DIRECTION ( 'NONE',  ( 0.000000000000000000, -1.000000000000000000, 0.000000000000000000 ) ) ;
#2797 = EDGE_CURVE ( 'NONE', #3650, #3618, #2097, .T. ) ;
#2798 = SURFACE_SIDE_STYLE ('',( #413 ) ) ;
#2799 = DIRECTION ( 'NONE',  ( -1.000000000000000000, 0.000000000000000000, 0.000000000000000000 ) ) ;
#2800 = PLANE ( 'NONE',  #5829 ) ;
#2801 = COLOUR_RGB ( '',0.4000000000000000222, 0.4000000000000000222, 0.4000000000000000222 ) ;
#2802 = CARTESIAN_POINT ( 'NONE',  ( 971.5000000000000000, -6.673998497603823132, 1080.419111321786204 ) ) ;
#2803 = ADVANCED_FACE ( 'NONE', ( #1967 ), #1896, .F. ) ;
#2804 = DIRECTION ( 'NONE',  ( -0.7071067818211389522, 0.7071067805519561933, 8.659560554583428975E-17 ) ) ;
#2805 = SURFACE_STYLE_USAGE ( .BOTH. , #3925 ) ;
#2806 = UNCERTAINTY_MEASURE_WITH_UNIT (LENGTH_MEASURE( 1.000000000000000082E-05 ), #6408, 'distance_accuracy_value', 'NONE');
#2807 = SURFACE_SIDE_STYLE ('',( #3327 ) ) ;
#2808 = SURFACE_STYLE_FILL_AREA ( #7468 ) ;
#2809 = EDGE_LOOP ( 'NONE', ( #1688, #7473 ) ) ;
#2810 = ORIENTED_EDGE ( 'NONE', *, *, #2357, .T. ) ;
#2811 = DIRECTION ( 'NONE',  ( 1.000000000000000000, 0.000000000000000000, 0.000000000000000000 ) ) ;
#2812 = ORIENTED_EDGE ( 'NONE', *, *, #340, .F. ) ;
#2813 = CARTESIAN_POINT ( 'NONE',  ( 912.0000000000000000, -41.50000000000019185, 1055.000000000000000 ) ) ;
#2814 = EDGE_CURVE ( 'NONE', #5298, #6571, #7327, .T. ) ;
#2815 = EDGE_LOOP ( 'NONE', ( #639, #3527, #6479, #5980 ) ) ;
#2816 = PRESENTATION_STYLE_ASSIGNMENT (( #4591 ) ) ;
#2817 = DIRECTION ( 'NONE',  ( -1.000000000000000000, 0.000000000000000000, 0.000000000000000000 ) ) ;
#2818 = MECHANICAL_DESIGN_GEOMETRIC_PRESENTATION_REPRESENTATION (  '', ( #5966 ), #6334 ) ;
#2819 = DIRECTION ( 'NONE',  ( 1.000000000000000000, 0.000000000000000000, 0.000000000000000000 ) ) ;
#2820 = CIRCLE ( 'NONE', #5360, 30.87235634127030082 ) ;
#2821 = ORIENTED_EDGE ( 'NONE', *, *, #3890, .T. ) ;
#2822 = MECHANICAL_DESIGN_GEOMETRIC_PRESENTATION_REPRESENTATION (  '', ( #3423 ), #7088 ) ;
#2823 = FILL_AREA_STYLE_COLOUR ( '', #1580 ) ;
#2824 = DIRECTION ( 'NONE',  ( 0.000000000000000000, -1.000000000000000000, 0.000000000000000000 ) ) ;
#2825 = PRESENTATION_STYLE_ASSIGNMENT (( #593 ) ) ;
#2826 = UNCERTAINTY_MEASURE_WITH_UNIT (LENGTH_MEASURE( 1.000000000000000082E-05 ), #768, 'distance_accuracy_value', 'NONE');
#2827 = CARTESIAN_POINT ( 'NONE',  ( 921.5000000000000000, -19.09188309203730327, 1035.908116907959993 ) ) ;
#2828 = TOROIDAL_SURFACE ( 'NONE', #3901, 30.52933015970059927, 1.000000000000000000 ) ;
#2829 =( LENGTH_UNIT ( ) NAMED_UNIT ( * ) SI_UNIT ( .MILLI., .METRE. ) );
#2830 = ORIENTED_EDGE ( 'NONE', *, *, #1215, .F. ) ;
#2831 = DIRECTION ( 'NONE',  ( 0.000000000000000000, 1.000000000000000000, 0.000000000000000000 ) ) ;
#2832 = VERTEX_POINT ( 'NONE', #2426 ) ;
#2833 = CYLINDRICAL_SURFACE ( 'NONE', #4014, 2.999999999999999112 ) ;
#2834 = DIRECTION ( 'NONE',  ( -1.000000000000000000, 0.000000000000000000, 0.000000000000000000 ) ) ;
#2835 = DIRECTION ( 'NONE',  ( -1.000000000000000000, 0.000000000000000000, 0.000000000000000000 ) ) ;
#2836 = VECTOR ( 'NONE', #5243, 1000.000000000000000 ) ;
#2837 = CARTESIAN_POINT ( 'NONE',  ( 924.6000000000000227, -7.223730556086429999, 1028.332414803930078 ) ) ;
#2838 = CARTESIAN_POINT ( 'NONE',  ( 924.5000000000000000, -19.09188309203659983, 1074.091883092029775 ) ) ;
#2839 = FILL_AREA_STYLE ('',( #492 ) ) ;
#2840 = EDGE_CURVE ( 'NONE', #7299, #521, #3688, .T. ) ;
#2841 = SURFACE_STYLE_USAGE ( .BOTH. , #6754 ) ;
#2842 = FILL_AREA_STYLE ('',( #4415 ) ) ;
#2843 = DIRECTION ( 'NONE',  ( 1.000000000000000000, 0.000000000000000000, 0.000000000000000000 ) ) ;
#2844 = FACE_OUTER_BOUND ( 'NONE', #4369, .T. ) ;
#2845 = COLOUR_RGB ( '',0.2000000000000000111, 0.2000000000000000111, 0.2000000000000000111 ) ;
#2846 = DIRECTION ( 'NONE',  ( -1.000000000000000000, 0.000000000000000000, 0.000000000000000000 ) ) ;
#2847 = EDGE_CURVE ( 'NONE', #2832, #4102, #3294, .T. ) ;
#2848 = VERTEX_POINT ( 'NONE', #678 ) ;
#2849 = VERTEX_POINT ( 'NONE', #2500 ) ;
#2850 = DIRECTION ( 'NONE',  ( -1.000000000000000000, 0.000000000000000000, 0.000000000000000000 ) ) ;
#2851 = VERTEX_POINT ( 'NONE', #7255 ) ;
#2852 = STYLED_ITEM ( 'NONE', ( #556 ), #4567 ) ;
#2853 = DIRECTION ( 'NONE',  ( 1.000000000000000000, 0.000000000000000000, 0.000000000000000000 ) ) ;
#2854 = DIRECTION ( 'NONE',  ( 0.000000000000000000, -1.000000000000000000, 0.000000000000000000 ) ) ;
#2855 = EDGE_LOOP ( 'NONE', ( #6969, #4201, #1476, #7290 ) ) ;
#2856 =( NAMED_UNIT ( * ) SI_UNIT ( $, .STERADIAN. ) SOLID_ANGLE_UNIT ( ) );
#2857 = DIRECTION ( 'NONE',  ( 0.000000000000000000, -0.1564344650402296200, -0.9876883405951379924 ) ) ;
#2858 = FILL_AREA_STYLE_COLOUR ( '', #662 ) ;
#2859 = CARTESIAN_POINT ( 'NONE',  ( 921.5000000000000000, 12.25774349296749932, 1030.942823846909960 ) ) ;
#2860 = PRESENTATION_LAYER_ASSIGNMENT (  '', '', ( #1899 ) ) ;
#2861 = EDGE_CURVE ( 'NONE', #554, #6036, #4478, .T. ) ;
#2862 = EDGE_CURVE ( 'NONE', #7496, #5105, #4500, .T. ) ;
#2863 = ORIENTED_EDGE ( 'NONE', *, *, #7144, .F. ) ;
#2864 = DIRECTION ( 'NONE',  ( 1.000000000000000000, 0.000000000000000000, 0.000000000000000000 ) ) ;
#2865 = PRESENTATION_STYLE_ASSIGNMENT (( #2188 ) ) ;
#2866 = MECHANICAL_DESIGN_GEOMETRIC_PRESENTATION_REPRESENTATION (  '', ( #6250 ), #3100 ) ;
#2867 =( NAMED_UNIT ( * ) SI_UNIT ( $, .STERADIAN. ) SOLID_ANGLE_UNIT ( ) );
#2868 =( GEOMETRIC_REPRESENTATION_CONTEXT ( 3 ) GLOBAL_UNCERTAINTY_ASSIGNED_CONTEXT ( ( #2899 ) ) GLOBAL_UNIT_ASSIGNED_CONTEXT ( ( #2171, #6335, #1124 ) ) REPRESENTATION_CONTEXT ( 'NONE', 'WORKASPACE' ) );
#2869 = EDGE_CURVE ( 'NONE', #409, #6790, #3792, .T. ) ;
#2870 = MECHANICAL_DESIGN_GEOMETRIC_PRESENTATION_REPRESENTATION (  '', ( #5527 ), #54 ) ;
#2871 = ORIENTED_EDGE ( 'NONE', *, *, #7050, .F. ) ;
#2872 = SURFACE_STYLE_FILL_AREA ( #530 ) ;
#2873 = MECHANICAL_DESIGN_GEOMETRIC_PRESENTATION_REPRESENTATION (  '', ( #2393 ), #2628 ) ;
#2874 =( LENGTH_UNIT ( ) NAMED_UNIT ( * ) SI_UNIT ( .MILLI., .METRE. ) );
#2875 = EDGE_LOOP ( 'NONE', ( #7554, #2915, #6628, #1114 ) ) ;
#2876 = DIRECTION ( 'NONE',  ( 1.000000000000000000, 0.000000000000000000, 0.000000000000000000 ) ) ;
#2877 = PRESENTATION_STYLE_ASSIGNMENT (( #4138 ) ) ;
#2878 = AXIS2_PLACEMENT_3D ( 'NONE', #7266, #3773, #6465 ) ;
#2879 = CARTESIAN_POINT ( 'NONE',  ( 971.5000000000000000, 23.62698137422506051, 1040.026113570393136 ) ) ;
#2880 = PRESENTATION_LAYER_ASSIGNMENT (  '', '', ( #6143 ) ) ;
#2881 = CIRCLE ( 'NONE', #65, 2.999999999999999112 ) ;
#2882 = FACE_BOUND ( 'NONE', #3465, .T. ) ;
#2883 = CARTESIAN_POINT ( 'NONE',  ( 921.5000000000000000, 22.09188309203650036, 1035.908116907959993 ) ) ;
#2884 = UNCERTAINTY_MEASURE_WITH_UNIT (LENGTH_MEASURE( 1.000000000000000082E-05 ), #6934, 'distance_accuracy_value', 'NONE');
#2885 = AXIS2_PLACEMENT_3D ( 'NONE', #5838, #3664, #7116 ) ;
#2886 = FACE_OUTER_BOUND ( 'NONE', #1463, .T. ) ;
#2887 =( NAMED_UNIT ( * ) SI_UNIT ( $, .STERADIAN. ) SOLID_ANGLE_UNIT ( ) );
#2888 = EDGE_LOOP ( 'NONE', ( #3859, #5155, #2369, #5673 ) ) ;
#2889 = COLOUR_RGB ( '',0.2000000000000000111, 0.2000000000000000111, 0.2000000000000000111 ) ;
#2890 = CIRCLE ( 'NONE', #6035, 2.749999999999998668 ) ;
#2891 = VERTEX_POINT ( 'NONE', #4396 ) ;
#2892 = SURFACE_STYLE_FILL_AREA ( #1609 ) ;
#2893 = CARTESIAN_POINT ( 'NONE',  ( 923.0000000000000000, -15.75000000000000000, 1055.000000000000000 ) ) ;
#2894 = EDGE_CURVE ( 'NONE', #5518, #7111, #1485, .T. ) ;
#2895 = CIRCLE ( 'NONE', #3367, 2.999999999999999112 ) ;
#2896 = EDGE_LOOP ( 'NONE', ( #3533, #3179, #1714, #5296 ) ) ;
#2897 = PRESENTATION_STYLE_ASSIGNMENT (( #555 ) ) ;
#2898 = PRESENTATION_LAYER_ASSIGNMENT (  '', '', ( #6424 ) ) ;
#2899 = UNCERTAINTY_MEASURE_WITH_UNIT (LENGTH_MEASURE( 1.000000000000000082E-05 ), #2171, 'distance_accuracy_value', 'NONE');
#2900 =( NAMED_UNIT ( * ) SI_UNIT ( $, .STERADIAN. ) SOLID_ANGLE_UNIT ( ) );
#2901 = ADVANCED_FACE ( 'NONE', ( #3299 ), #6165, .T. ) ;
#2902 =( LENGTH_UNIT ( ) NAMED_UNIT ( * ) SI_UNIT ( .MILLI., .METRE. ) );
#2903 = AXIS2_PLACEMENT_3D ( 'NONE', #582, #6930, #903 ) ;
#2904 = ORIENTED_EDGE ( 'NONE', *, *, #6868, .F. ) ;
#2905 = CARTESIAN_POINT ( 'NONE',  ( 920.5000000000000000, -25.00000000000019185, 1055.000000000000000 ) ) ;
#2906 = ORIENTED_EDGE ( 'NONE', *, *, #1030, .F. ) ;
#2907 =( LENGTH_UNIT ( ) NAMED_UNIT ( * ) SI_UNIT ( .MILLI., .METRE. ) );
#2908 = ADVANCED_FACE ( 'NONE', ( #6782 ), #2828, .T. ) ;
#2909 =( NAMED_UNIT ( * ) SI_UNIT ( $, .STERADIAN. ) SOLID_ANGLE_UNIT ( ) );
#2910 = CYLINDRICAL_SURFACE ( 'NONE', #3072, 10.00000000000000000 ) ;
#2911 = DIRECTION ( 'NONE',  ( 0.000000000000000000, 0.000000000000000000, 1.000000000000000000 ) ) ;
#2912 = VECTOR ( 'NONE', #59, 1000.000000000000000 ) ;
#2913 = SURFACE_SIDE_STYLE ('',( #1240 ) ) ;
#2914 = FILL_AREA_STYLE ('',( #4495 ) ) ;
#2915 = ORIENTED_EDGE ( 'NONE', *, *, #6666, .T. ) ;
#2916 = DIRECTION ( 'NONE',  ( 0.000000000000000000, 0.000000000000000000, -1.000000000000000000 ) ) ;
#2917 = FILL_AREA_STYLE ('',( #6732 ) ) ;
#2918 = DIRECTION ( 'NONE',  ( -1.000000000000000000, 0.000000000000000000, 0.000000000000000000 ) ) ;
#2919 = ORIENTED_EDGE ( 'NONE', *, *, #5308, .T. ) ;
#2920 = CARTESIAN_POINT ( 'NONE',  ( 925.6000000000000227, -21.00000000000019185, 1055.000000000000000 ) ) ;
#2921 = CARTESIAN_POINT ( 'NONE',  ( 930.0000000000000000, 22.09188309203650036, 1035.908116907959993 ) ) ;
#2922 = PRESENTATION_LAYER_ASSIGNMENT (  '', '', ( #976 ) ) ;
#2923 =( LENGTH_UNIT ( ) NAMED_UNIT ( * ) SI_UNIT ( .MILLI., .METRE. ) );
#2924 = EDGE_CURVE ( 'NONE', #1329, #514, #990, .T. ) ;
#2925 = STYLED_ITEM ( 'NONE', ( #3107 ), #2501 ) ;
#2926 = VERTEX_POINT ( 'NONE', #2604 ) ;
#2927 = SURFACE_SIDE_STYLE ('',( #1884 ) ) ;
#2928 = CARTESIAN_POINT ( 'NONE',  ( 971.5000000000000000, -24.05717615308629931, 1042.742256507029879 ) ) ;
#2929 =( NAMED_UNIT ( * ) PLANE_ANGLE_UNIT ( ) SI_UNIT ( $, .RADIAN. ) );
#2930 = DIRECTION ( 'NONE',  ( 1.000000000000000000, 0.000000000000000000, 0.000000000000000000 ) ) ;
#2931 = SURFACE_STYLE_FILL_AREA ( #2163 ) ;
#2932 = FACE_OUTER_BOUND ( 'NONE', #3991, .T. ) ;
#2933 = CIRCLE ( 'NONE', #2467, 2.750000000000059064 ) ;
#2934 = PRESENTATION_STYLE_ASSIGNMENT (( #5330 ) ) ;
#2935 = CIRCLE ( 'NONE', #6079, 2.999999999999999112 ) ;
#2936 = ADVANCED_FACE ( 'NONE', ( #2272 ), #5849, .F. ) ;
#2937 = VERTEX_POINT ( 'NONE', #3381 ) ;
#2938 = COLOUR_RGB ( '',0.4000000000000000222, 0.4000000000000000222, 0.4000000000000000222 ) ;
#2939 = SURFACE_SIDE_STYLE ('',( #2872 ) ) ;
#2940 = DIRECTION ( 'NONE',  ( 1.000000000000000000, 0.000000000000000000, 0.000000000000000000 ) ) ;
#2941 = VERTEX_POINT ( 'NONE', #1705 ) ;
#2942 = CARTESIAN_POINT ( 'NONE',  ( 930.0000000000000000, 19.09188309203650036, 1035.908116907959993 ) ) ;
#2943 = FACE_OUTER_BOUND ( 'NONE', #7418, .T. ) ;
#2944 = EDGE_CURVE ( 'NONE', #1497, #3898, #493, .T. ) ;
#2945 = CARTESIAN_POINT ( 'NONE',  ( 930.0000000000000000, 11.13693180368799851, 1046.363068196309996 ) ) ;
#2946 = FILL_AREA_STYLE_COLOUR ( '', #14 ) ;
#2947 = FILL_AREA_STYLE_COLOUR ( '', #1530 ) ;
#2948 = AXIS2_PLACEMENT_3D ( 'NONE', #241, #4430, #5549 ) ;
#2949 = DIRECTION ( 'NONE',  ( 0.000000000000000000, -1.000000000000000000, 0.000000000000000000 ) ) ;
#2950 = DIRECTION ( 'NONE',  ( 0.000000000000000000, 1.000000000000000000, 0.000000000000000000 ) ) ;
#2951 = UNCERTAINTY_MEASURE_WITH_UNIT (LENGTH_MEASURE( 1.000000000000000082E-05 ), #6976, 'distance_accuracy_value', 'NONE');
#2952 = PLANE ( 'NONE',  #2885 ) ;
#2953 = AXIS2_PLACEMENT_3D ( 'NONE', #2246, #5231, #7541 ) ;
#2954 = PRESENTATION_LAYER_ASSIGNMENT (  '', '', ( #2599 ) ) ;
#2955 = EDGE_LOOP ( 'NONE', ( #5282, #3136, #3192, #6392 ) ) ;
#2956 = PRESENTATION_STYLE_ASSIGNMENT (( #2332 ) ) ;
#2957 = CARTESIAN_POINT ( 'NONE',  ( 924.6000000000000227, 7.223730556086159993, 1081.667585196069922 ) ) ;
#2958 =( LENGTH_UNIT ( ) NAMED_UNIT ( * ) SI_UNIT ( .MILLI., .METRE. ) );
#2959 = ORIENTED_EDGE ( 'NONE', *, *, #5067, .F. ) ;
#2960 =( NAMED_UNIT ( * ) SI_UNIT ( $, .STERADIAN. ) SOLID_ANGLE_UNIT ( ) );
#2961 = AXIS2_PLACEMENT_3D ( 'NONE', #5565, #7262, #2159 ) ;
#2962 = CARTESIAN_POINT ( 'NONE',  ( 921.5000000000000000, -26.66758519606889877, 1059.223730556090004 ) ) ;
#2963 = PRESENTATION_LAYER_ASSIGNMENT (  '', '', ( #4899 ) ) ;
#2964 = DIRECTION ( 'NONE',  ( 1.000000000000000000, 0.000000000000000000, 0.000000000000000000 ) ) ;
#2965 = SURFACE_STYLE_USAGE ( .BOTH. , #622 ) ;
#2966 = COLOUR_RGB ( '',0.2000000000000000111, 0.2000000000000000111, 0.2000000000000000111 ) ;
#2967 = PRESENTATION_LAYER_ASSIGNMENT (  '', '', ( #5275 ) ) ;
#2968 = ORIENTED_EDGE ( 'NONE', *, *, #2326, .F. ) ;
#2969 = LINE ( 'NONE', #3608, #2912 ) ;
#2970 = MECHANICAL_DESIGN_GEOMETRIC_PRESENTATION_REPRESENTATION (  '', ( #4281 ), #150 ) ;
#2971 = UNCERTAINTY_MEASURE_WITH_UNIT (LENGTH_MEASURE( 1.000000000000000082E-05 ), #4787, 'distance_accuracy_value', 'NONE');
#2972 = CARTESIAN_POINT ( 'NONE',  ( 921.5000000000000000, 4.223730556086679577, 1081.667585196069922 ) ) ;
#2973 = COLOUR_RGB ( '',0.4000000000000000222, 0.4000000000000000222, 0.4000000000000000222 ) ;
#2974 = EDGE_CURVE ( 'NONE', #3989, #1211, #2103, .T. ) ;
#2975 = ORIENTED_EDGE ( 'NONE', *, *, #2397, .F. ) ;
#2976 = AXIS2_PLACEMENT_3D ( 'NONE', #3848, #1596, #2949 ) ;
#2977 = PRESENTATION_STYLE_ASSIGNMENT (( #5860 ) ) ;
#2978 = VERTEX_POINT ( 'NONE', #5250 ) ;
#2979 = DIRECTION ( 'NONE',  ( 1.000000000000000000, 0.000000000000000000, 0.000000000000000000 ) ) ;
#2980 =( NAMED_UNIT ( * ) PLANE_ANGLE_UNIT ( ) SI_UNIT ( $, .RADIAN. ) );
#2981 = EDGE_CURVE ( 'NONE', #2320, #5890, #2378, .T. ) ;
#2982 = FILL_AREA_STYLE ('',( #603 ) ) ;
#2983 =( NAMED_UNIT ( * ) SI_UNIT ( $, .STERADIAN. ) SOLID_ANGLE_UNIT ( ) );
#2984 = CARTESIAN_POINT ( 'NONE',  ( 971.5000000000000000, 12.25774349296820098, 1079.057176153080036 ) ) ;
#2985 = EDGE_LOOP ( 'NONE', ( #6058, #750 ) ) ;
#2986 = COLOUR_RGB ( '',0.2000000000000000111, 0.2000000000000000111, 0.2000000000000000111 ) ;
#2987 = DIRECTION ( 'NONE',  ( 0.000000000000000000, -1.000000000000000000, 0.000000000000000000 ) ) ;
#2988 = FILL_AREA_STYLE ('',( #6056 ) ) ;
#2989 = COLOUR_RGB ( '',0.2000000000000000111, 0.2000000000000000111, 0.2000000000000000111 ) ;
#2990 = FILL_AREA_STYLE_COLOUR ( '', #6637 ) ;
#2991 = CARTESIAN_POINT ( 'NONE',  ( 919.5811443417960618, 0.09999999999980720145, 1013.556126214749838 ) ) ;
#2992 =( LENGTH_UNIT ( ) NAMED_UNIT ( * ) SI_UNIT ( .MILLI., .METRE. ) );
#2993 = EDGE_CURVE ( 'NONE', #3032, #6926, #6593, .T. ) ;
#2994 = AXIS2_PLACEMENT_3D ( 'NONE', #500, #7390, #1723 ) ;
#2995 = AXIS2_PLACEMENT_3D ( 'NONE', #5195, #2243, #491 ) ;
#2996 = CARTESIAN_POINT ( 'NONE',  ( 923.6000000000000227, 30.52933015970040032, 1055.000000000000000 ) ) ;
#2997 = EDGE_LOOP ( 'NONE', ( #917, #3560 ) ) ;
#2998 = FACE_OUTER_BOUND ( 'NONE', #1861, .T. ) ;
#2999 = CONICAL_SURFACE ( 'NONE', #5057, 10.00000000000000000, 0.7853981625000003852 ) ;
#3000 = ORIENTED_EDGE ( 'NONE', *, *, #6100, .F. ) ;
#3001 = DIRECTION ( 'NONE',  ( 1.000000000000000000, 0.000000000000000000, 0.000000000000000000 ) ) ;
#3002 = AXIS2_PLACEMENT_3D ( 'NONE', #921, #7303, #6060 ) ;
#3003 = DIRECTION ( 'NONE',  ( 1.000000000000000000, 0.000000000000000000, 0.000000000000000000 ) ) ;
#3004 = EDGE_CURVE ( 'NONE', #2481, #7277, #2588, .T. ) ;
#3005 = CARTESIAN_POINT ( 'NONE',  ( 929.5000000000000000, 19.99999999910241755, 1055.000000000000000 ) ) ;
#3006 = CARTESIAN_POINT ( 'NONE',  ( 921.5000000000000000, 25.41911132178497823, 1061.673998497597950 ) ) ;
#3007 = ORIENTED_EDGE ( 'NONE', *, *, #1188, .F. ) ;
#3008 = FILL_AREA_STYLE ('',( #97 ) ) ;
#3009 = DIRECTION ( 'NONE',  ( 0.000000000000000000, -1.000000000000000000, 0.000000000000000000 ) ) ;
#3010 = CARTESIAN_POINT ( 'NONE',  ( 924.5000000000000000, -4.223730556086869647, 1028.332414803930078 ) ) ;
#3011 = AXIS2_PLACEMENT_3D ( 'NONE', #6648, #2556, #2060 ) ;
#3012 = CIRCLE ( 'NONE', #1820, 3.000000000000000888 ) ;
#3013 = ORIENTED_EDGE ( 'NONE', *, *, #2268, .F. ) ;
#3014 = AXIS2_PLACEMENT_3D ( 'NONE', #992, #3305, #2831 ) ;
#3015 = AXIS2_PLACEMENT_3D ( 'NONE', #4043, #1130, #3928 ) ;
#3016 = CARTESIAN_POINT ( 'NONE',  ( 919.5811443417960618, 0.09999999999980720145, 1013.556126214749838 ) ) ;
#3017 = FACE_OUTER_BOUND ( 'NONE', #6467, .T. ) ;
#3018 = FACE_OUTER_BOUND ( 'NONE', #3718, .T. ) ;
#3019 = EDGE_LOOP ( 'NONE', ( #3674, #2693 ) ) ;
#3020 = DIRECTION ( 'NONE',  ( 0.000000000000000000, 1.000000000000000000, 0.000000000000000000 ) ) ;
#3021 = FILL_AREA_STYLE ('',( #1897 ) ) ;
#3022 = DIRECTION ( 'NONE',  ( 1.000000000000000000, 0.000000000000000000, 0.000000000000000000 ) ) ;
#3023 = STYLED_ITEM ( 'NONE', ( #1355 ), #7561 ) ;
#3024 = AXIS2_PLACEMENT_3D ( 'NONE', #2383, #3390, #5154 ) ;
#3025 = ORIENTED_EDGE ( 'NONE', *, *, #3956, .F. ) ;
#3026 = EDGE_CURVE ( 'NONE', #409, #1093, #3542, .T. ) ;
#3027 = DIRECTION ( 'NONE',  ( -1.000000000000000000, 1.258636124801849761E-16, 0.000000000000000000 ) ) ;
#3028 = DIRECTION ( 'NONE',  ( 0.000000000000000000, 1.000000000000000000, 0.000000000000000000 ) ) ;
#3029 = FACE_OUTER_BOUND ( 'NONE', #1625, .T. ) ;
#3030 = FACE_OUTER_BOUND ( 'NONE', #7083, .T. ) ;
#3031 = ADVANCED_FACE ( 'NONE', ( #4601 ), #7567, .T. ) ;
#3032 = VERTEX_POINT ( 'NONE', #4130 ) ;
#3033 = CARTESIAN_POINT ( 'NONE',  ( 923.0000000000000000, -2.220446049250309799E-13, 1039.250000000000000 ) ) ;
#3034 =( NAMED_UNIT ( * ) PLANE_ANGLE_UNIT ( ) SI_UNIT ( $, .RADIAN. ) );
#3035 = CARTESIAN_POINT ( 'NONE',  ( 930.0000000000000000, 26.66758519606849731, 1059.223730556090004 ) ) ;
#3036 =( GEOMETRIC_REPRESENTATION_CONTEXT ( 3 ) GLOBAL_UNCERTAINTY_ASSIGNED_CONTEXT ( ( #1852 ) ) GLOBAL_UNIT_ASSIGNED_CONTEXT ( ( #1017, #3333, #432 ) ) REPRESENTATION_CONTEXT ( 'NONE', 'WORKASPACE' ) );
#3037 = ORIENTED_EDGE ( 'NONE', *, *, #3499, .T. ) ;
#3038 = CARTESIAN_POINT ( 'NONE',  ( 971.5000000000000000, 4.223730556085629750, 1028.332414803930078 ) ) ;
#3039 = CARTESIAN_POINT ( 'NONE',  ( 930.0000000000000000, -19.50000000000019185, 1055.000000000000000 ) ) ;
#3040 = DIRECTION ( 'NONE',  ( 1.000000000000000000, 0.000000000000000000, 0.000000000000000000 ) ) ;
#3041 = ADVANCED_FACE ( 'NONE', ( #6516 ), #4711, .T. ) ;
#3042 = VERTEX_POINT ( 'NONE', #6590 ) ;
#3043 = CARTESIAN_POINT ( 'NONE',  ( 921.5000000000000000, 19.09188309203720024, 1074.091883092029775 ) ) ;
#3044 = UNCERTAINTY_MEASURE_WITH_UNIT (LENGTH_MEASURE( 1.000000000000000082E-05 ), #6452, 'distance_accuracy_value', 'NONE');
#3045 = ORIENTED_EDGE ( 'NONE', *, *, #175, .T. ) ;
#3046 = COLOUR_RGB ( '',0.2000000000000000111, 0.2000000000000000111, 0.2000000000000000111 ) ;
#3047 = FACE_BOUND ( 'NONE', #483, .T. ) ;
#3048 = CARTESIAN_POINT ( 'NONE',  ( 921.5000000000000000, 24.05717615308619983, 1067.257743492970121 ) ) ;
#3049 = VERTEX_POINT ( 'NONE', #168 ) ;
#3050 = DIRECTION ( 'NONE',  ( 0.000000000000000000, 0.1564344650402246517, -0.9876883405951386585 ) ) ;
#3051 = SURFACE_SIDE_STYLE ('',( #2572 ) ) ;
#3052 = DIRECTION ( 'NONE',  ( 1.000000000000000000, 0.000000000000000000, 0.000000000000000000 ) ) ;
#3053 = DIRECTION ( 'NONE',  ( 1.000000000000000000, 0.000000000000000000, 0.000000000000000000 ) ) ;
#3054 = STYLED_ITEM ( 'NONE', ( #4066 ), #2627 ) ;
#3055 = VERTEX_POINT ( 'NONE', #1366 ) ;
#3056 = DIRECTION ( 'NONE',  ( -1.000000000000000000, 0.000000000000000000, 0.000000000000000000 ) ) ;
#3057 = FACE_OUTER_BOUND ( 'NONE', #6427, .T. ) ;
#3058 = ORIENTED_EDGE ( 'NONE', *, *, #5188, .F. ) ;
#3059 = VECTOR ( 'NONE', #5367, 1000.000000000000000 ) ;
#3060 = FILL_AREA_STYLE_COLOUR ( '', #5345 ) ;
#3061 = SURFACE_STYLE_USAGE ( .BOTH. , #7401 ) ;
#3062 = ORIENTED_EDGE ( 'NONE', *, *, #2445, .T. ) ;
#3063 = FACE_OUTER_BOUND ( 'NONE', #1988, .T. ) ;
#3064 = CARTESIAN_POINT ( 'NONE',  ( 921.5000000000000000, 24.05717615308569890, 1042.742256507029879 ) ) ;
#3065 = COLOUR_RGB ( '',0.2000000000000000111, 0.2000000000000000111, 0.2000000000000000111 ) ;
#3066 = EDGE_CURVE ( 'NONE', #3258, #96, #1298, .T. ) ;
#3067 = CIRCLE ( 'NONE', #3671, 3.000000000000000888 ) ;
#3068 = ORIENTED_EDGE ( 'NONE', *, *, #4090, .T. ) ;
#3069 =( GEOMETRIC_REPRESENTATION_CONTEXT ( 3 ) GLOBAL_UNCERTAINTY_ASSIGNED_CONTEXT ( ( #2565 ) ) GLOBAL_UNIT_ASSIGNED_CONTEXT ( ( #5576, #2394, #4075 ) ) REPRESENTATION_CONTEXT ( 'NONE', 'WORKASPACE' ) );
#3070 = DIRECTION ( 'NONE',  ( -0.000000000000000000, 1.224646799147353207E-16, 1.000000000000000000 ) ) ;
#3071 = DIRECTION ( 'NONE',  ( 0.000000000000000000, 1.000000000000000000, 0.000000000000000000 ) ) ;
#3072 = AXIS2_PLACEMENT_3D ( 'NONE', #3514, #71, #1716 ) ;
#3073 = FACE_OUTER_BOUND ( 'NONE', #5908, .T. ) ;
#3074 =( NAMED_UNIT ( * ) PLANE_ANGLE_UNIT ( ) SI_UNIT ( $, .RADIAN. ) );
#3075 = UNCERTAINTY_MEASURE_WITH_UNIT (LENGTH_MEASURE( 1.000000000000000082E-05 ), #5074, 'distance_accuracy_value', 'NONE');
#3076 = EDGE_CURVE ( 'NONE', #6929, #6640, #4880, .T. ) ;
#3077 = ADVANCED_FACE ( 'NONE', ( #4860 ), #5967, .T. ) ;
#3078 =( GEOMETRIC_REPRESENTATION_CONTEXT ( 3 ) GLOBAL_UNCERTAINTY_ASSIGNED_CONTEXT ( ( #5092 ) ) GLOBAL_UNIT_ASSIGNED_CONTEXT ( ( #255, #1579, #4444 ) ) REPRESENTATION_CONTEXT ( 'NONE', 'WORKASPACE' ) );
#3079 = PRESENTATION_LAYER_ASSIGNMENT (  '', '', ( #2495 ) ) ;
#3080 = ORIENTED_EDGE ( 'NONE', *, *, #2078, .F. ) ;
#3081 = CARTESIAN_POINT ( 'NONE',  ( 916.5000000000000000, -1.886460050144839810E-13, 1055.000000000000000 ) ) ;
#3082 = DIRECTION ( 'NONE',  ( -0.000000000000000000, 1.224646799147353207E-16, 1.000000000000000000 ) ) ;
#3083 = CIRCLE ( 'NONE', #1512, 2.500000000000000444 ) ;
#3084 = ORIENTED_EDGE ( 'NONE', *, *, #6888, .F. ) ;
#3085 = DIRECTION ( 'NONE',  ( -1.000000000000000000, 0.000000000000000000, 0.000000000000000000 ) ) ;
#3086 = PRESENTATION_LAYER_ASSIGNMENT (  '', '', ( #2502 ) ) ;
#3087 =( LENGTH_UNIT ( ) NAMED_UNIT ( * ) SI_UNIT ( .MILLI., .METRE. ) );
#3088 = DIRECTION ( 'NONE',  ( 0.000000000000000000, 1.000000000000000000, 0.000000000000000000 ) ) ;
#3089 = EDGE_CURVE ( 'NONE', #554, #3174, #1488, .T. ) ;
#3090 = CYLINDRICAL_SURFACE ( 'NONE', #3347, 2.999999999999999112 ) ;
#3091 = DIRECTION ( 'NONE',  ( 0.000000000000000000, 1.000000000000000000, 0.000000000000000000 ) ) ;
#3092 = CARTESIAN_POINT ( 'NONE',  ( 924.5000000000000000, -12.25774349296740162, 1079.057176153080036 ) ) ;
#3093 = STYLED_ITEM ( 'NONE', ( #348 ), #4756 ) ;
#3094 = ORIENTED_EDGE ( 'NONE', *, *, #3350, .F. ) ;
#3095 = SURFACE_STYLE_FILL_AREA ( #3130 ) ;
#3096 = SURFACE_STYLE_USAGE ( .BOTH. , #224 ) ;
#3097 = ORIENTED_EDGE ( 'NONE', *, *, #6155, .T. ) ;
#3098 = CARTESIAN_POINT ( 'NONE',  ( 916.5000000000000000, -1.886460050144839810E-13, 1055.000000000000000 ) ) ;
#3099 = DIRECTION ( 'NONE',  ( -1.000000000000000000, 0.000000000000000000, 0.000000000000000000 ) ) ;
#3100 =( GEOMETRIC_REPRESENTATION_CONTEXT ( 3 ) GLOBAL_UNCERTAINTY_ASSIGNED_CONTEXT ( ( #2291 ) ) GLOBAL_UNIT_ASSIGNED_CONTEXT ( ( #3964, #3923, #6187 ) ) REPRESENTATION_CONTEXT ( 'NONE', 'WORKASPACE' ) );
#3101 = CARTESIAN_POINT ( 'NONE',  ( 921.5000000000000000, -24.05717615308610391, 1042.742256507029879 ) ) ;
#3102 = MECHANICAL_DESIGN_GEOMETRIC_PRESENTATION_REPRESENTATION (  '', ( #6750 ), #3471 ) ;
#3103 = FILL_AREA_STYLE ('',( #6031 ) ) ;
#3104 = DIRECTION ( 'NONE',  ( 0.000000000000000000, 1.000000000000000000, 0.000000000000000000 ) ) ;
#3105 = AXIS2_PLACEMENT_3D ( 'NONE', #7074, #1279, #2950 ) ;
#3106 = EDGE_LOOP ( 'NONE', ( #134, #2333, #223, #3236 ) ) ;
#3107 = PRESENTATION_STYLE_ASSIGNMENT (( #3669 ) ) ;
#3108 = VECTOR ( 'NONE', #1532, 1000.000000000000000 ) ;
#3109 = CARTESIAN_POINT ( 'NONE',  ( 924.5000000000000000, -1.773462614567777207, 1082.916059070353640 ) ) ;
#3110 = MECHANICAL_DESIGN_GEOMETRIC_PRESENTATION_REPRESENTATION (  '', ( #7389 ), #1410 ) ;
#3111 = EDGE_LOOP ( 'NONE', ( #7211, #5207, #2105, #6299 ) ) ;
#3112 =( NAMED_UNIT ( * ) PLANE_ANGLE_UNIT ( ) SI_UNIT ( $, .RADIAN. ) );
#3113 = EDGE_CURVE ( 'NONE', #6199, #2926, #2417, .T. ) ;
#3114 = AXIS2_PLACEMENT_3D ( 'NONE', #682, #3481, #5945 ) ;
#3115 = ORIENTED_EDGE ( 'NONE', *, *, #5133, .T. ) ;
#3116 = CARTESIAN_POINT ( 'NONE',  ( 919.7908600625165718, 0.3594502001211802300, 1013.658873783456443 ) ) ;
#3117 = ADVANCED_FACE ( 'NONE', ( #2699 ), #2597, .F. ) ;
#3118 =( LENGTH_UNIT ( ) NAMED_UNIT ( * ) SI_UNIT ( .MILLI., .METRE. ) );
#3119 = COLOUR_RGB ( '',0.4000000000000000222, 0.4000000000000000222, 0.4000000000000000222 ) ;
#3120 =( LENGTH_UNIT ( ) NAMED_UNIT ( * ) SI_UNIT ( .MILLI., .METRE. ) );
#3121 = ORIENTED_EDGE ( 'NONE', *, *, #1986, .F. ) ;
#3122 = CARTESIAN_POINT ( 'NONE',  ( 921.5000000000000000, -4.223730556086869647, 1028.332414803930078 ) ) ;
#3123 =( NAMED_UNIT ( * ) PLANE_ANGLE_UNIT ( ) SI_UNIT ( $, .RADIAN. ) );
#3124 = LINE ( 'NONE', #1969, #385 ) ;
#3125 = DIRECTION ( 'NONE',  ( 0.000000000000000000, -1.000000000000000000, 0.000000000000000000 ) ) ;
#3126 = STYLED_ITEM ( 'NONE', ( #6710 ), #7093 ) ;
#3127 = AXIS2_PLACEMENT_3D ( 'NONE', #7510, #6964, #4496 ) ;
#3128 = EDGE_LOOP ( 'NONE', ( #1764, #713, #3186, #1665 ) ) ;
#3129 = ADVANCED_FACE ( 'NONE', ( #6773, #3751 ), #278, .F. ) ;
#3130 = FILL_AREA_STYLE ('',( #3658 ) ) ;
#3131 = ORIENTED_EDGE ( 'NONE', *, *, #6217, .F. ) ;
#3132 = STYLED_ITEM ( 'NONE', ( #2977 ), #7240 ) ;
#3133 = DIRECTION ( 'NONE',  ( 0.000000000000000000, -1.000000000000000000, 0.000000000000000000 ) ) ;
#3134 = SURFACE_STYLE_USAGE ( .BOTH. , #227 ) ;
#3135 = MECHANICAL_DESIGN_GEOMETRIC_PRESENTATION_REPRESENTATION (  '', ( #6424 ), #1071 ) ;
#3136 = ORIENTED_EDGE ( 'NONE', *, *, #354, .T. ) ;
#3137 = CYLINDRICAL_SURFACE ( 'NONE', #4626, 2.499999999999946709 ) ;
#3138 = SURFACE_STYLE_FILL_AREA ( #5001 ) ;
#3139 = AXIS2_PLACEMENT_3D ( 'NONE', #6436, #707, #4235 ) ;
#3140 = VERTEX_POINT ( 'NONE', #1484 ) ;
#3141 = EDGE_LOOP ( 'NONE', ( #5096, #2649 ) ) ;
#3142 = CARTESIAN_POINT ( 'NONE',  ( 924.6000000000000227, 9.257743492967700050, 1079.057176153090040 ) ) ;
#3143 = COLOUR_RGB ( '',0.2000000000000000111, 0.2000000000000000111, 0.2000000000000000111 ) ;
#3144 = SURFACE_STYLE_FILL_AREA ( #855 ) ;
#3145 =( NAMED_UNIT ( * ) PLANE_ANGLE_UNIT ( ) SI_UNIT ( $, .RADIAN. ) );
#3146 = DIRECTION ( 'NONE',  ( 1.000000000000000000, 0.000000000000000000, 0.000000000000000000 ) ) ;
#3147 = UNCERTAINTY_MEASURE_WITH_UNIT (LENGTH_MEASURE( 1.000000000000000082E-05 ), #2015, 'distance_accuracy_value', 'NONE');
#3148 = AXIS2_PLACEMENT_3D ( 'NONE', #4951, #5516, #2083 ) ;
#3149 = ORIENTED_EDGE ( 'NONE', *, *, #6290, .F. ) ;
#3150 = CARTESIAN_POINT ( 'NONE',  ( 921.5000000000000000, 4.223730556086159993, 1081.667585196069922 ) ) ;
#3151 = ORIENTED_EDGE ( 'NONE', *, *, #6460, .T. ) ;
#3152 = LINE ( 'NONE', #4245, #643 ) ;
#3153 = PRESENTATION_LAYER_ASSIGNMENT (  '', '', ( #7316 ) ) ;
#3154 = SURFACE_SIDE_STYLE ('',( #833 ) ) ;
#3155 = FACE_OUTER_BOUND ( 'NONE', #1227, .T. ) ;
#3156 = EDGE_CURVE ( 'NONE', #2789, #3055, #7335, .T. ) ;
#3157 = COLOUR_RGB ( '',0.4000000000000000222, 0.4000000000000000222, 0.4000000000000000222 ) ;
#3158 = PRESENTATION_STYLE_ASSIGNMENT (( #4875 ) ) ;
#3159 = CARTESIAN_POINT ( 'NONE',  ( 924.5999999999993406, 0.4330824726734608388, 1024.355860167014271 ) ) ;
#3160 = ORIENTED_EDGE ( 'NONE', *, *, #6918, .F. ) ;
#3161 = MECHANICAL_DESIGN_GEOMETRIC_PRESENTATION_REPRESENTATION (  '', ( #7077 ), #5847 ) ;
#3162 = DIRECTION ( 'NONE',  ( 1.000000000000000000, 0.000000000000000000, 0.000000000000000000 ) ) ;
#3163 =( LENGTH_UNIT ( ) NAMED_UNIT ( * ) SI_UNIT ( .MILLI., .METRE. ) );
#3164 = CARTESIAN_POINT ( 'NONE',  ( 921.5000000000000000, -23.66758519606889877, 1050.776269443909996 ) ) ;
#3165 =( NAMED_UNIT ( * ) SI_UNIT ( $, .STERADIAN. ) SOLID_ANGLE_UNIT ( ) );
#3166 = EDGE_CURVE ( 'NONE', #4667, #6457, #4900, .T. ) ;
#3167 = PRESENTATION_LAYER_ASSIGNMENT (  '', '', ( #5477 ) ) ;
#3168 = ADVANCED_FACE ( 'NONE', ( #5624 ), #6694, .T. ) ;
#3169 = AXIS2_PLACEMENT_3D ( 'NONE', #6332, #5198, #1926 ) ;
#3170 = CARTESIAN_POINT ( 'NONE',  ( 921.5000000000000000, -19.09188309203700129, 1035.908116907959993 ) ) ;
#3171 =( NAMED_UNIT ( * ) SI_UNIT ( $, .STERADIAN. ) SOLID_ANGLE_UNIT ( ) );
#3172 =( NAMED_UNIT ( * ) SI_UNIT ( $, .STERADIAN. ) SOLID_ANGLE_UNIT ( ) );
#3173 =( GEOMETRIC_REPRESENTATION_CONTEXT ( 3 ) GLOBAL_UNCERTAINTY_ASSIGNED_CONTEXT ( ( #1610 ) ) GLOBAL_UNIT_ASSIGNED_CONTEXT ( ( #4287, #4754, #6010 ) ) REPRESENTATION_CONTEXT ( 'NONE', 'WORKASPACE' ) );
#3174 = VERTEX_POINT ( 'NONE', #551 ) ;
#3175 =( LENGTH_UNIT ( ) NAMED_UNIT ( * ) SI_UNIT ( .MILLI., .METRE. ) );
#3176 = CYLINDRICAL_SURFACE ( 'NONE', #3015, 3.000000000000000000 ) ;
#3177 = VECTOR ( 'NONE', #5359, 1000.000000000000000 ) ;
#3178 = ORIENTED_EDGE ( 'NONE', *, *, #5454, .T. ) ;
#3179 = ORIENTED_EDGE ( 'NONE', *, *, #4252, .T. ) ;
#3180 =( LENGTH_UNIT ( ) NAMED_UNIT ( * ) SI_UNIT ( .MILLI., .METRE. ) );
#3181 = DIRECTION ( 'NONE',  ( -1.000000000000000000, 0.000000000000000000, 0.000000000000000000 ) ) ;
#3182 = UNCERTAINTY_MEASURE_WITH_UNIT (LENGTH_MEASURE( 1.000000000000000082E-05 ), #3271, 'distance_accuracy_value', 'NONE');
#3183 = CARTESIAN_POINT ( 'NONE',  ( 930.0000000000000000, 11.13693180368799851, 1043.863068196310223 ) ) ;
#3184 = ORIENTED_EDGE ( 'NONE', *, *, #5444, .T. ) ;
#3185 = DIRECTION ( 'NONE',  ( 0.000000000000000000, -1.000000000000000000, 0.000000000000000000 ) ) ;
#3186 = ORIENTED_EDGE ( 'NONE', *, *, #2087, .F. ) ;
#3187 = CARTESIAN_POINT ( 'NONE',  ( 924.6000000000000227, 16.09188309203650036, 1035.908116907959993 ) ) ;
#3188 = CARTESIAN_POINT ( 'NONE',  ( 924.2000000000000455, -1.896151548305809998E-13, 1055.000000000000000 ) ) ;
#3189 = COLOUR_RGB ( '',0.4000000000000000222, 0.4000000000000000222, 0.4000000000000000222 ) ;
#3190 = LINE ( 'NONE', #6667, #784 ) ;
#3191 = SURFACE_STYLE_FILL_AREA ( #2607 ) ;
#3192 = ORIENTED_EDGE ( 'NONE', *, *, #6695, .T. ) ;
#3193 =( GEOMETRIC_REPRESENTATION_CONTEXT ( 3 ) GLOBAL_UNCERTAINTY_ASSIGNED_CONTEXT ( ( #7546 ) ) GLOBAL_UNIT_ASSIGNED_CONTEXT ( ( #4017, #5107, #1147 ) ) REPRESENTATION_CONTEXT ( 'NONE', 'WORKASPACE' ) );
#3194 = AXIS2_PLACEMENT_3D ( 'NONE', #1246, #1838, #3562 ) ;
#3195 = CARTESIAN_POINT ( 'NONE',  ( 930.0000000000000000, 11.13693180368799851, 1063.636931803690004 ) ) ;
#3196 = FACE_OUTER_BOUND ( 'NONE', #7348, .T. ) ;
#3197 = ORIENTED_EDGE ( 'NONE', *, *, #1345, .T. ) ;
#3198 = ADVANCED_FACE ( 'NONE', ( #3417 ), #5663, .T. ) ;
#3199 = SURFACE_SIDE_STYLE ('',( #190 ) ) ;
#3200 = FACE_BOUND ( 'NONE', #7104, .T. ) ;
#3201 = DIRECTION ( 'NONE',  ( 0.000000000000000000, 0.1564344650402259007, 0.9876883405951384365 ) ) ;
#3202 = DIRECTION ( 'NONE',  ( 0.000000000000000000, -0.1564344650402296200, -0.9876883405951379924 ) ) ;
#3203 = FILL_AREA_STYLE ('',( #6103 ) ) ;
#3204 = DIRECTION ( 'NONE',  ( 0.000000000000000000, 1.000000000000000000, 0.000000000000000000 ) ) ;
#3205 = FACE_OUTER_BOUND ( 'NONE', #6675, .T. ) ;
#3206 = EDGE_CURVE ( 'NONE', #2978, #5005, #7557, .T. ) ;
#3207 = CARTESIAN_POINT ( 'NONE',  ( 923.0000000000000000, 11.13693180368799851, 1063.636931803690004 ) ) ;
#3208 = DIRECTION ( 'NONE',  ( 0.000000000000000000, 1.000000000000000000, 0.000000000000000000 ) ) ;
#3209 = FACE_OUTER_BOUND ( 'NONE', #5732, .T. ) ;
#3210 = VERTEX_POINT ( 'NONE', #3498 ) ;
#3211 = ORIENTED_EDGE ( 'NONE', *, *, #1893, .T. ) ;
#3212 = DIRECTION ( 'NONE',  ( 1.000000000000000000, 0.000000000000000000, 0.000000000000000000 ) ) ;
#3213 = MECHANICAL_DESIGN_GEOMETRIC_PRESENTATION_REPRESENTATION (  '', ( #6520 ), #5044 ) ;
#3214 = FACE_OUTER_BOUND ( 'NONE', #4986, .T. ) ;
#3215 = CARTESIAN_POINT ( 'NONE',  ( 920.5000000000000000, -1.891494594644039896E-13, 1055.000000000000000 ) ) ;
#3216 = EDGE_CURVE ( 'NONE', #3454, #163, #3461, .T. ) ;
#3217 = FILL_AREA_STYLE_COLOUR ( '', #4239 ) ;
#3218 = CIRCLE ( 'NONE', #1676, 2.749999999999995115 ) ;
#3219 =( GEOMETRIC_REPRESENTATION_CONTEXT ( 3 ) GLOBAL_UNCERTAINTY_ASSIGNED_CONTEXT ( ( #2133 ) ) GLOBAL_UNIT_ASSIGNED_CONTEXT ( ( #3916, #1043, #7457 ) ) REPRESENTATION_CONTEXT ( 'NONE', 'WORKASPACE' ) );
#3220 = ORIENTED_EDGE ( 'NONE', *, *, #141, .T. ) ;
#3221 =( NAMED_UNIT ( * ) SI_UNIT ( $, .STERADIAN. ) SOLID_ANGLE_UNIT ( ) );
#3222 = SURFACE_STYLE_USAGE ( .BOTH. , #6347 ) ;
#3223 = COLOUR_RGB ( '',0.2000000000000000111, 0.2000000000000000111, 0.2000000000000000111 ) ;
#3224 =( NAMED_UNIT ( * ) SI_UNIT ( $, .STERADIAN. ) SOLID_ANGLE_UNIT ( ) );
#3225 = CARTESIAN_POINT ( 'NONE',  ( 925.6000000000000227, -1.897913638880529876E-13, 1055.000000000000000 ) ) ;
#3226 = COLOUR_RGB ( '',0.2000000000000000111, 0.2000000000000000111, 0.2000000000000000111 ) ;
#3227 = DIRECTION ( 'NONE',  ( -1.000000000000000000, 0.000000000000000000, 0.000000000000000000 ) ) ;
#3228 = CYLINDRICAL_SURFACE ( 'NONE', #3875, 2.999999999999999112 ) ;
#3229 = PRESENTATION_LAYER_ASSIGNMENT (  '', '', ( #6538 ) ) ;
#3230 = EDGE_LOOP ( 'NONE', ( #5744, #1602, #7398, #22 ) ) ;
#3231 = AXIS2_PLACEMENT_3D ( 'NONE', #6623, #2031, #240 ) ;
#3232 = AXIS2_PLACEMENT_3D ( 'NONE', #7011, #6389, #2372 ) ;
#3233 = CARTESIAN_POINT ( 'NONE',  ( 912.0000000000000000, -40.50000000000019185, 1055.000000000000000 ) ) ;
#3234 = DIRECTION ( 'NONE',  ( -1.000000000000000000, 0.000000000000000000, 0.000000000000000000 ) ) ;
#3235 = CARTESIAN_POINT ( 'NONE',  ( 924.5000000000000000, -24.05717615308590140, 1067.257743492970121 ) ) ;
#3236 = ORIENTED_EDGE ( 'NONE', *, *, #3636, .F. ) ;
#3237 = CARTESIAN_POINT ( 'NONE',  ( 930.0000000000000000, -2.500000000000191402, 1070.750000000000000 ) ) ;
#3238 =( LENGTH_UNIT ( ) NAMED_UNIT ( * ) SI_UNIT ( .MILLI., .METRE. ) );
#3239 = LINE ( 'NONE', #1818, #6895 ) ;
#3240 = FACE_OUTER_BOUND ( 'NONE', #614, .T. ) ;
#3241 = AXIS2_PLACEMENT_3D ( 'NONE', #6956, #6414, #2987 ) ;
#3242 = EDGE_CURVE ( 'NONE', #4758, #2037, #6855, .T. ) ;
#3243 = CARTESIAN_POINT ( 'NONE',  ( 930.0000000000000000, -26.66758519606889877, 1059.223730556090004 ) ) ;
#3244 =( GEOMETRIC_REPRESENTATION_CONTEXT ( 3 ) GLOBAL_UNCERTAINTY_ASSIGNED_CONTEXT ( ( #3680 ) ) GLOBAL_UNIT_ASSIGNED_CONTEXT ( ( #5219, #2311, #4476 ) ) REPRESENTATION_CONTEXT ( 'NONE', 'WORKASPACE' ) );
#3245 = SURFACE_STYLE_USAGE ( .BOTH. , #4121 ) ;
#3246 = SURFACE_SIDE_STYLE ('',( #3281 ) ) ;
#3247 = VECTOR ( 'NONE', #886, 1000.000000000000000 ) ;
#3248 = EDGE_CURVE ( 'NONE', #4308, #6933, #7100, .T. ) ;
#3249 = ORIENTED_EDGE ( 'NONE', *, *, #5915, .T. ) ;
#3250 = DIRECTION ( 'NONE',  ( 1.000000000000000000, 0.000000000000000000, 0.000000000000000000 ) ) ;
#3251 = SURFACE_SIDE_STYLE ('',( #6073 ) ) ;
#3252 = PLANE ( 'NONE',  #5647 ) ;
#3253 = DIRECTION ( 'NONE',  ( 1.000000000000000000, 0.000000000000000000, 0.000000000000000000 ) ) ;
#3254 = UNCERTAINTY_MEASURE_WITH_UNIT (LENGTH_MEASURE( 1.000000000000000082E-05 ), #834, 'distance_accuracy_value', 'NONE');
#3255 =( NAMED_UNIT ( * ) SI_UNIT ( $, .STERADIAN. ) SOLID_ANGLE_UNIT ( ) );
#3256 = EDGE_CURVE ( 'NONE', #1603, #4931, #3787, .T. ) ;
#3257 = AXIS2_PLACEMENT_3D ( 'NONE', #5629, #3379, #5106 ) ;
#3258 = VERTEX_POINT ( 'NONE', #7521 ) ;
#3259 = DIRECTION ( 'NONE',  ( 0.000000000000000000, -1.000000000000000000, 0.000000000000000000 ) ) ;
#3260 = SURFACE_STYLE_FILL_AREA ( #2076 ) ;
#3261 = AXIS2_PLACEMENT_3D ( 'NONE', #2928, #15, #1257 ) ;
#3262 = DIRECTION ( 'NONE',  ( 1.000000000000000000, 0.000000000000000000, 0.000000000000000000 ) ) ;
#3263 =( LENGTH_UNIT ( ) NAMED_UNIT ( * ) SI_UNIT ( .MILLI., .METRE. ) );
#3264 =( NAMED_UNIT ( * ) PLANE_ANGLE_UNIT ( ) SI_UNIT ( $, .RADIAN. ) );
#3265 = CARTESIAN_POINT ( 'NONE',  ( 971.5000000000000000, 24.05717615308619983, 1067.257743492970121 ) ) ;
#3266 = SURFACE_STYLE_USAGE ( .BOTH. , #871 ) ;
#3267 = PRESENTATION_STYLE_ASSIGNMENT (( #4334 ) ) ;
#3268 = EDGE_LOOP ( 'NONE', ( #1154, #3607 ) ) ;
#3269 = CARTESIAN_POINT ( 'NONE',  ( 924.5000000000000000, 9.541600556331591321, 1079.487370931940859 ) ) ;
#3270 = PRESENTATION_LAYER_ASSIGNMENT (  '', '', ( #3525 ) ) ;
#3271 =( LENGTH_UNIT ( ) NAMED_UNIT ( * ) SI_UNIT ( .MILLI., .METRE. ) );
#3272 =( NAMED_UNIT ( * ) PLANE_ANGLE_UNIT ( ) SI_UNIT ( $, .RADIAN. ) );
#3273 = DIRECTION ( 'NONE',  ( 1.000000000000000000, 0.000000000000000000, 0.000000000000000000 ) ) ;
#3274 = SURFACE_STYLE_FILL_AREA ( #1004 ) ;
#3275 = SURFACE_SIDE_STYLE ('',( #6253 ) ) ;
#3276 = DIRECTION ( 'NONE',  ( 1.000000000000000000, 0.000000000000000000, 0.000000000000000000 ) ) ;
#3277 = PRESENTATION_STYLE_ASSIGNMENT (( #967 ) ) ;
#3278 = ADVANCED_FACE ( 'NONE', ( #1695 ), #1023, .F. ) ;
#3279 = PRESENTATION_LAYER_ASSIGNMENT (  '', '', ( #3415 ) ) ;
#3280 = SURFACE_STYLE_FILL_AREA ( #131 ) ;
#3281 = SURFACE_STYLE_FILL_AREA ( #932 ) ;
#3282 = AXIS2_PLACEMENT_3D ( 'NONE', #4262, #5491, #6063 ) ;
#3283 = ORIENTED_EDGE ( 'NONE', *, *, #552, .F. ) ;
#3284 =( GEOMETRIC_REPRESENTATION_CONTEXT ( 3 ) GLOBAL_UNCERTAINTY_ASSIGNED_CONTEXT ( ( #3864 ) ) GLOBAL_UNIT_ASSIGNED_CONTEXT ( ( #4103, #1076, #1715 ) ) REPRESENTATION_CONTEXT ( 'NONE', 'WORKASPACE' ) );
#3285 = ORIENTED_EDGE ( 'NONE', *, *, #987, .F. ) ;
#3286 = CARTESIAN_POINT ( 'NONE',  ( 930.0000000000000000, 15.74999999999969802, 1052.500000000000000 ) ) ;
#3287 = ORIENTED_EDGE ( 'NONE', *, *, #5015, .T. ) ;
#3288 = FILL_AREA_STYLE_COLOUR ( '', #334 ) ;
#3289 = SURFACE_SIDE_STYLE ('',( #975 ) ) ;
#3290 = CARTESIAN_POINT ( 'NONE',  ( 930.0000000000000000, -19.09188309203700129, 1035.908116907959993 ) ) ;
#3291 = DIRECTION ( 'NONE',  ( 0.000000000000000000, -1.000000000000000000, 0.000000000000000000 ) ) ;
#3292 = DIRECTION ( 'NONE',  ( 0.000000000000000000, 1.000000000000000000, 0.000000000000000000 ) ) ;
#3293 = EDGE_CURVE ( 'NONE', #4562, #6563, #5376, .T. ) ;
#3294 = CIRCLE ( 'NONE', #123, 2.749999999999941380 ) ;
#3295 = ORIENTED_EDGE ( 'NONE', *, *, #7040, .F. ) ;
#3296 = DIRECTION ( 'NONE',  ( 0.000000000000000000, 0.8910065241883723397, -0.4539904997395379782 ) ) ;
#3297 = PRESENTATION_LAYER_ASSIGNMENT (  '', '', ( #6601 ) ) ;
#3298 = DIRECTION ( 'NONE',  ( 1.000000000000000000, 0.000000000000000000, 0.000000000000000000 ) ) ;
#3299 = FACE_OUTER_BOUND ( 'NONE', #3141, .T. ) ;
#3300 = EDGE_CURVE ( 'NONE', #3552, #5135, #1496, .T. ) ;
#3301 = APPLICATION_PROTOCOL_DEFINITION ( 'draft international standard', 'automotive_design', 1998, #5312 ) ;
#3302 = CARTESIAN_POINT ( 'NONE',  ( 924.6000000000000227, -12.25774349296800203, 1030.942823846909960 ) ) ;
#3303 = AXIS2_PLACEMENT_3D ( 'NONE', #7072, #723, #760 ) ;
#3304 = EDGE_LOOP ( 'NONE', ( #428, #3422 ) ) ;
#3305 = DIRECTION ( 'NONE',  ( 1.000000000000000000, 0.000000000000000000, 0.000000000000000000 ) ) ;
#3306 = CARTESIAN_POINT ( 'NONE',  ( 924.6000000000000227, 0.3507806235851659293, 1024.472685133570167 ) ) ;
#3307 = AXIS2_PLACEMENT_3D ( 'NONE', #7371, #3234, #6126 ) ;
#3308 = ORIENTED_EDGE ( 'NONE', *, *, #3793, .T. ) ;
#3309 = DIRECTION ( 'NONE',  ( -1.000000000000000000, 0.000000000000000000, 0.000000000000000000 ) ) ;
#3310 = EDGE_CURVE ( 'NONE', #1732, #3355, #2113, .T. ) ;
#3311 = AXIS2_PLACEMENT_3D ( 'NONE', #7184, #2538, #752 ) ;
#3312 = DIRECTION ( 'NONE',  ( 0.000000000000000000, -1.000000000000000000, 0.000000000000000000 ) ) ;
#3313 = FACE_OUTER_BOUND ( 'NONE', #568, .T. ) ;
#3314 = UNCERTAINTY_MEASURE_WITH_UNIT (LENGTH_MEASURE( 1.000000000000000082E-05 ), #5456, 'distance_accuracy_value', 'NONE');
#3315 = FILL_AREA_STYLE ('',( #1080 ) ) ;
#3316 = FACE_OUTER_BOUND ( 'NONE', #6984, .T. ) ;
#3317 = MECHANICAL_DESIGN_GEOMETRIC_PRESENTATION_REPRESENTATION (  '', ( #2722 ), #383 ) ;
#3318 = AXIS2_PLACEMENT_3D ( 'NONE', #4600, #1108, #3296 ) ;
#3319 =( GEOMETRIC_REPRESENTATION_CONTEXT ( 3 ) GLOBAL_UNCERTAINTY_ASSIGNED_CONTEXT ( ( #6624 ) ) GLOBAL_UNIT_ASSIGNED_CONTEXT ( ( #5248, #624, #2447 ) ) REPRESENTATION_CONTEXT ( 'NONE', 'WORKASPACE' ) );
#3320 = SURFACE_STYLE_USAGE ( .BOTH. , #3886 ) ;
#3321 = PRESENTATION_STYLE_ASSIGNMENT (( #4997 ) ) ;
#3322 = PRESENTATION_STYLE_ASSIGNMENT (( #7388 ) ) ;
#3323 = CARTESIAN_POINT ( 'NONE',  ( 921.5000000000000000, -16.09188309203700129, 1035.908116907959993 ) ) ;
#3324 = SURFACE_STYLE_FILL_AREA ( #1007 ) ;
#3325 = MECHANICAL_DESIGN_GEOMETRIC_PRESENTATION_REPRESENTATION (  '', ( #2502 ), #6501 ) ;
#3326 = UNCERTAINTY_MEASURE_WITH_UNIT (LENGTH_MEASURE( 1.000000000000000082E-05 ), #847, 'distance_accuracy_value', 'NONE');
#3327 = SURFACE_STYLE_FILL_AREA ( #2914 ) ;
#3328 = ORIENTED_EDGE ( 'NONE', *, *, #7146, .T. ) ;
#3329 = AXIS2_PLACEMENT_3D ( 'NONE', #3704, #6144, #198 ) ;
#3330 = ORIENTED_EDGE ( 'NONE', *, *, #3683, .F. ) ;
#3331 = LINE ( 'NONE', #5656, #1026 ) ;
#3332 = VERTEX_POINT ( 'NONE', #5959 ) ;
#3333 =( NAMED_UNIT ( * ) PLANE_ANGLE_UNIT ( ) SI_UNIT ( $, .RADIAN. ) );
#3334 =( NAMED_UNIT ( * ) SI_UNIT ( $, .STERADIAN. ) SOLID_ANGLE_UNIT ( ) );
#3335 = ORIENTED_EDGE ( 'NONE', *, *, #1177, .F. ) ;
#3336 = PRESENTATION_STYLE_ASSIGNMENT (( #3939 ) ) ;
#3337 = UNCERTAINTY_MEASURE_WITH_UNIT (LENGTH_MEASURE( 1.000000000000000082E-05 ), #3830, 'distance_accuracy_value', 'NONE');
#3338 =( NAMED_UNIT ( * ) SI_UNIT ( $, .STERADIAN. ) SOLID_ANGLE_UNIT ( ) );
#3339 = MECHANICAL_DESIGN_GEOMETRIC_PRESENTATION_REPRESENTATION (  '', ( #2390 ), #402 ) ;
#3340 = MECHANICAL_DESIGN_GEOMETRIC_PRESENTATION_REPRESENTATION (  '', ( #4794 ), #776 ) ;
#3341 = EDGE_CURVE ( 'NONE', #6620, #1858, #3067, .T. ) ;
#3342 = ORIENTED_EDGE ( 'NONE', *, *, #793, .T. ) ;
#3343 = PRESENTATION_STYLE_ASSIGNMENT (( #3903 ) ) ;
#3344 = DIRECTION ( 'NONE',  ( -1.000000000000000000, 0.000000000000000000, 0.000000000000000000 ) ) ;
#3345 = UNCERTAINTY_MEASURE_WITH_UNIT (LENGTH_MEASURE( 1.000000000000000082E-05 ), #2601, 'distance_accuracy_value', 'NONE');
#3346 = DIRECTION ( 'NONE',  ( 1.000000000000000000, 0.000000000000000000, 0.000000000000000000 ) ) ;
#3347 = AXIS2_PLACEMENT_3D ( 'NONE', #4211, #6705, #2606 ) ;
#3348 = VECTOR ( 'NONE', #6387, 1000.000000000000000 ) ;
#3349 =( NAMED_UNIT ( * ) SI_UNIT ( $, .STERADIAN. ) SOLID_ANGLE_UNIT ( ) );
#3350 = EDGE_CURVE ( 'NONE', #6226, #1939, #6478, .T. ) ;
#3351 = VERTEX_POINT ( 'NONE', #6098 ) ;
#3352 = PRESENTATION_LAYER_ASSIGNMENT (  '', '', ( #4807 ) ) ;
#3353 = LINE ( 'NONE', #405, #6550 ) ;
#3354 = AXIS2_PLACEMENT_3D ( 'NONE', #7422, #454, #960 ) ;
#3355 = VERTEX_POINT ( 'NONE', #3566 ) ;
#3356 = DIRECTION ( 'NONE',  ( -1.000000000000000000, 1.258636124801849761E-16, 0.000000000000000000 ) ) ;
#3357 = FILL_AREA_STYLE ('',( #5081 ) ) ;
#3358 = DIRECTION ( 'NONE',  ( -1.000000000000000000, 1.088987763241939858E-16, 0.000000000000000000 ) ) ;
#3359 = PRESENTATION_LAYER_ASSIGNMENT (  '', '', ( #3828 ) ) ;
#3360 =( NAMED_UNIT ( * ) PLANE_ANGLE_UNIT ( ) SI_UNIT ( $, .RADIAN. ) );
#3361 = CARTESIAN_POINT ( 'NONE',  ( 921.5000000000000000, -4.223730556086429999, 1081.667585196069922 ) ) ;
#3362 = PRESENTATION_LAYER_ASSIGNMENT (  '', '', ( #4085 ) ) ;
#3363 = LINE ( 'NONE', #2248, #774 ) ;
#3364 = MECHANICAL_DESIGN_GEOMETRIC_PRESENTATION_REPRESENTATION (  '', ( #6541 ), #2533 ) ;
#3365 =( LENGTH_UNIT ( ) NAMED_UNIT ( * ) SI_UNIT ( .MILLI., .METRE. ) );
#3366 = DIRECTION ( 'NONE',  ( 1.000000000000000000, 0.000000000000000000, 0.000000000000000000 ) ) ;
#3367 = AXIS2_PLACEMENT_3D ( 'NONE', #5418, #7296, #6125 ) ;
#3368 = VERTEX_POINT ( 'NONE', #2443 ) ;
#3369 = ORIENTED_EDGE ( 'NONE', *, *, #361, .T. ) ;
#3370 = ORIENTED_EDGE ( 'NONE', *, *, #41, .T. ) ;
#3371 = FILL_AREA_STYLE ('',( #7475 ) ) ;
#3372 = ORIENTED_EDGE ( 'NONE', *, *, #2104, .T. ) ;
#3373 =( NAMED_UNIT ( * ) PLANE_ANGLE_UNIT ( ) SI_UNIT ( $, .RADIAN. ) );
#3374 = CIRCLE ( 'NONE', #7415, 2.749999999999944489 ) ;
#3375 = LINE ( 'NONE', #5888, #5055 ) ;
#3376 = AXIS2_PLACEMENT_3D ( 'NONE', #5899, #6595, #5408 ) ;
#3377 = ORIENTED_EDGE ( 'NONE', *, *, #6319, .F. ) ;
#3378 = VECTOR ( 'NONE', #4319, 1000.000000000000000 ) ;
#3379 = DIRECTION ( 'NONE',  ( 1.000000000000000000, 0.000000000000000000, 0.000000000000000000 ) ) ;
#3380 = CARTESIAN_POINT ( 'NONE',  ( 930.0000000000000000, 19.09188309203670286, 1074.091883092039780 ) ) ;
#3381 = CARTESIAN_POINT ( 'NONE',  ( 921.5000000000000000, 16.64161515051917917, 1075.340356966313493 ) ) ;
#3382 = CARTESIAN_POINT ( 'NONE',  ( 0.000000000000000000, 0.000000000000000000, 0.000000000000000000 ) ) ;
#3383 = SURFACE_STYLE_USAGE ( .BOTH. , #4713 ) ;
#3384 = EDGE_CURVE ( 'NONE', #7091, #4520, #2484, .T. ) ;
#3385 = AXIS2_PLACEMENT_3D ( 'NONE', #3503, #7052, #4127 ) ;
#3386 = FILL_AREA_STYLE_COLOUR ( '', #5595 ) ;
#3387 = VERTEX_POINT ( 'NONE', #1880 ) ;
#3388 = CARTESIAN_POINT ( 'NONE',  ( 925.6000000000000227, -1.897913638880529876E-13, 1055.000000000000000 ) ) ;
#3389 = AXIS2_PLACEMENT_3D ( 'NONE', #6689, #1479, #3783 ) ;
#3390 = DIRECTION ( 'NONE',  ( 1.000000000000000000, 0.000000000000000000, 0.000000000000000000 ) ) ;
#3391 = EDGE_LOOP ( 'NONE', ( #34, #5615, #2904, #3369, #5241 ) ) ;
#3392 = SURFACE_STYLE_USAGE ( .BOTH. , #3476 ) ;
#3393 = CARTESIAN_POINT ( 'NONE',  ( 924.6000000000000227, -1.914153048322863915E-13, 1024.894538395877817 ) ) ;
#3394 = EDGE_CURVE ( 'NONE', #6355, #6843, #4762, .T. ) ;
#3395 = CARTESIAN_POINT ( 'NONE',  ( 930.0000000000000000, -22.09188309203699774, 1074.091883092039780 ) ) ;
#3396 = AXIS2_PLACEMENT_3D ( 'NONE', #3101, #3524, #652 ) ;
#3397 = STYLED_ITEM ( 'NONE', ( #644 ), #2035 ) ;
#3398 = PRESENTATION_STYLE_ASSIGNMENT (( #2841 ) ) ;
#3399 = CYLINDRICAL_SURFACE ( 'NONE', #1524, 2.999999999999999112 ) ;
#3400 = FACE_BOUND ( 'NONE', #1106, .T. ) ;
#3401 = EDGE_CURVE ( 'NONE', #4780, #2849, #660, .T. ) ;
#3402 = UNCERTAINTY_MEASURE_WITH_UNIT (LENGTH_MEASURE( 1.000000000000000082E-05 ), #2923, 'distance_accuracy_value', 'NONE');
#3403 = EDGE_CURVE ( 'NONE', #4177, #1193, #133, .T. ) ;
#3404 = CARTESIAN_POINT ( 'NONE',  ( 924.6000000000000227, 19.09188309203650036, 1035.908116907959993 ) ) ;
#3405 = FACE_OUTER_BOUND ( 'NONE', #1875, .T. ) ;
#3406 = CYLINDRICAL_SURFACE ( 'NONE', #933, 25.00000000000000000 ) ;
#3407 = MECHANICAL_DESIGN_GEOMETRIC_PRESENTATION_REPRESENTATION (  '', ( #3881 ), #4124 ) ;
#3408 = VERTEX_POINT ( 'NONE', #1287 ) ;
#3409 = ORIENTED_EDGE ( 'NONE', *, *, #4979, .T. ) ;
#3410 = FACE_OUTER_BOUND ( 'NONE', #6810, .T. ) ;
#3411 = EDGE_LOOP ( 'NONE', ( #2695, #7551, #1054, #1013 ) ) ;
#3412 =( LENGTH_UNIT ( ) NAMED_UNIT ( * ) SI_UNIT ( .MILLI., .METRE. ) );
#3413 =( NAMED_UNIT ( * ) SI_UNIT ( $, .STERADIAN. ) SOLID_ANGLE_UNIT ( ) );
#3414 = DIRECTION ( 'NONE',  ( 1.000000000000000000, 0.000000000000000000, 0.000000000000000000 ) ) ;
#3415 = STYLED_ITEM ( 'NONE', ( #4087 ), #2436 ) ;
#3416 = ORIENTED_EDGE ( 'NONE', *, *, #7394, .F. ) ;
#3417 = FACE_OUTER_BOUND ( 'NONE', #1646, .T. ) ;
#3418 = EDGE_CURVE ( 'NONE', #6457, #4501, #747, .T. ) ;
#3419 = VECTOR ( 'NONE', #2587, 1000.000000000000000 ) ;
#3420 = PLANE ( 'NONE',  #930 ) ;
#3421 =( GEOMETRIC_REPRESENTATION_CONTEXT ( 3 ) GLOBAL_UNCERTAINTY_ASSIGNED_CONTEXT ( ( #4859 ) ) GLOBAL_UNIT_ASSIGNED_CONTEXT ( ( #6988, #1669, #600 ) ) REPRESENTATION_CONTEXT ( 'NONE', 'WORKASPACE' ) );
#3422 = ORIENTED_EDGE ( 'NONE', *, *, #3716, .T. ) ;
#3423 = STYLED_ITEM ( 'NONE', ( #2531 ), #166 ) ;
#3424 = SURFACE_STYLE_FILL_AREA ( #1700 ) ;
#3425 = DIRECTION ( 'NONE',  ( 0.000000000000000000, 1.000000000000000000, 0.000000000000000000 ) ) ;
#3426 = UNCERTAINTY_MEASURE_WITH_UNIT (LENGTH_MEASURE( 1.000000000000000082E-05 ), #2454, 'distance_accuracy_value', 'NONE');
#3427 = AXIS2_PLACEMENT_3D ( 'NONE', #2827, #4555, #7444 ) ;
#3428 =( NAMED_UNIT ( * ) PLANE_ANGLE_UNIT ( ) SI_UNIT ( $, .RADIAN. ) );
#3429 = STYLED_ITEM ( 'NONE', ( #7282 ), #3129 ) ;
#3430 = ORIENTED_EDGE ( 'NONE', *, *, #1125, .F. ) ;
#3431 = CARTESIAN_POINT ( 'NONE',  ( 921.5000000000000000, -26.23739041720818221, 1056.507587619443484 ) ) ;
#3432 = EDGE_LOOP ( 'NONE', ( #6701, #2621 ) ) ;
#3433 = DIRECTION ( 'NONE',  ( 0.000000000000000000, -1.000000000000000000, 0.000000000000000000 ) ) ;
#3434 = CARTESIAN_POINT ( 'NONE',  ( 924.5000000000000000, 26.23739041720798681, 1053.492412380546739 ) ) ;
#3435 = DIRECTION ( 'NONE',  ( 0.000000000000000000, 1.000000000000000000, 0.000000000000000000 ) ) ;
#3436 = CARTESIAN_POINT ( 'NONE',  ( 930.0000000000000000, 9.257743492967499321, 1030.942823846909960 ) ) ;
#3437 = FILL_AREA_STYLE_COLOUR ( '', #4076 ) ;
#3438 = SURFACE_SIDE_STYLE ('',( #1120 ) ) ;
#3439 = EDGE_CURVE ( 'NONE', #1939, #6226, #378, .T. ) ;
#3440 = VECTOR ( 'NONE', #6598, 1000.000000000000000 ) ;
#3441 = CARTESIAN_POINT ( 'NONE',  ( 920.1062535773927493, 0.6318798633350261040, 1013.980553611719643 ) ) ;
#3442 = FILL_AREA_STYLE_COLOUR ( '', #7107 ) ;
#3443 = CARTESIAN_POINT ( 'NONE',  ( 921.5000000000000000, 15.25774349296770183, 1079.057176153090040 ) ) ;
#3444 = STYLED_ITEM ( 'NONE', ( #400 ), #1541 ) ;
#3445 = CARTESIAN_POINT ( 'NONE',  ( 923.0000000000000000, -11.13693180368820101, 1066.136931803690004 ) ) ;
#3446 = LINE ( 'NONE', #5689, #5185 ) ;
#3447 =( NAMED_UNIT ( * ) PLANE_ANGLE_UNIT ( ) SI_UNIT ( $, .RADIAN. ) );
#3448 = CIRCLE ( 'NONE', #4895, 2.999999999999999112 ) ;
#3449 = SURFACE_STYLE_USAGE ( .BOTH. , #6341 ) ;
#3450 = CARTESIAN_POINT ( 'NONE',  ( 924.6000000000000227, 19.09188309203650036, 1035.908116907959993 ) ) ;
#3451 = AXIS2_PLACEMENT_3D ( 'NONE', #2536, #4365, #2605 ) ;
#3452 = EDGE_CURVE ( 'NONE', #2941, #1374, #5352, .T. ) ;
#3453 = EDGE_LOOP ( 'NONE', ( #3937, #528 ) ) ;
#3454 = VERTEX_POINT ( 'NONE', #1326 ) ;
#3455 = CIRCLE ( 'NONE', #1150, 2.499999999999946709 ) ;
#3456 =( NAMED_UNIT ( * ) PLANE_ANGLE_UNIT ( ) SI_UNIT ( $, .RADIAN. ) );
#3457 = SURFACE_SIDE_STYLE ('',( #6265 ) ) ;
#3458 = AXIS2_PLACEMENT_3D ( 'NONE', #1729, #5237, #2916 ) ;
#3459 = ORIENTED_EDGE ( 'NONE', *, *, #1510, .F. ) ;
#3460 = FILL_AREA_STYLE_COLOUR ( '', #5280 ) ;
#3461 = LINE ( 'NONE', #2337, #628 ) ;
#3462 =( NAMED_UNIT ( * ) PLANE_ANGLE_UNIT ( ) SI_UNIT ( $, .RADIAN. ) );
#3463 = CIRCLE ( 'NONE', #272, 2.999999999999999112 ) ;
#3464 = ADVANCED_FACE ( 'NONE', ( #876, #3200 ), #5525, .F. ) ;
#3465 = EDGE_LOOP ( 'NONE', ( #7181, #225 ) ) ;
#3466 = DIRECTION ( 'NONE',  ( -1.000000000000000000, 0.000000000000000000, 0.000000000000000000 ) ) ;
#3467 = CARTESIAN_POINT ( 'NONE',  ( 930.0000000000000000, -1.903451637829659917E-13, 1055.000000000000000 ) ) ;
#3468 = DIRECTION ( 'NONE',  ( 1.000000000000000000, -2.198461434901300061E-16, 0.000000000000000000 ) ) ;
#3469 = FILL_AREA_STYLE ('',( #4489 ) ) ;
#3470 = PRESENTATION_LAYER_ASSIGNMENT (  '', '', ( #5294 ) ) ;
#3471 =( GEOMETRIC_REPRESENTATION_CONTEXT ( 3 ) GLOBAL_UNCERTAINTY_ASSIGNED_CONTEXT ( ( #3147 ) ) GLOBAL_UNIT_ASSIGNED_CONTEXT ( ( #2015, #840, #2053 ) ) REPRESENTATION_CONTEXT ( 'NONE', 'WORKASPACE' ) );
#3472 = VERTEX_POINT ( 'NONE', #1505 ) ;
#3473 = SURFACE_SIDE_STYLE ('',( #6443 ) ) ;
#3474 = VECTOR ( 'NONE', #4616, 1000.000000000000000 ) ;
#3475 = ORIENTED_EDGE ( 'NONE', *, *, #3300, .T. ) ;
#3476 = SURFACE_SIDE_STYLE ('',( #4028 ) ) ;
#3477 = FILL_AREA_STYLE ('',( #2352 ) ) ;
#3478 = MECHANICAL_DESIGN_GEOMETRIC_PRESENTATION_REPRESENTATION (  '', ( #7015 ), #5775 ) ;
#3479 = CYLINDRICAL_SURFACE ( 'NONE', #3318, 2.749999999999998224 ) ;
#3480 =( NAMED_UNIT ( * ) PLANE_ANGLE_UNIT ( ) SI_UNIT ( $, .RADIAN. ) );
#3481 = DIRECTION ( 'NONE',  ( 1.000000000000000000, 0.000000000000000000, 0.000000000000000000 ) ) ;
#3482 = VECTOR ( 'NONE', #4256, 1000.000000000000000 ) ;
#3483 = AXIS2_PLACEMENT_3D ( 'NONE', #2428, #3022, #5944 ) ;
#3484 =( NAMED_UNIT ( * ) PLANE_ANGLE_UNIT ( ) SI_UNIT ( $, .RADIAN. ) );
#3485 = DIRECTION ( 'NONE',  ( 1.000000000000000000, 0.000000000000000000, 0.000000000000000000 ) ) ;
#3486 = LINE ( 'NONE', #82, #4671 ) ;
#3487 = UNCERTAINTY_MEASURE_WITH_UNIT (LENGTH_MEASURE( 1.000000000000000082E-05 ), #6287, 'distance_accuracy_value', 'NONE');
#3488 = ADVANCED_FACE ( 'NONE', ( #3313 ), #7333, .F. ) ;
#3489 = FACE_OUTER_BOUND ( 'NONE', #1948, .T. ) ;
#3490 = VERTEX_POINT ( 'NONE', #6874 ) ;
#3491 = DIRECTION ( 'NONE',  ( 1.000000000000000000, 0.000000000000000000, 0.000000000000000000 ) ) ;
#3492 = AXIS2_PLACEMENT_3D ( 'NONE', #1842, #4122, #5886 ) ;
#3493 = AXIS2_PLACEMENT_3D ( 'NONE', #1143, #951, #5597 ) ;
#3494 = CARTESIAN_POINT ( 'NONE',  ( 921.5000000000000000, -26.66758519606889877, 1050.776269443909996 ) ) ;
#3495 = CARTESIAN_POINT ( 'NONE',  ( 921.5000000000000000, 17.84340921775257272, 1033.457848966442043 ) ) ;
#3496 = EDGE_LOOP ( 'NONE', ( #7034, #4170 ) ) ;
#3497 = FACE_OUTER_BOUND ( 'NONE', #7264, .T. ) ;
#3498 = CARTESIAN_POINT ( 'NONE',  ( 924.5000000000000000, -9.541600556331790273, 1030.512629068049364 ) ) ;
#3499 = EDGE_CURVE ( 'NONE', #2320, #4240, #4210, .T. ) ;
#3500 = AXIS2_PLACEMENT_3D ( 'NONE', #2613, #870, #4332 ) ;
#3501 = ORIENTED_EDGE ( 'NONE', *, *, #5904, .F. ) ;
#3502 = CARTESIAN_POINT ( 'NONE',  ( 921.5000000000000000, -6.939873492723515724, 1027.902220025069482 ) ) ;
#3503 = CARTESIAN_POINT ( 'NONE',  ( 921.5000000000000000, 26.66758519606849731, 1059.223730556090004 ) ) ;
#3504 = DIRECTION ( 'NONE',  ( 0.000000000000000000, 1.000000000000000000, 0.000000000000000000 ) ) ;
#3505 = CARTESIAN_POINT ( 'NONE',  ( 935.0253593994845005, -1.922367854905380091E-13, 1048.310278988275286 ) ) ;
#3506 = DIRECTION ( 'NONE',  ( 1.000000000000000000, 0.000000000000000000, 0.000000000000000000 ) ) ;
#3507 = ADVANCED_FACE ( 'NONE', ( #2761 ), #4067, .T. ) ;
#3508 = FACE_OUTER_BOUND ( 'NONE', #2216, .T. ) ;
#3509 = COLOUR_RGB ( '',0.4000000000000000222, 0.4000000000000000222, 0.4000000000000000222 ) ;
#3510 = ORIENTED_EDGE ( 'NONE', *, *, #2697, .F. ) ;
#3511 = CYLINDRICAL_SURFACE ( 'NONE', #7166, 2.749999999999995115 ) ;
#3512 = ORIENTED_EDGE ( 'NONE', *, *, #2326, .T. ) ;
#3513 = PRESENTATION_LAYER_ASSIGNMENT (  '', '', ( #5457 ) ) ;
#3514 = CARTESIAN_POINT ( 'NONE',  ( 942.4931468039650326, -1.919175963709589834E-13, 1055.000000000000000 ) ) ;
#3515 = CARTESIAN_POINT ( 'NONE',  ( 924.6000000000000227, -1.896655002755729855E-13, 1055.000000000000000 ) ) ;
#3516 = DIRECTION ( 'NONE',  ( -1.000000000000000000, 1.258636124801849761E-16, 0.000000000000000000 ) ) ;
#3517 = SURFACE_STYLE_USAGE ( .BOTH. , #143 ) ;
#3518 = DIRECTION ( 'NONE',  ( 0.000000000000000000, 0.9876883405951312200, -0.1564344650402722803 ) ) ;
#3519 = AXIS2_PLACEMENT_3D ( 'NONE', #6110, #894, #5545 ) ;
#3520 = CARTESIAN_POINT ( 'NONE',  ( 930.0000000000000000, 2.499999999999808598, 1070.750000000000000 ) ) ;
#3521 = DIRECTION ( 'NONE',  ( 0.000000000000000000, 1.000000000000000000, 0.000000000000000000 ) ) ;
#3522 = FACE_BOUND ( 'NONE', #1075, .T. ) ;
#3523 = LINE ( 'NONE', #7039, #4073 ) ;
#3524 = DIRECTION ( 'NONE',  ( -1.000000000000000000, 1.258636124801849761E-16, 0.000000000000000000 ) ) ;
#3525 = STYLED_ITEM ( 'NONE', ( #572 ), #2061 ) ;
#3526 = VERTEX_POINT ( 'NONE', #6209 ) ;
#3527 = ORIENTED_EDGE ( 'NONE', *, *, #6089, .F. ) ;
#3528 = ORIENTED_EDGE ( 'NONE', *, *, #6909, .F. ) ;
#3529 = DIRECTION ( 'NONE',  ( -1.000000000000000000, 0.000000000000000000, 0.000000000000000000 ) ) ;
#3530 = CARTESIAN_POINT ( 'NONE',  ( 921.5000000000000000, 24.05717615308580193, 1067.257743492970121 ) ) ;
#3531 =( NAMED_UNIT ( * ) SI_UNIT ( $, .STERADIAN. ) SOLID_ANGLE_UNIT ( ) );
#3532 = AXIS2_PLACEMENT_3D ( 'NONE', #1358, #6684, #7342 ) ;
#3533 = ORIENTED_EDGE ( 'NONE', *, *, #1495, .T. ) ;
#3534 = LINE ( 'NONE', #7014, #6990 ) ;
#3535 = FILL_AREA_STYLE_COLOUR ( '', #4346 ) ;
#3536 = PRESENTATION_STYLE_ASSIGNMENT (( #6470 ) ) ;
#3537 = ADVANCED_FACE ( 'NONE', ( #4030 ), #2910, .F. ) ;
#3538 = LINE ( 'NONE', #6518, #5664 ) ;
#3539 = CIRCLE ( 'NONE', #1987, 2.499999999999998668 ) ;
#3540 = VERTEX_POINT ( 'NONE', #6368 ) ;
#3541 = EDGE_CURVE ( 'NONE', #4049, #2481, #7482, .T. ) ;
#3542 = CIRCLE ( 'NONE', #1242, 3.000000000000000000 ) ;
#3543 = CARTESIAN_POINT ( 'NONE',  ( 921.5000000000000000, 19.09188309203650036, 1035.908116907959993 ) ) ;
#3544 = VERTEX_POINT ( 'NONE', #5747 ) ;
#3545 = LINE ( 'NONE', #7535, #2226 ) ;
#3546 = DIRECTION ( 'NONE',  ( 1.000000000000000000, 0.000000000000000000, 0.000000000000000000 ) ) ;
#3547 =( NAMED_UNIT ( * ) SI_UNIT ( $, .STERADIAN. ) SOLID_ANGLE_UNIT ( ) );
#3548 = LINE ( 'NONE', #681, #4304 ) ;
#3549 = LINE ( 'NONE', #4647, #1923 ) ;
#3550 = CYLINDRICAL_SURFACE ( 'NONE', #2206, 2.749999999999998668 ) ;
#3551 = AXIS2_PLACEMENT_3D ( 'NONE', #3865, #6159, #3292 ) ;
#3552 = VERTEX_POINT ( 'NONE', #7577 ) ;
#3553 = ADVANCED_FACE ( 'NONE', ( #2427 ), #489, .F. ) ;
#3554 = LINE ( 'NONE', #2945, #4704 ) ;
#3555 = CARTESIAN_POINT ( 'NONE',  ( 921.5000000000000000, 26.66758519606849731, 1050.776269443909996 ) ) ;
#3556 = PRESENTATION_LAYER_ASSIGNMENT (  '', '', ( #2598 ) ) ;
#3557 = UNCERTAINTY_MEASURE_WITH_UNIT (LENGTH_MEASURE( 1.000000000000000082E-05 ), #6282, 'distance_accuracy_value', 'NONE');
#3558 = CIRCLE ( 'NONE', #5259, 2.749999999999998224 ) ;
#3559 = PRESENTATION_LAYER_ASSIGNMENT (  '', '', ( #6856 ) ) ;
#3560 = ORIENTED_EDGE ( 'NONE', *, *, #5870, .T. ) ;
#3561 = ORIENTED_EDGE ( 'NONE', *, *, #6626, .F. ) ;
#3562 = DIRECTION ( 'NONE',  ( 0.000000000000000000, 1.000000000000000000, 0.000000000000000000 ) ) ;
#3563 = COLOUR_RGB ( '',0.4000000000000000222, 0.4000000000000000222, 0.4000000000000000222 ) ;
#3564 = ORIENTED_EDGE ( 'NONE', *, *, #2658, .T. ) ;
#3565 = MECHANICAL_DESIGN_GEOMETRIC_PRESENTATION_REPRESENTATION (  '', ( #3682 ), #3078 ) ;
#3566 = CARTESIAN_POINT ( 'NONE',  ( 921.5000000000000000, 27.05717615308579838, 1067.257743492970121 ) ) ;
#3567 = AXIS2_PLACEMENT_3D ( 'NONE', #569, #6912, #5828 ) ;
#3568 = CYLINDRICAL_SURFACE ( 'NONE', #3002, 2.750000000000004885 ) ;
#3569 = ORIENTED_EDGE ( 'NONE', *, *, #1275, .T. ) ;
#3570 =( NAMED_UNIT ( * ) PLANE_ANGLE_UNIT ( ) SI_UNIT ( $, .RADIAN. ) );
#3571 = DIRECTION ( 'NONE',  ( 0.000000000000000000, -1.000000000000000000, 0.000000000000000000 ) ) ;
#3572 = AXIS2_PLACEMENT_3D ( 'NONE', #6881, #5093, #5653 ) ;
#3573 = CARTESIAN_POINT ( 'NONE',  ( 930.0000000000000000, 11.13693180368799851, 1068.636931803690004 ) ) ;
#3574 = AXIS2_PLACEMENT_3D ( 'NONE', #7519, #7478, #5555 ) ;
#3575 = SURFACE_STYLE_FILL_AREA ( #2347 ) ;
#3576 = EDGE_CURVE ( 'NONE', #6041, #2407, #5871, .T. ) ;
#3577 = EDGE_LOOP ( 'NONE', ( #1094, #3459 ) ) ;
#3578 = STYLED_ITEM ( 'NONE', ( #1794 ), #5027 ) ;
#3579 = EDGE_LOOP ( 'NONE', ( #4357, #2374, #5468, #4621 ) ) ;
#3580 = CARTESIAN_POINT ( 'NONE',  ( 921.5000000000000000, -16.09188309203700129, 1074.091883092039780 ) ) ;
#3581 = AXIS2_PLACEMENT_3D ( 'NONE', #2574, #285, #4872 ) ;
#3582 = FACE_OUTER_BOUND ( 'NONE', #1822, .T. ) ;
#3583 = SURFACE_STYLE_FILL_AREA ( #5865 ) ;
#3584 = ADVANCED_FACE ( 'NONE', ( #2943 ), #26, .F. ) ;
#3585 =( GEOMETRIC_REPRESENTATION_CONTEXT ( 3 ) GLOBAL_UNCERTAINTY_ASSIGNED_CONTEXT ( ( #6228 ) ) GLOBAL_UNIT_ASSIGNED_CONTEXT ( ( #265, #5490, #4340 ) ) REPRESENTATION_CONTEXT ( 'NONE', 'WORKASPACE' ) );
#3586 = VERTEX_POINT ( 'NONE', #5976 ) ;
#3587 = DIRECTION ( 'NONE',  ( 0.000000000000000000, 0.000000000000000000, 1.000000000000000000 ) ) ;
#3588 = AXIS2_PLACEMENT_3D ( 'NONE', #7063, #4795, #2007 ) ;
#3589 = CARTESIAN_POINT ( 'NONE',  ( 971.5000000000000000, 19.09188309203640088, 1035.908116907959993 ) ) ;
#3590 = SURFACE_SIDE_STYLE ('',( #6959 ) ) ;
#3591 =( NAMED_UNIT ( * ) PLANE_ANGLE_UNIT ( ) SI_UNIT ( $, .RADIAN. ) );
#3592 = MECHANICAL_DESIGN_GEOMETRIC_PRESENTATION_REPRESENTATION (  '', ( #1290 ), #5051 ) ;
#3593 = CIRCLE ( 'NONE', #4681, 2.750000000000059508 ) ;
#3594 =( NAMED_UNIT ( * ) PLANE_ANGLE_UNIT ( ) SI_UNIT ( $, .RADIAN. ) );
#3595 = EDGE_CURVE ( 'NONE', #5100, #3140, #2489, .T. ) ;
#3596 = STYLED_ITEM ( 'NONE', ( #6183 ), #5621 ) ;
#3597 = ORIENTED_EDGE ( 'NONE', *, *, #6471, .F. ) ;
#3598 =( GEOMETRIC_REPRESENTATION_CONTEXT ( 3 ) GLOBAL_UNCERTAINTY_ASSIGNED_CONTEXT ( ( #1067 ) ) GLOBAL_UNIT_ASSIGNED_CONTEXT ( ( #2684, #2720, #6360 ) ) REPRESENTATION_CONTEXT ( 'NONE', 'WORKASPACE' ) );
#3599 = PRESENTATION_STYLE_ASSIGNMENT (( #3061 ) ) ;
#3600 = EDGE_LOOP ( 'NONE', ( #434, #5940, #5762, #1900 ) ) ;
#3601 = DIRECTION ( 'NONE',  ( 1.000000000000000000, 0.000000000000000000, 0.000000000000000000 ) ) ;
#3602 = CARTESIAN_POINT ( 'NONE',  ( 921.5000000000000000, 7.223730556085990351, 1028.332414803930078 ) ) ;
#3603 = CARTESIAN_POINT ( 'NONE',  ( 921.5000000000000000, -4.223730556086429999, 1028.332414803930078 ) ) ;
#3604 =( LENGTH_UNIT ( ) NAMED_UNIT ( * ) SI_UNIT ( .MILLI., .METRE. ) );
#3605 = VECTOR ( 'NONE', #1419, 1000.000000000000000 ) ;
#3606 = COLOUR_RGB ( '',0.2000000000000000111, 0.2000000000000000111, 0.2000000000000000111 ) ;
#3607 = ORIENTED_EDGE ( 'NONE', *, *, #3900, .F. ) ;
#3608 = CARTESIAN_POINT ( 'NONE',  ( 971.5000000000000000, -10.31319984470439799, 1081.001719801343143 ) ) ;
#3609 = FILL_AREA_STYLE ('',( #5326 ) ) ;
#3610 = CARTESIAN_POINT ( 'NONE',  ( 942.4931468039650326, 40.49999999999980815, 1055.000000000000000 ) ) ;
#3611 = AXIS2_PLACEMENT_3D ( 'NONE', #6336, #1128, #2175 ) ;
#3612 = DIRECTION ( 'NONE',  ( 1.000000000000000000, 0.000000000000000000, 0.000000000000000000 ) ) ;
#3613 = EDGE_LOOP ( 'NONE', ( #2662, #7441, #6505, #1561 ) ) ;
#3614 = STYLED_ITEM ( 'NONE', ( #6826 ), #7132 ) ;
#3615 = CIRCLE ( 'NONE', #5801, 3.000000000000000888 ) ;
#3616 = CARTESIAN_POINT ( 'NONE',  ( 920.1416456863189524, 0.6390067315920410218, 1014.049929217579916 ) ) ;
#3617 = DIRECTION ( 'NONE',  ( 0.000000000000000000, 0.000000000000000000, -1.000000000000000000 ) ) ;
#3618 = VERTEX_POINT ( 'NONE', #4836 ) ;
#3619 = DIRECTION ( 'NONE',  ( 0.000000000000000000, -1.000000000000000000, 0.000000000000000000 ) ) ;
#3620 = EDGE_CURVE ( 'NONE', #3490, #599, #3124, .T. ) ;
#3621 = FILL_AREA_STYLE ('',( #6567 ) ) ;
#3622 = SURFACE_SIDE_STYLE ('',( #4140 ) ) ;
#3623 = CARTESIAN_POINT ( 'NONE',  ( 930.0000000000000000, -11.13693180368849944, 1043.863068196310223 ) ) ;
#3624 = AXIS2_PLACEMENT_3D ( 'NONE', #5507, #6594, #827 ) ;
#3625 = AXIS2_PLACEMENT_3D ( 'NONE', #2074, #4361, #4977 ) ;
#3626 = VERTEX_POINT ( 'NONE', #3725 ) ;
#3627 =( LENGTH_UNIT ( ) NAMED_UNIT ( * ) SI_UNIT ( .MILLI., .METRE. ) );
#3628 = EDGE_LOOP ( 'NONE', ( #7514, #404, #1020, #7138 ) ) ;
#3629 = EDGE_CURVE ( 'NONE', #3526, #6571, #4246, .T. ) ;
#3630 = SURFACE_STYLE_FILL_AREA ( #1315 ) ;
#3631 = UNCERTAINTY_MEASURE_WITH_UNIT (LENGTH_MEASURE( 1.000000000000000082E-05 ), #3118, 'distance_accuracy_value', 'NONE');
#3632 = STYLED_ITEM ( 'NONE', ( #2865 ), #275 ) ;
#3633 = DIRECTION ( 'NONE',  ( 0.000000000000000000, 0.000000000000000000, -1.000000000000000000 ) ) ;
#3634 = LINE ( 'NONE', #1802, #5412 ) ;
#3635 = ADVANCED_FACE ( 'NONE', ( #6014, #3582, #6528, #796, #1416, #6050, #5451, #1307, #219, #5902 ), #7141, .T. ) ;
#3636 = EDGE_CURVE ( 'NONE', #7069, #3368, #4161, .T. ) ;
#3637 = ORIENTED_EDGE ( 'NONE', *, *, #7243, .F. ) ;
#3638 = DIRECTION ( 'NONE',  ( 1.000000000000000000, 0.000000000000000000, 0.000000000000000000 ) ) ;
#3639 = DIRECTION ( 'NONE',  ( 1.000000000000000000, 0.000000000000000000, 0.000000000000000000 ) ) ;
#3640 = ORIENTED_EDGE ( 'NONE', *, *, #6943, .T. ) ;
#3641 = FACE_BOUND ( 'NONE', #2985, .T. ) ;
#3642 = EDGE_CURVE ( 'NONE', #104, #6945, #1258, .T. ) ;
#3643 = FILL_AREA_STYLE_COLOUR ( '', #2889 ) ;
#3644 = UNCERTAINTY_MEASURE_WITH_UNIT (LENGTH_MEASURE( 1.000000000000000082E-05 ), #4034, 'distance_accuracy_value', 'NONE');
#3645 = DIRECTION ( 'NONE',  ( 0.000000000000000000, 0.4539904997395702857, -0.8910065241883557974 ) ) ;
#3646 = AXIS2_PLACEMENT_3D ( 'NONE', #1446, #1403, #350 ) ;
#3647 = VERTEX_POINT ( 'NONE', #1181 ) ;
#3648 = DIRECTION ( 'NONE',  ( 1.000000000000000000, 0.000000000000000000, 0.000000000000000000 ) ) ;
#3649 = DIRECTION ( 'NONE',  ( 1.000000000000000000, 0.000000000000000000, 0.000000000000000000 ) ) ;
#3650 = VERTEX_POINT ( 'NONE', #3502 ) ;
#3651 = DIRECTION ( 'NONE',  ( 1.000000000000000000, 0.000000000000000000, 0.000000000000000000 ) ) ;
#3652 = CIRCLE ( 'NONE', #4739, 2.499999999999946709 ) ;
#3653 =( GEOMETRIC_REPRESENTATION_CONTEXT ( 3 ) GLOBAL_UNCERTAINTY_ASSIGNED_CONTEXT ( ( #2748 ) ) GLOBAL_UNIT_ASSIGNED_CONTEXT ( ( #6215, #3360, #3885 ) ) REPRESENTATION_CONTEXT ( 'NONE', 'WORKASPACE' ) );
#3654 = DIRECTION ( 'NONE',  ( 0.000000000000000000, 1.000000000000000000, 0.000000000000000000 ) ) ;
#3655 = FILL_AREA_STYLE ('',( #4248 ) ) ;
#3656 = SURFACE_STYLE_USAGE ( .BOTH. , #2356 ) ;
#3657 = ORIENTED_EDGE ( 'NONE', *, *, #2894, .T. ) ;
#3658 = FILL_AREA_STYLE_COLOUR ( '', #5315 ) ;
#3659 = FILL_AREA_STYLE ('',( #6575 ) ) ;
#3660 = ORIENTED_EDGE ( 'NONE', *, *, #1317, .T. ) ;
#3661 = PRESENTATION_STYLE_ASSIGNMENT (( #2547 ) ) ;
#3662 =( NAMED_UNIT ( * ) SI_UNIT ( $, .STERADIAN. ) SOLID_ANGLE_UNIT ( ) );
#3663 = COLOUR_RGB ( '',0.2000000000000000111, 0.2000000000000000111, 0.2000000000000000111 ) ;
#3664 = DIRECTION ( 'NONE',  ( -1.000000000000000000, 1.258636124801849761E-16, 0.000000000000000000 ) ) ;
#3665 = ADVANCED_FACE ( 'NONE', ( #7092 ), #4632, .T. ) ;
#3666 = DIRECTION ( 'NONE',  ( 1.000000000000000000, 0.000000000000000000, 0.000000000000000000 ) ) ;
#3667 = ORIENTED_EDGE ( 'NONE', *, *, #6798, .T. ) ;
#3668 = PLANE ( 'NONE',  #7003 ) ;
#3669 = SURFACE_STYLE_USAGE ( .BOTH. , #6585 ) ;
#3670 = AXIS2_PLACEMENT_3D ( 'NONE', #4151, #5383, #115 ) ;
#3671 = AXIS2_PLACEMENT_3D ( 'NONE', #4228, #3771, #93 ) ;
#3672 = CARTESIAN_POINT ( 'NONE',  ( 924.6000000000000227, 12.25774349296770183, 1079.057176153090040 ) ) ;
#3673 = EDGE_CURVE ( 'NONE', #4065, #7277, #1890, .T. ) ;
#3674 = ORIENTED_EDGE ( 'NONE', *, *, #7394, .T. ) ;
#3675 = STYLED_ITEM ( 'NONE', ( #7149 ), #4178 ) ;
#3676 = CARTESIAN_POINT ( 'NONE',  ( 930.0000000000000000, -4.223730556086429999, 1081.667585196069922 ) ) ;
#3677 = CARTESIAN_POINT ( 'NONE',  ( 919.5469417082570089, -0.008794788418506126887, 1013.544737966130015 ) ) ;
#3678 = AXIS2_PLACEMENT_3D ( 'NONE', #1156, #533, #1268 ) ;
#3679 = SURFACE_STYLE_USAGE ( .BOTH. , #742 ) ;
#3680 = UNCERTAINTY_MEASURE_WITH_UNIT (LENGTH_MEASURE( 1.000000000000000082E-05 ), #5219, 'distance_accuracy_value', 'NONE');
#3681 = MECHANICAL_DESIGN_GEOMETRIC_PRESENTATION_REPRESENTATION (  '', ( #1012 ), #4654 ) ;
#3682 = STYLED_ITEM ( 'NONE', ( #366 ), #4260 ) ;
#3683 = EDGE_CURVE ( 'NONE', #2554, #3647, #3534, .T. ) ;
#3684 = ORIENTED_EDGE ( 'NONE', *, *, #3629, .T. ) ;
#3685 =( NAMED_UNIT ( * ) PLANE_ANGLE_UNIT ( ) SI_UNIT ( $, .RADIAN. ) );
#3686 = PRESENTATION_STYLE_ASSIGNMENT (( #1373 ) ) ;
#3687 = VERTEX_POINT ( 'NONE', #6393 ) ;
#3688 = LINE ( 'NONE', #4717, #3059 ) ;
#3689 =( NAMED_UNIT ( * ) PLANE_ANGLE_UNIT ( ) SI_UNIT ( $, .RADIAN. ) );
#3690 =( LENGTH_UNIT ( ) NAMED_UNIT ( * ) SI_UNIT ( .MILLI., .METRE. ) );
#3691 = CARTESIAN_POINT ( 'NONE',  ( 930.0000000000000000, -15.25774349296800025, 1030.942823846909960 ) ) ;
#3692 = DIRECTION ( 'NONE',  ( -1.000000000000000000, 0.000000000000000000, 0.000000000000000000 ) ) ;
#3693 = PRESENTATION_LAYER_ASSIGNMENT (  '', '', ( #4055 ) ) ;
#3694 = VERTEX_POINT ( 'NONE', #1293 ) ;
#3695 = FACE_OUTER_BOUND ( 'NONE', #6224, .T. ) ;
#3696 = ORIENTED_EDGE ( 'NONE', *, *, #969, .F. ) ;
#3697 = CYLINDRICAL_SURFACE ( 'NONE', #7010, 2.999999999999999112 ) ;
#3698 = CARTESIAN_POINT ( 'NONE',  ( 930.0000000000000000, -2.217384432252441547E-13, 1036.750000000000000 ) ) ;
#3699 = MECHANICAL_DESIGN_GEOMETRIC_PRESENTATION_REPRESENTATION (  '', ( #279 ), #5889 ) ;
#3700 = UNCERTAINTY_MEASURE_WITH_UNIT (LENGTH_MEASURE( 1.000000000000000082E-05 ), #2424, 'distance_accuracy_value', 'NONE');
#3701 = CIRCLE ( 'NONE', #6745, 2.999999999999999112 ) ;
#3702 = FACE_BOUND ( 'NONE', #4902, .T. ) ;
#3703 = ORIENTED_EDGE ( 'NONE', *, *, #3310, .T. ) ;
#3704 = CARTESIAN_POINT ( 'NONE',  ( 930.0000000000000000, 24.05717615308569890, 1042.742256507029879 ) ) ;
#3705 = ADVANCED_FACE ( 'NONE', ( #1815 ), #588, .F. ) ;
#3706 = AXIS2_PLACEMENT_3D ( 'NONE', #1142, #5848, #1737 ) ;
#3707 =( NAMED_UNIT ( * ) PLANE_ANGLE_UNIT ( ) SI_UNIT ( $, .RADIAN. ) );
#3708 = EDGE_LOOP ( 'NONE', ( #293, #1333, #6742, #5437 ) ) ;
#3709 = ORIENTED_EDGE ( 'NONE', *, *, #1327, .T. ) ;
#3710 = CARTESIAN_POINT ( 'NONE',  ( 930.0000000000000000, -15.75000000000000000, 1055.000000000000000 ) ) ;
#3711 = MECHANICAL_DESIGN_GEOMETRIC_PRESENTATION_REPRESENTATION (  '', ( #5665 ), #2044 ) ;
#3712 = SURFACE_SIDE_STYLE ('',( #4936 ) ) ;
#3713 = DIRECTION ( 'NONE',  ( 0.000000000000000000, 1.000000000000000000, 0.000000000000000000 ) ) ;
#3714 = UNCERTAINTY_MEASURE_WITH_UNIT (LENGTH_MEASURE( 1.000000000000000082E-05 ), #6197, 'distance_accuracy_value', 'NONE');
#3715 = SURFACE_SIDE_STYLE ('',( #858 ) ) ;
#3716 = EDGE_CURVE ( 'NONE', #3210, #4565, #4776, .T. ) ;
#3717 =( GEOMETRIC_REPRESENTATION_CONTEXT ( 3 ) GLOBAL_UNCERTAINTY_ASSIGNED_CONTEXT ( ( #4080 ) ) GLOBAL_UNIT_ASSIGNED_CONTEXT ( ( #2902, #5670, #2867 ) ) REPRESENTATION_CONTEXT ( 'NONE', 'WORKASPACE' ) );
#3718 = EDGE_LOOP ( 'NONE', ( #57, #3745 ) ) ;
#3719 = DIRECTION ( 'NONE',  ( 0.000000000000000000, -1.000000000000000000, 0.000000000000000000 ) ) ;
#3720 = VECTOR ( 'NONE', #1520, 1000.000000000000000 ) ;
#3721 = EDGE_LOOP ( 'NONE', ( #2307, #6885 ) ) ;
#3722 = EDGE_CURVE ( 'NONE', #7549, #2891, #4234, .T. ) ;
#3723 = CARTESIAN_POINT ( 'NONE',  ( 924.5000000000000000, -21.54215103355532079, 1037.156590782243711 ) ) ;
#3725 = CARTESIAN_POINT ( 'NONE',  ( 921.5000000000000000, -7.223730556086429999, 1081.667585196069922 ) ) ;
#3724 = B_SPLINE_CURVE_WITH_KNOTS ( 'NONE', 3,
 ( #740, #2524, #1996, #239, #2665, #4351, #3677, #5470, #1958, #6690 ),
 .UNSPECIFIED., .F., .F.,
 ( 4, 2, 1, 1, 2, 4 ),
 ( 0.000000000000000000, 0.2501186182599143826, 0.3751779273894584321, 0.4377075819543609358, 0.4689724092368122710, 0.5002372365192634396 ),
 .UNSPECIFIED. ) ;
#3726 =( NAMED_UNIT ( * ) SI_UNIT ( $, .STERADIAN. ) SOLID_ANGLE_UNIT ( ) );
#3727 = FILL_AREA_STYLE_COLOUR ( '', #7406 ) ;
#3728 = DIRECTION ( 'NONE',  ( -1.000000000000000000, 0.000000000000000000, 0.000000000000000000 ) ) ;
#3729 = STYLED_ITEM ( 'NONE', ( #6257 ), #6858 ) ;
#3730 = COLOUR_RGB ( '',0.2000000000000000111, 0.2000000000000000111, 0.2000000000000000111 ) ;
#3731 = VERTEX_POINT ( 'NONE', #2594 ) ;
#3732 = DIRECTION ( 'NONE',  ( 0.000000000000000000, -0.7071067811865431318, 0.7071067811865519026 ) ) ;
#3733 = CYLINDRICAL_SURFACE ( 'NONE', #2125, 2.499999999999946709 ) ;
#3734 = VERTEX_POINT ( 'NONE', #3142 ) ;
#3735 = STYLED_ITEM ( 'NONE', ( #6482 ), #7232 ) ;
#3736 = PRESENTATION_STYLE_ASSIGNMENT (( #3134 ) ) ;
#3737 = MECHANICAL_DESIGN_GEOMETRIC_PRESENTATION_REPRESENTATION (  '', ( #4339 ), #6171 ) ;
#3738 = VECTOR ( 'NONE', #1095, 1000.000000000000000 ) ;
#3739 = B_SPLINE_CURVE_WITH_KNOTS ( 'NONE', 3,
 ( #4956, #7297, #3159, #3306 ),
 .UNSPECIFIED., .F., .F.,
 ( 4, 4 ),
 ( 0.000000000000000000, 1.000000000000000000 ),
 .UNSPECIFIED. ) ;
#3740 = ORIENTED_EDGE ( 'NONE', *, *, #6319, .T. ) ;
#3741 = FILL_AREA_STYLE_COLOUR ( '', #7583 ) ;
#3742 = STYLED_ITEM ( 'NONE', ( #2146 ), #228 ) ;
#3743 = SURFACE_STYLE_USAGE ( .BOTH. , #3246 ) ;
#3744 = EDGE_LOOP ( 'NONE', ( #1058, #2098, #306, #3800 ) ) ;
#3745 = ORIENTED_EDGE ( 'NONE', *, *, #7220, .T. ) ;
#3746 = TOROIDAL_SURFACE ( 'NONE', #3389, 40.50000000000000000, 1.000000000000000000 ) ;
#3747 =( NAMED_UNIT ( * ) SI_UNIT ( $, .STERADIAN. ) SOLID_ANGLE_UNIT ( ) );
#3748 = PRESENTATION_STYLE_ASSIGNMENT (( #6037 ) ) ;
#3749 = FACE_OUTER_BOUND ( 'NONE', #2180, .T. ) ;
#3750 = FILL_AREA_STYLE_COLOUR ( '', #1572 ) ;
#3751 = FACE_BOUND ( 'NONE', #3268, .T. ) ;
#3752 = ADVANCED_FACE ( 'NONE', ( #4894, #3641 ), #4309, .F. ) ;
#3753 =( GEOMETRIC_REPRESENTATION_CONTEXT ( 3 ) GLOBAL_UNCERTAINTY_ASSIGNED_CONTEXT ( ( #6772 ) ) GLOBAL_UNIT_ASSIGNED_CONTEXT ( ( #4175, #7030, #6411 ) ) REPRESENTATION_CONTEXT ( 'NONE', 'WORKASPACE' ) );
#3754 = EDGE_LOOP ( 'NONE', ( #2810, #281 ) ) ;
#3755 = DIRECTION ( 'NONE',  ( 0.000000000000000000, 1.000000000000000000, 0.000000000000000000 ) ) ;
#3756 = CARTESIAN_POINT ( 'NONE',  ( 930.0000000000000000, -21.05717615308610391, 1042.742256507029879 ) ) ;
#3757 = ORIENTED_EDGE ( 'NONE', *, *, #4270, .T. ) ;
#3758 = CARTESIAN_POINT ( 'NONE',  ( 924.6000000000000227, -23.66758519606889877, 1050.776269443909996 ) ) ;
#3759 =( NAMED_UNIT ( * ) SI_UNIT ( $, .STERADIAN. ) SOLID_ANGLE_UNIT ( ) );
#3760 = AXIS2_PLACEMENT_3D ( 'NONE', #4311, #4275, #3713 ) ;
#3761 = SURFACE_STYLE_FILL_AREA ( #252 ) ;
#3762 = SURFACE_SIDE_STYLE ('',( #797 ) ) ;
#3763 = ADVANCED_FACE ( 'NONE', ( #705 ), #4781, .F. ) ;
#3764 = ORIENTED_EDGE ( 'NONE', *, *, #2944, .T. ) ;
#3765 = LINE ( 'NONE', #3195, #1435 ) ;
#3766 = SURFACE_STYLE_FILL_AREA ( #6093 ) ;
#3767 = ORIENTED_EDGE ( 'NONE', *, *, #1924, .F. ) ;
#3768 = DIRECTION ( 'NONE',  ( 1.000000000000000000, 0.000000000000000000, 0.000000000000000000 ) ) ;
#3769 = COLOUR_RGB ( '',0.2000000000000000111, 0.2000000000000000111, 0.2000000000000000111 ) ;
#3770 = CARTESIAN_POINT ( 'NONE',  ( 930.0000000000000000, -23.66758519606889877, 1050.776269443909996 ) ) ;
#3771 = DIRECTION ( 'NONE',  ( 1.000000000000000000, 0.000000000000000000, 0.000000000000000000 ) ) ;
#3772 = DIRECTION ( 'NONE',  ( 0.000000000000000000, -1.000000000000000000, 0.000000000000000000 ) ) ;
#3773 = DIRECTION ( 'NONE',  ( 1.000000000000000000, 0.000000000000000000, 0.000000000000000000 ) ) ;
#3774 = DIRECTION ( 'NONE',  ( 1.000000000000000000, 0.000000000000000000, 0.000000000000000000 ) ) ;
#3775 = ADVANCED_FACE ( 'NONE', ( #4541 ), #2256, .T. ) ;
#3776 =( NAMED_UNIT ( * ) PLANE_ANGLE_UNIT ( ) SI_UNIT ( $, .RADIAN. ) );
#3777 = CARTESIAN_POINT ( 'NONE',  ( 924.5000000000000000, -17.84340921775280719, 1076.542151033547725 ) ) ;
#3778 = VERTEX_POINT ( 'NONE', #3286 ) ;
#3779 = AXIS2_PLACEMENT_3D ( 'NONE', #2972, #5400, #5293 ) ;
#3780 = ORIENTED_EDGE ( 'NONE', *, *, #7527, .F. ) ;
#3781 = ORIENTED_EDGE ( 'NONE', *, *, #3300, .F. ) ;
#3782 = DIRECTION ( 'NONE',  ( -1.000000000000000000, 1.258636124801849761E-16, 0.000000000000000000 ) ) ;
#3783 = DIRECTION ( 'NONE',  ( 0.000000000000000000, -1.000000000000000000, 0.000000000000000000 ) ) ;
#3784 = FACE_BOUND ( 'NONE', #5223, .T. ) ;
#3785 = LINE ( 'NONE', #4427, #5832 ) ;
#3786 = UNCERTAINTY_MEASURE_WITH_UNIT (LENGTH_MEASURE( 1.000000000000000082E-05 ), #3690, 'distance_accuracy_value', 'NONE');
#3787 = CIRCLE ( 'NONE', #2002, 2.749999999999998668 ) ;
#3788 =( GEOMETRIC_REPRESENTATION_CONTEXT ( 3 ) GLOBAL_UNCERTAINTY_ASSIGNED_CONTEXT ( ( #4165 ) ) GLOBAL_UNIT_ASSIGNED_CONTEXT ( ( #333, #6680, #3165 ) ) REPRESENTATION_CONTEXT ( 'NONE', 'WORKASPACE' ) );
#3789 = ORIENTED_EDGE ( 'NONE', *, *, #5444, .F. ) ;
#3790 = SURFACE_STYLE_FILL_AREA ( #2366 ) ;
#3791 = DIRECTION ( 'NONE',  ( 0.000000000000000000, 1.000000000000000000, 0.000000000000000000 ) ) ;
#3792 = LINE ( 'NONE', #4978, #7212 ) ;
#3793 = EDGE_CURVE ( 'NONE', #2118, #3879, #5994, .T. ) ;
#3794 = STYLED_ITEM ( 'NONE', ( #4668 ), #3705 ) ;
#3795 = CARTESIAN_POINT ( 'NONE',  ( 924.5000000000000000, 27.91605907035258838, 1056.773462614562277 ) ) ;
#3796 =( NAMED_UNIT ( * ) PLANE_ANGLE_UNIT ( ) SI_UNIT ( $, .RADIAN. ) );
#3797 =( NAMED_UNIT ( * ) PLANE_ANGLE_UNIT ( ) SI_UNIT ( $, .RADIAN. ) );
#3798 = COLOUR_RGB ( '',0.2000000000000000111, 0.2000000000000000111, 0.2000000000000000111 ) ;
#3799 = AXIS2_PLACEMENT_3D ( 'NONE', #3033, #2479, #3633 ) ;
#3800 = ORIENTED_EDGE ( 'NONE', *, *, #4727, .F. ) ;
#3801 = DIRECTION ( 'NONE',  ( 1.000000000000000000, 0.000000000000000000, 0.000000000000000000 ) ) ;
#3802 = CARTESIAN_POINT ( 'NONE',  ( 930.0000000000000000, -1.903451637829659917E-13, 1055.000000000000000 ) ) ;
#3803 = EDGE_CURVE ( 'NONE', #4402, #2320, #7458, .T. ) ;
#3804 =( LENGTH_UNIT ( ) NAMED_UNIT ( * ) SI_UNIT ( .MILLI., .METRE. ) );
#3805 = VECTOR ( 'NONE', #5698, 1000.000000000000000 ) ;
#3806 = DIRECTION ( 'NONE',  ( 0.000000000000000000, 0.000000000000000000, 1.000000000000000000 ) ) ;
#3807 = STYLED_ITEM ( 'NONE', ( #5233 ), #5038 ) ;
#3808 = PRESENTATION_STYLE_ASSIGNMENT (( #4966 ) ) ;
#3809 = FILL_AREA_STYLE ('',( #3741 ) ) ;
#3810 = EDGE_CURVE ( 'NONE', #5226, #7219, #4156, .T. ) ;
#3811 = PRESENTATION_STYLE_ASSIGNMENT (( #744 ) ) ;
#3812 = CARTESIAN_POINT ( 'NONE',  ( 916.5000000000000000, 32.50000000000000000, 1055.000000000000000 ) ) ;
#3813 = VECTOR ( 'NONE', #2581, 1000.000000000000000 ) ;
#3814 = EDGE_LOOP ( 'NONE', ( #2743, #2255, #1515, #3160 ) ) ;
#3815 = EDGE_LOOP ( 'NONE', ( #6910, #4100, #2228, #4678 ) ) ;
#3816 = CARTESIAN_POINT ( 'NONE',  ( 924.6000000000000227, 0.09999999999980679899, 1024.828660585990065 ) ) ;
#3817 = STYLED_ITEM ( 'NONE', ( #1316 ), #924 ) ;
#3818 = FACE_OUTER_BOUND ( 'NONE', #1657, .T. ) ;
#3819 = FACE_OUTER_BOUND ( 'NONE', #3744, .T. ) ;
#3820 =( NAMED_UNIT ( * ) PLANE_ANGLE_UNIT ( ) SI_UNIT ( $, .RADIAN. ) );
#3821 = CIRCLE ( 'NONE', #5896, 2.500000000000000000 ) ;
#3822 = AXIS2_PLACEMENT_3D ( 'NONE', #4686, #6448, #1233 ) ;
#3823 = AXIS2_PLACEMENT_3D ( 'NONE', #3959, #5157, #6211 ) ;
#3824 = EDGE_LOOP ( 'NONE', ( #5168, #587 ) ) ;
#3825 = MECHANICAL_DESIGN_GEOMETRIC_PRESENTATION_REPRESENTATION (  '', ( #1681 ), #4809 ) ;
#3826 = FACE_OUTER_BOUND ( 'NONE', #4153, .T. ) ;
#3827 = AXIS2_PLACEMENT_3D ( 'NONE', #5443, #5856, #743 ) ;
#3828 = STYLED_ITEM ( 'NONE', ( #154 ), #1844 ) ;
#3829 = LINE ( 'NONE', #5213, #4196 ) ;
#3830 =( LENGTH_UNIT ( ) NAMED_UNIT ( * ) SI_UNIT ( .MILLI., .METRE. ) );
#3831 = AXIS2_PLACEMENT_3D ( 'NONE', #342, #2691, #1725 ) ;
#3832 = ORIENTED_EDGE ( 'NONE', *, *, #4980, .T. ) ;
#3833 = CIRCLE ( 'NONE', #1304, 2.749999999999995115 ) ;
#3834 = MECHANICAL_DESIGN_GEOMETRIC_PRESENTATION_REPRESENTATION (  '', ( #4321 ), #438 ) ;
#3835 = CARTESIAN_POINT ( 'NONE',  ( 930.0000000000000000, -10.49999999910279946, 1055.000000000000000 ) ) ;
#3836 = SURFACE_SIDE_STYLE ('',( #837 ) ) ;
#3837 = ORIENTED_EDGE ( 'NONE', *, *, #5225, .T. ) ;
#3838 = DIRECTION ( 'NONE',  ( 1.000000000000000000, 0.000000000000000000, 0.000000000000000000 ) ) ;
#3839 = CARTESIAN_POINT ( 'NONE',  ( 921.5000000000000000, 26.66758519606860034, 1050.776269443909996 ) ) ;
#3840 =( NAMED_UNIT ( * ) SI_UNIT ( $, .STERADIAN. ) SOLID_ANGLE_UNIT ( ) );
#3841 = SURFACE_STYLE_USAGE ( .BOTH. , #7501 ) ;
#3842 = CARTESIAN_POINT ( 'NONE',  ( 924.5000000000000000, 23.62698137422506051, 1040.026113570393136 ) ) ;
#3843 =( GEOMETRIC_REPRESENTATION_CONTEXT ( 3 ) GLOBAL_UNCERTAINTY_ASSIGNED_CONTEXT ( ( #6539 ) ) GLOBAL_UNIT_ASSIGNED_CONTEXT ( ( #3365, #4533, #1683 ) ) REPRESENTATION_CONTEXT ( 'NONE', 'WORKASPACE' ) );
#3844 = AXIS2_PLACEMENT_3D ( 'NONE', #6191, #4461, #7275 ) ;
#3845 = EDGE_CURVE ( 'NONE', #1217, #3042, #5585, .T. ) ;
#3846 = CIRCLE ( 'NONE', #1196, 2.749999999999999112 ) ;
#3847 = CIRCLE ( 'NONE', #813, 2.500000000000000444 ) ;
#3848 = CARTESIAN_POINT ( 'NONE',  ( 930.0000000000000000, 4.223730556086159993, 1081.667585196069922 ) ) ;
#3849 = FACE_BOUND ( 'NONE', #2186, .T. ) ;
#3850 = SURFACE_STYLE_FILL_AREA ( #1555 ) ;
#3851 = UNCERTAINTY_MEASURE_WITH_UNIT (LENGTH_MEASURE( 1.000000000000000082E-05 ), #3087, 'distance_accuracy_value', 'NONE');
#3852 = DIRECTION ( 'NONE',  ( 1.000000000000000000, 0.000000000000000000, 0.000000000000000000 ) ) ;
#3853 = FILL_AREA_STYLE_COLOUR ( '', #5682 ) ;
#3854 = STYLED_ITEM ( 'NONE', ( #1135 ), #7536 ) ;
#3855 = ORIENTED_EDGE ( 'NONE', *, *, #2741, .F. ) ;
#3856 = EDGE_CURVE ( 'NONE', #7431, #4160, #973, .T. ) ;
#3857 = EDGE_LOOP ( 'NONE', ( #4641, #1349, #4740, #5946 ) ) ;
#3858 = CARTESIAN_POINT ( 'NONE',  ( 924.5000000000000000, 24.05717615308619983, 1067.257743492970121 ) ) ;
#3859 = ORIENTED_EDGE ( 'NONE', *, *, #5926, .F. ) ;
#3860 = EDGE_CURVE ( 'NONE', #4063, #6206, #5392, .T. ) ;
#3861 = PRESENTATION_STYLE_ASSIGNMENT (( #6225 ) ) ;
#3862 =( LENGTH_UNIT ( ) NAMED_UNIT ( * ) SI_UNIT ( .MILLI., .METRE. ) );
#3863 = FILL_AREA_STYLE ('',( #3217 ) ) ;
#3864 = UNCERTAINTY_MEASURE_WITH_UNIT (LENGTH_MEASURE( 1.000000000000000082E-05 ), #4103, 'distance_accuracy_value', 'NONE');
#3865 = CARTESIAN_POINT ( 'NONE',  ( 924.6000000000000227, 24.05717615308569890, 1042.742256507029879 ) ) ;
#3866 = PRESENTATION_LAYER_ASSIGNMENT (  '', '', ( #3742 ) ) ;
#3867 = EDGE_CURVE ( 'NONE', #4707, #5694, #4042, .T. ) ;
#3868 = ORIENTED_EDGE ( 'NONE', *, *, #7426, .T. ) ;
#3869 = SURFACE_STYLE_FILL_AREA ( #282 ) ;
#3870 = FILL_AREA_STYLE ('',( #5019 ) ) ;
#3871 = DIRECTION ( 'NONE',  ( -1.000000000000000000, 0.000000000000000000, 0.000000000000000000 ) ) ;
#3872 = UNCERTAINTY_MEASURE_WITH_UNIT (LENGTH_MEASURE( 1.000000000000000082E-05 ), #302, 'distance_accuracy_value', 'NONE');
#3873 = SURFACE_SIDE_STYLE ('',( #6320 ) ) ;
#3874 = CARTESIAN_POINT ( 'NONE',  ( 921.5000000000000000, -15.25774349296800025, 1079.057176153090040 ) ) ;
#3875 = AXIS2_PLACEMENT_3D ( 'NONE', #1534, #3728, #3125 ) ;
#3876 = ORIENTED_EDGE ( 'NONE', *, *, #3988, .T. ) ;
#3877 = DIRECTION ( 'NONE',  ( 0.000000000000000000, 0.7071067811865443531, 0.7071067811865506814 ) ) ;
#3878 = DIRECTION ( 'NONE',  ( 1.000000000000000000, 0.000000000000000000, 0.000000000000000000 ) ) ;
#3879 = VERTEX_POINT ( 'NONE', #309 ) ;
#3880 = CARTESIAN_POINT ( 'NONE',  ( 924.6000000000000227, 0.3507806235851659293, 1024.472685133570167 ) ) ;
#3881 = STYLED_ITEM ( 'NONE', ( #3952 ), #2164 ) ;
#3882 =( NAMED_UNIT ( * ) SI_UNIT ( $, .STERADIAN. ) SOLID_ANGLE_UNIT ( ) );
#3883 = SURFACE_SIDE_STYLE ('',( #6796 ) ) ;
#3884 = PRESENTATION_LAYER_ASSIGNMENT (  '', '', ( #2925 ) ) ;
#3885 =( NAMED_UNIT ( * ) SI_UNIT ( $, .STERADIAN. ) SOLID_ANGLE_UNIT ( ) );
#3886 = SURFACE_SIDE_STYLE ('',( #457 ) ) ;
#3887 = FILL_AREA_STYLE ('',( #7506 ) ) ;
#3888 = CARTESIAN_POINT ( 'NONE',  ( 924.5000000000000000, 4.223730556085629750, 1028.332414803930078 ) ) ;
#3889 =( NAMED_UNIT ( * ) SI_UNIT ( $, .STERADIAN. ) SOLID_ANGLE_UNIT ( ) );
#3890 = EDGE_CURVE ( 'NONE', #2926, #3731, #4048, .T. ) ;
#3891 =( NAMED_UNIT ( * ) PLANE_ANGLE_UNIT ( ) SI_UNIT ( $, .RADIAN. ) );
#3892 = ORIENTED_EDGE ( 'NONE', *, *, #6989, .T. ) ;
#3893 = EDGE_LOOP ( 'NONE', ( #7061, #4947, #7400, #1441 ) ) ;
#3894 = DIRECTION ( 'NONE',  ( 0.000000000000000000, -1.000000000000000000, 0.000000000000000000 ) ) ;
#3895 = ORIENTED_EDGE ( 'NONE', *, *, #4184, .T. ) ;
#3896 = DIRECTION ( 'NONE',  ( 0.000000000000000000, 1.000000000000000000, 0.000000000000000000 ) ) ;
#3897 = FILL_AREA_STYLE ('',( #5588 ) ) ;
#3898 = VERTEX_POINT ( 'NONE', #5136 ) ;
#3899 = PRESENTATION_STYLE_ASSIGNMENT (( #5101 ) ) ;
#3900 = EDGE_CURVE ( 'NONE', #2194, #6696, #6974, .T. ) ;
#3901 = AXIS2_PLACEMENT_3D ( 'NONE', #1032, #905, #984 ) ;
#3902 = VERTEX_POINT ( 'NONE', #1014 ) ;
#3903 = SURFACE_STYLE_USAGE ( .BOTH. , #2309 ) ;
#3904 = CARTESIAN_POINT ( 'NONE',  ( 921.5000000000000000, 26.00171980134919636, 1065.313199844707242 ) ) ;
#3905 = PRESENTATION_LAYER_ASSIGNMENT (  '', '', ( #7464 ) ) ;
#3906 = CARTESIAN_POINT ( 'NONE',  ( 971.5000000000000000, 1.507587619450033278, 1081.237390417209554 ) ) ;
#3907 =( LENGTH_UNIT ( ) NAMED_UNIT ( * ) SI_UNIT ( .MILLI., .METRE. ) );
#3908 = EDGE_CURVE ( 'NONE', #5583, #6199, #764, .T. ) ;
#3909 = PRESENTATION_STYLE_ASSIGNMENT (( #1113 ) ) ;
#3910 =( GEOMETRIC_REPRESENTATION_CONTEXT ( 3 ) GLOBAL_UNCERTAINTY_ASSIGNED_CONTEXT ( ( #4710 ) ) GLOBAL_UNIT_ASSIGNED_CONTEXT ( ( #2476, #1906, #5426 ) ) REPRESENTATION_CONTEXT ( 'NONE', 'WORKASPACE' ) );
#3911 = PRESENTATION_LAYER_ASSIGNMENT (  '', '', ( #1256 ) ) ;
#3912 = ORIENTED_EDGE ( 'NONE', *, *, #1036, .F. ) ;
#3913 = MECHANICAL_DESIGN_GEOMETRIC_PRESENTATION_REPRESENTATION (  '', ( #1511 ), #4397 ) ;
#3914 = ORIENTED_EDGE ( 'NONE', *, *, #7522, .T. ) ;
#3915 = MECHANICAL_DESIGN_GEOMETRIC_PRESENTATION_REPRESENTATION (  '', ( #7231 ), #5743 ) ;
#3916 =( LENGTH_UNIT ( ) NAMED_UNIT ( * ) SI_UNIT ( .MILLI., .METRE. ) );
#3917 = DIRECTION ( 'NONE',  ( 0.000000000000000000, -0.7071067811865446862, -0.7071067811865503483 ) ) ;
#3918 =( GEOMETRIC_REPRESENTATION_CONTEXT ( 3 ) GLOBAL_UNCERTAINTY_ASSIGNED_CONTEXT ( ( #1684 ) ) GLOBAL_UNIT_ASSIGNED_CONTEXT ( ( #5440, #3145, #6654 ) ) REPRESENTATION_CONTEXT ( 'NONE', 'WORKASPACE' ) );
#3919 = AXIS2_PLACEMENT_3D ( 'NONE', #5438, #3782, #2560 ) ;
#3920 = FILL_AREA_STYLE ('',( #1085 ) ) ;
#3921 = PLANE ( 'NONE',  #6886 ) ;
#3922 = COLOUR_RGB ( '',0.2000000000000000111, 0.2000000000000000111, 0.2000000000000000111 ) ;
#3923 =( NAMED_UNIT ( * ) PLANE_ANGLE_UNIT ( ) SI_UNIT ( $, .RADIAN. ) );
#3924 = FACE_BOUND ( 'NONE', #3453, .T. ) ;
#3925 = SURFACE_SIDE_STYLE ('',( #3324 ) ) ;
#3926 = AXIS2_PLACEMENT_3D ( 'NONE', #2041, #7437, #4546 ) ;
#3927 = UNCERTAINTY_MEASURE_WITH_UNIT (LENGTH_MEASURE( 1.000000000000000082E-05 ), #4367, 'distance_accuracy_value', 'NONE');
#3928 = DIRECTION ( 'NONE',  ( 0.000000000000000000, -1.000000000000000000, 0.000000000000000000 ) ) ;
#3929 = ORIENTED_EDGE ( 'NONE', *, *, #2543, .T. ) ;
#3930 = CIRCLE ( 'NONE', #6876, 2.499999999999946709 ) ;
#3931 = ORIENTED_EDGE ( 'NONE', *, *, #2363, .F. ) ;
#3932 = CARTESIAN_POINT ( 'NONE',  ( 924.6000000000000227, 0.06941948029936786946, 1024.872068701732132 ) ) ;
#3933 = EDGE_LOOP ( 'NONE', ( #5375, #7249, #4331, #4271 ) ) ;
#3934 = FILL_AREA_STYLE ('',( #4503 ) ) ;
#3935 = SURFACE_STYLE_USAGE ( .BOTH. , #6305 ) ;
#3936 = MECHANICAL_DESIGN_GEOMETRIC_PRESENTATION_REPRESENTATION (  '', ( #6512 ), #6028 ) ;
#3937 = ORIENTED_EDGE ( 'NONE', *, *, #5488, .F. ) ;
#3938 = SURFACE_SIDE_STYLE ('',( #471 ) ) ;
#3939 = SURFACE_STYLE_USAGE ( .BOTH. , #5210 ) ;
#3940 = UNCERTAINTY_MEASURE_WITH_UNIT (LENGTH_MEASURE( 1.000000000000000082E-05 ), #3238, 'distance_accuracy_value', 'NONE');
#3941 = CARTESIAN_POINT ( 'NONE',  ( 971.5000000000000000, 4.223730556086679577, 1081.667585196069922 ) ) ;
#3942 = AXIS2_PLACEMENT_3D ( 'NONE', #5827, #70, #7027 ) ;
#3943 = ORIENTED_EDGE ( 'NONE', *, *, #3620, .F. ) ;
#3944 = CONICAL_SURFACE ( 'NONE', #7250, 19.50000000000000000, 0.7853981625000003852 ) ;
#3945 = SURFACE_STYLE_USAGE ( .BOTH. , #6779 ) ;
#3946 = EDGE_CURVE ( 'NONE', #5949, #6206, #6808, .T. ) ;
#3947 = UNCERTAINTY_MEASURE_WITH_UNIT (LENGTH_MEASURE( 1.000000000000000082E-05 ), #1088, 'distance_accuracy_value', 'NONE');
#3948 = FILL_AREA_STYLE_COLOUR ( '', #621 ) ;
#3949 = AXIS2_PLACEMENT_3D ( 'NONE', #382, #2727, #7587 ) ;
#3950 = FACE_OUTER_BOUND ( 'NONE', #5277, .T. ) ;
#3951 = CIRCLE ( 'NONE', #2751, 2.750000000000000000 ) ;
#3952 = PRESENTATION_STYLE_ASSIGNMENT (( #401 ) ) ;
#3953 = EDGE_LOOP ( 'NONE', ( #3249, #7279, #6023, #6449 ) ) ;
#3954 = EDGE_CURVE ( 'NONE', #6172, #5493, #3331, .T. ) ;
#3955 =( NAMED_UNIT ( * ) PLANE_ANGLE_UNIT ( ) SI_UNIT ( $, .RADIAN. ) );
#3956 = EDGE_CURVE ( 'NONE', #5409, #4086, #1782, .T. ) ;
#3957 = ORIENTED_EDGE ( 'NONE', *, *, #3256, .T. ) ;
#3958 = FILL_AREA_STYLE_COLOUR ( '', #6461 ) ;
#3959 = CARTESIAN_POINT ( 'NONE',  ( 929.5000000000000000, -1.902822319767259780E-13, 1055.000000000000000 ) ) ;
#3960 = MECHANICAL_DESIGN_GEOMETRIC_PRESENTATION_REPRESENTATION (  '', ( #2767 ), #3717 ) ;
#3961 = SURFACE_SIDE_STYLE ('',( #4996 ) ) ;
#3962 = DIRECTION ( 'NONE',  ( 0.000000000000000000, 1.000000000000000000, 0.000000000000000000 ) ) ;
#3963 = MECHANICAL_DESIGN_GEOMETRIC_PRESENTATION_REPRESENTATION (  '', ( #2305 ), #5554 ) ;
#3964 =( LENGTH_UNIT ( ) NAMED_UNIT ( * ) SI_UNIT ( .MILLI., .METRE. ) );
#3965 = SURFACE_STYLE_FILL_AREA ( #2249 ) ;
#3966 = AXIS2_PLACEMENT_3D ( 'NONE', #2504, #3692, #755 ) ;
#3967 =( LENGTH_UNIT ( ) NAMED_UNIT ( * ) SI_UNIT ( .MILLI., .METRE. ) );
#3968 =( NAMED_UNIT ( * ) SI_UNIT ( $, .STERADIAN. ) SOLID_ANGLE_UNIT ( ) );
#3969 = COLOUR_RGB ( '',0.4000000000000000222, 0.4000000000000000222, 0.4000000000000000222 ) ;
#3970 = ORIENTED_EDGE ( 'NONE', *, *, #4131, .T. ) ;
#3971 = PRESENTATION_LAYER_ASSIGNMENT (  '', '', ( #4580 ) ) ;
#3972 = ORIENTED_EDGE ( 'NONE', *, *, #6155, .F. ) ;
#3973 = SURFACE_STYLE_FILL_AREA ( #7079 ) ;
#3974 = CARTESIAN_POINT ( 'NONE',  ( 924.6000000000000227, 24.05717615308580193, 1067.257743492970121 ) ) ;
#3975 = CARTESIAN_POINT ( 'NONE',  ( 923.0000000000000000, -11.13693180368820101, 1066.136931803690004 ) ) ;
#3976 = ORIENTED_EDGE ( 'NONE', *, *, #495, .T. ) ;
#3977 =( LENGTH_UNIT ( ) NAMED_UNIT ( * ) SI_UNIT ( .MILLI., .METRE. ) );
#3978 = SURFACE_STYLE_USAGE ( .BOTH. , #1141 ) ;
#3979 = PRESENTATION_LAYER_ASSIGNMENT (  '', '', ( #1571 ) ) ;
#3980 = MECHANICAL_DESIGN_GEOMETRIC_PRESENTATION_REPRESENTATION (  '', ( #1828 ), #318 ) ;
#3981 = ORIENTED_EDGE ( 'NONE', *, *, #2668, .F. ) ;
#3982 = FILL_AREA_STYLE_COLOUR ( '', #4222 ) ;
#3983 = PRESENTATION_STYLE_ASSIGNMENT (( #3945 ) ) ;
#3984 = DIRECTION ( 'NONE',  ( 0.000000000000000000, 1.000000000000000000, 0.000000000000000000 ) ) ;
#3985 = FILL_AREA_STYLE ('',( #5220 ) ) ;
#3986 = CARTESIAN_POINT ( 'NONE',  ( 924.5000000000000000, 1.773462614567607343, 1027.083940929646360 ) ) ;
#3987 = DIRECTION ( 'NONE',  ( -1.000000000000000000, 1.258636124801849761E-16, 0.000000000000000000 ) ) ;
#3988 = EDGE_CURVE ( 'NONE', #6843, #6355, #5030, .T. ) ;
#3989 = VERTEX_POINT ( 'NONE', #5279 ) ;
#3990 = SURFACE_STYLE_USAGE ( .BOTH. , #1073 ) ;
#3991 = EDGE_LOOP ( 'NONE', ( #2758, #4446, #178, #5114 ) ) ;
#3992 = FACE_OUTER_BOUND ( 'NONE', #6072, .T. ) ;
#3993 = CARTESIAN_POINT ( 'NONE',  ( 923.0000000000000000, -2.220446049250309799E-13, 1039.250000000000000 ) ) ;
#3994 = ADVANCED_FACE ( 'NONE', ( #5840 ), #6426, .T. ) ;
#3995 = COLOUR_RGB ( '',0.4000000000000000222, 0.4000000000000000222, 0.4000000000000000222 ) ;
#3996 = CARTESIAN_POINT ( 'NONE',  ( 919.9921878755772013, 0.5559618598969663372, 1013.832121143013865 ) ) ;
#3997 = DIRECTION ( 'NONE',  ( -1.000000000000000000, 0.000000000000000000, 0.000000000000000000 ) ) ;
#3998 = FILL_AREA_STYLE ('',( #5719 ) ) ;
#3999 = CYLINDRICAL_SURFACE ( 'NONE', #3611, 2.499999999999946709 ) ;
#4000 = UNCERTAINTY_MEASURE_WITH_UNIT (LENGTH_MEASURE( 1.000000000000000082E-05 ), #7346, 'distance_accuracy_value', 'NONE');
#4001 = DIRECTION ( 'NONE',  ( 0.000000000000000000, 1.000000000000000000, 0.000000000000000000 ) ) ;
#4002 = SURFACE_STYLE_FILL_AREA ( #2293 ) ;
#4003 = ADVANCED_FACE ( 'NONE', ( #3410 ), #1800, .T. ) ;
#4004 = CARTESIAN_POINT ( 'NONE',  ( 919.5811443417820783, -0.09999999998222179609, 1013.556126214739947 ) ) ;
#4005 = ORIENTED_EDGE ( 'NONE', *, *, #1711, .T. ) ;
#4006 = ORIENTED_EDGE ( 'NONE', *, *, #4448, .F. ) ;
#4007 = ORIENTED_EDGE ( 'NONE', *, *, #7484, .T. ) ;
#4008 = FILL_AREA_STYLE_COLOUR ( '', #7173 ) ;
#4009 = SURFACE_STYLE_FILL_AREA ( #3371 ) ;
#4010 = STYLED_ITEM ( 'NONE', ( #771 ), #2483 ) ;
#4011 = EDGE_LOOP ( 'NONE', ( #7007, #5727, #2160, #5467 ) ) ;
#4012 = CARTESIAN_POINT ( 'NONE',  ( 923.0000000000000000, 11.13693180368799851, 1041.363068196310223 ) ) ;
#4013 =( NAMED_UNIT ( * ) SI_UNIT ( $, .STERADIAN. ) SOLID_ANGLE_UNIT ( ) );
#4014 = AXIS2_PLACEMENT_3D ( 'NONE', #2942, #2385, #2240 ) ;
#4015 = ORIENTED_EDGE ( 'NONE', *, *, #2176, .T. ) ;
#4016 = FACE_OUTER_BOUND ( 'NONE', #3857, .T. ) ;
#4017 =( LENGTH_UNIT ( ) NAMED_UNIT ( * ) SI_UNIT ( .MILLI., .METRE. ) );
#4018 = DIRECTION ( 'NONE',  ( -1.000000000000000000, 1.258636124801849761E-16, 0.000000000000000000 ) ) ;
#4019 = UNCERTAINTY_MEASURE_WITH_UNIT (LENGTH_MEASURE( 1.000000000000000082E-05 ), #7161, 'distance_accuracy_value', 'NONE');
#4020 = CARTESIAN_POINT ( 'NONE',  ( 921.5000000000000000, 24.05717615308569890, 1042.742256507029879 ) ) ;
#4021 = MECHANICAL_DESIGN_GEOMETRIC_PRESENTATION_REPRESENTATION (  '', ( #1421 ), #1206 ) ;
#4022 = DIRECTION ( 'NONE',  ( -1.000000000000000000, 1.258636124801849761E-16, 0.000000000000000000 ) ) ;
#4023 = VECTOR ( 'NONE', #2069, 1000.000000000000000 ) ;
#4024 = ORIENTED_EDGE ( 'NONE', *, *, #7329, .F. ) ;
#4025 = DIRECTION ( 'NONE',  ( 1.000000000000000000, 0.000000000000000000, 0.000000000000000000 ) ) ;
#4026 = FILL_AREA_STYLE ('',( #6827 ) ) ;
#4027 = ORIENTED_EDGE ( 'NONE', *, *, #5770, .T. ) ;
#4028 = SURFACE_STYLE_FILL_AREA ( #1748 ) ;
#4029 = ADVANCED_FACE ( 'NONE', ( #2998 ), #2438, .T. ) ;
#4030 = FACE_OUTER_BOUND ( 'NONE', #5591, .T. ) ;
#4031 = COLOUR_RGB ( '',0.2000000000000000111, 0.2000000000000000111, 0.2000000000000000111 ) ;
#4032 = AXIS2_PLACEMENT_3D ( 'NONE', #5390, #7046, #1951 ) ;
#4033 = PRESENTATION_STYLE_ASSIGNMENT (( #5261 ) ) ;
#4034 =( LENGTH_UNIT ( ) NAMED_UNIT ( * ) SI_UNIT ( .MILLI., .METRE. ) );
#4035 =( LENGTH_UNIT ( ) NAMED_UNIT ( * ) SI_UNIT ( .MILLI., .METRE. ) );
#4036 = SURFACE_STYLE_USAGE ( .BOTH. , #3438 ) ;
#4037 = CARTESIAN_POINT ( 'NONE',  ( 919.6353321121655426, -0.1722753260325916580, 1013.575241317043606 ) ) ;
#4038 = ADVANCED_FACE ( 'NONE', ( #4885 ), #1151, .T. ) ;
#4039 = FILL_AREA_STYLE ('',( #2328 ) ) ;
#4040 = AXIS2_PLACEMENT_3D ( 'NONE', #6401, #4022, #6519 ) ;
#4041 = PRESENTATION_STYLE_ASSIGNMENT (( #6842 ) ) ;
#4042 = CIRCLE ( 'NONE', #2724, 45.74180254428119952 ) ;
#4043 = CARTESIAN_POINT ( 'NONE',  ( 930.0000000000000000, -4.223730556086429999, 1028.332414803930078 ) ) ;
#4044 = VERTEX_POINT ( 'NONE', #4186 ) ;
#4045 = DIRECTION ( 'NONE',  ( 0.000000000000000000, 1.000000000000000000, 0.000000000000000000 ) ) ;
#4046 = PRESENTATION_STYLE_ASSIGNMENT (( #616 ) ) ;
#4047 = EDGE_CURVE ( 'NONE', #7214, #5699, #4288, .T. ) ;
#4048 = CIRCLE ( 'NONE', #5011, 2.499999999999946709 ) ;
#4049 = VERTEX_POINT ( 'NONE', #697 ) ;
#4050 = CYLINDRICAL_SURFACE ( 'NONE', #3329, 2.999999999999999112 ) ;
#4051 =( NAMED_UNIT ( * ) PLANE_ANGLE_UNIT ( ) SI_UNIT ( $, .RADIAN. ) );
#4052 = DIRECTION ( 'NONE',  ( 1.000000000000000000, 0.000000000000000000, 0.000000000000000000 ) ) ;
#4053 = DIRECTION ( 'NONE',  ( 0.000000000000000000, 0.9876883405951439876, 0.1564344650401914560 ) ) ;
#4054 = CARTESIAN_POINT ( 'NONE',  ( 924.5000000000000000, 1.507587619450033722, 1081.237390417209554 ) ) ;
#4055 = STYLED_ITEM ( 'NONE', ( #3808 ), #4847 ) ;
#4056 = ORIENTED_EDGE ( 'NONE', *, *, #6351, .F. ) ;
#4057 = DIRECTION ( 'NONE',  ( 1.000000000000000000, 0.000000000000000000, 0.000000000000000000 ) ) ;
#4058 = VECTOR ( 'NONE', #4077, 1000.000000000000000 ) ;
#4059 = CARTESIAN_POINT ( 'NONE',  ( 923.0000000000000000, -2.220446049250309799E-13, 1041.750000000000000 ) ) ;
#4060 = SURFACE_STYLE_FILL_AREA ( #6979 ) ;
#4061 = CARTESIAN_POINT ( 'NONE',  ( 924.5000000000000000, -26.66758519606889877, 1050.776269443909996 ) ) ;
#4062 = STYLED_ITEM ( 'NONE', ( #5077 ), #5276 ) ;
#4063 = VERTEX_POINT ( 'NONE', #1947 ) ;
#4064 = PLANE ( 'NONE',  #2429 ) ;
#4065 = VERTEX_POINT ( 'NONE', #6503 ) ;
#4066 = PRESENTATION_STYLE_ASSIGNMENT (( #4684 ) ) ;
#4067 = SPHERICAL_SURFACE ( 'NONE', #6724, 90.00000000000000000 ) ;
#4068 = AXIS2_PLACEMENT_3D ( 'NONE', #3941, #2819, #4053 ) ;
#4069 = DIRECTION ( 'NONE',  ( 1.000000000000000000, 0.000000000000000000, 0.000000000000000000 ) ) ;
#4070 = DIRECTION ( 'NONE',  ( 1.000000000000000000, 0.000000000000000000, 0.000000000000000000 ) ) ;
#4071 =( GEOMETRIC_REPRESENTATION_CONTEXT ( 3 ) GLOBAL_UNCERTAINTY_ASSIGNED_CONTEXT ( ( #7412 ) ) GLOBAL_UNIT_ASSIGNED_CONTEXT ( ( #3163, #1149, #5079 ) ) REPRESENTATION_CONTEXT ( 'NONE', 'WORKASPACE' ) );
#4072 = EDGE_CURVE ( 'NONE', #3687, #6576, #5281, .T. ) ;
#4073 = VECTOR ( 'NONE', #7545, 1000.000000000000000 ) ;
#4074 = CARTESIAN_POINT ( 'NONE',  ( 924.6000000000000227, -30.52933015970080177, 1055.000000000000000 ) ) ;
#4075 =( NAMED_UNIT ( * ) SI_UNIT ( $, .STERADIAN. ) SOLID_ANGLE_UNIT ( ) );
#4076 = COLOUR_RGB ( '',0.2000000000000000111, 0.2000000000000000111, 0.2000000000000000111 ) ;
#4077 = DIRECTION ( 'NONE',  ( 1.000000000000000000, 0.000000000000000000, 0.000000000000000000 ) ) ;
#4078 = SURFACE_STYLE_FILL_AREA ( #5800 ) ;
#4079 = DIRECTION ( 'NONE',  ( -1.000000000000000000, 0.000000000000000000, 0.000000000000000000 ) ) ;
#4080 = UNCERTAINTY_MEASURE_WITH_UNIT (LENGTH_MEASURE( 1.000000000000000082E-05 ), #2902, 'distance_accuracy_value', 'NONE');
#4081 = COLOUR_RGB ( '',0.2000000000000000111, 0.2000000000000000111, 0.2000000000000000111 ) ;
#4082 = ADVANCED_FACE ( 'NONE', ( #156, #7157 ), #5650, .F. ) ;
#4083 = ORIENTED_EDGE ( 'NONE', *, *, #6531, .T. ) ;
#4084 = FILL_AREA_STYLE ('',( #5206 ) ) ;
#4085 = STYLED_ITEM ( 'NONE', ( #5547 ), #6665 ) ;
#4086 = VERTEX_POINT ( 'NONE', #1635 ) ;
#4087 = PRESENTATION_STYLE_ASSIGNMENT (( #2408 ) ) ;
#4088 = SURFACE_STYLE_USAGE ( .BOTH. , #1807 ) ;
#4089 = DIRECTION ( 'NONE',  ( 1.000000000000000000, 0.000000000000000000, 0.000000000000000000 ) ) ;
#4090 = EDGE_CURVE ( 'NONE', #4132, #7168, #5148, .T. ) ;
#4091 = ORIENTED_EDGE ( 'NONE', *, *, #4359, .F. ) ;
#4092 =( NAMED_UNIT ( * ) SI_UNIT ( $, .STERADIAN. ) SOLID_ANGLE_UNIT ( ) );
#4093 = PRESENTATION_LAYER_ASSIGNMENT (  '', '', ( #3735 ) ) ;
#4094 = AXIS2_PLACEMENT_3D ( 'NONE', #2673, #3871, #4946 ) ;
#4095 = UNCERTAINTY_MEASURE_WITH_UNIT (LENGTH_MEASURE( 1.000000000000000082E-05 ), #2958, 'distance_accuracy_value', 'NONE');
#4096 = CARTESIAN_POINT ( 'NONE',  ( 924.2000000000000455, 9.799999999999810640, 1055.000000000000000 ) ) ;
#4097 = CARTESIAN_POINT ( 'NONE',  ( 921.5000000000000000, -9.257743492968002030, 1030.942823846909960 ) ) ;
#4098 = FILL_AREA_STYLE ('',( #1821 ) ) ;
#4099 = ADVANCED_FACE ( 'NONE', ( #4492 ), #5609, .T. ) ;
#4100 = ORIENTED_EDGE ( 'NONE', *, *, #5904, .T. ) ;
#4101 = CARTESIAN_POINT ( 'NONE',  ( 930.0000000000000000, 2.499999999999808598, 1070.750000000000000 ) ) ;
#4102 = VERTEX_POINT ( 'NONE', #3777 ) ;
#4103 =( LENGTH_UNIT ( ) NAMED_UNIT ( * ) SI_UNIT ( .MILLI., .METRE. ) );
#4104 = VECTOR ( 'NONE', #6469, 1000.000000000000000 ) ;
#4105 =( LENGTH_UNIT ( ) NAMED_UNIT ( * ) SI_UNIT ( .MILLI., .METRE. ) );
#4106 =( NAMED_UNIT ( * ) SI_UNIT ( $, .STERADIAN. ) SOLID_ANGLE_UNIT ( ) );
#4107 = DIRECTION ( 'NONE',  ( 0.000000000000000000, -1.000000000000000000, 0.000000000000000000 ) ) ;
#4108 =( NAMED_UNIT ( * ) PLANE_ANGLE_UNIT ( ) SI_UNIT ( $, .RADIAN. ) );
#4109 = DIRECTION ( 'NONE',  ( 0.000000000000000000, -1.000000000000000000, 0.000000000000000000 ) ) ;
#4110 = ORIENTED_EDGE ( 'NONE', *, *, #4315, .F. ) ;
#4111 = FILL_AREA_STYLE_COLOUR ( '', #1558 ) ;
#4112 =( NAMED_UNIT ( * ) SI_UNIT ( $, .STERADIAN. ) SOLID_ANGLE_UNIT ( ) );
#4113 = PRESENTATION_STYLE_ASSIGNMENT (( #7000 ) ) ;
#4114 = FILL_AREA_STYLE_COLOUR ( '', #5903 ) ;
#4115 = DIRECTION ( 'NONE',  ( -1.000000000000000000, 0.000000000000000000, 0.000000000000000000 ) ) ;
#4116 = CIRCLE ( 'NONE', #474, 2.499999999999946709 ) ;
#4117 = VERTEX_POINT ( 'NONE', #5534 ) ;
#4118 =( NAMED_UNIT ( * ) PLANE_ANGLE_UNIT ( ) SI_UNIT ( $, .RADIAN. ) );
#4119 = VERTEX_POINT ( 'NONE', #1470 ) ;
#4120 = DIRECTION ( 'NONE',  ( 1.000000000000000000, 0.000000000000000000, 0.000000000000000000 ) ) ;
#4121 = SURFACE_SIDE_STYLE ('',( #1212 ) ) ;
#4122 = DIRECTION ( 'NONE',  ( 1.000000000000000000, 0.000000000000000000, 0.000000000000000000 ) ) ;
#4123 = ADVANCED_FACE ( 'NONE', ( #884 ), #298, .T. ) ;
#4124 =( GEOMETRIC_REPRESENTATION_CONTEXT ( 3 ) GLOBAL_UNCERTAINTY_ASSIGNED_CONTEXT ( ( #4313 ) ) GLOBAL_UNIT_ASSIGNED_CONTEXT ( ( #1623, #3264, #989 ) ) REPRESENTATION_CONTEXT ( 'NONE', 'WORKASPACE' ) );
#4125 = VECTOR ( 'NONE', #733, 1000.000000000000000 ) ;
#4126 = ORIENTED_EDGE ( 'NONE', *, *, #3620, .T. ) ;
#4127 = DIRECTION ( 'NONE',  ( 0.000000000000000000, -1.000000000000000000, 0.000000000000000000 ) ) ;
#4128 = DIRECTION ( 'NONE',  ( -1.000000000000000000, 0.000000000000000000, 0.000000000000000000 ) ) ;
#4129 = STYLED_ITEM ( 'NONE', ( #3398 ), #121 ) ;
#4130 = CARTESIAN_POINT ( 'NONE',  ( 924.5393258426970533, -30.87235634126988515, 1055.000000000000000 ) ) ;
#4131 = EDGE_CURVE ( 'NONE', #1011, #2296, #7343, .T. ) ;
#4132 = VERTEX_POINT ( 'NONE', #7504 ) ;
#4133 = SURFACE_STYLE_USAGE ( .BOTH. , #174 ) ;
#4134 = ORIENTED_EDGE ( 'NONE', *, *, #6471, .T. ) ;
#4135 = CARTESIAN_POINT ( 'NONE',  ( 924.5000000000000000, -19.09188309203659983, 1074.091883092029775 ) ) ;
#4136 = EDGE_CURVE ( 'NONE', #1193, #4177, #3558, .T. ) ;
#4137 = EDGE_CURVE ( 'NONE', #6966, #3258, #257, .T. ) ;
#4138 = SURFACE_STYLE_USAGE ( .BOTH. , #4719 ) ;
#4139 = DIRECTION ( 'NONE',  ( 0.000000000000000000, 1.000000000000000000, 0.000000000000000000 ) ) ;
#4140 = SURFACE_STYLE_FILL_AREA ( #2982 ) ;
#4141 = ORIENTED_EDGE ( 'NONE', *, *, #2551, .T. ) ;
#4142 = SURFACE_SIDE_STYLE ('',( #5306 ) ) ;
#4143 = SURFACE_SIDE_STYLE ('',( #2396 ) ) ;
#4144 = PRESENTATION_LAYER_ASSIGNMENT (  '', '', ( #7470 ) ) ;
#4145 = FILL_AREA_STYLE_COLOUR ( '', #6753 ) ;
#4146 = SURFACE_STYLE_FILL_AREA ( #1352 ) ;
#4147 = COLOUR_RGB ( '',0.4000000000000000222, 0.4000000000000000222, 0.4000000000000000222 ) ;
#4148 = MECHANICAL_DESIGN_GEOMETRIC_PRESENTATION_REPRESENTATION (  '', ( #5382 ), #1503 ) ;
#4149 = AXIS2_PLACEMENT_3D ( 'NONE', #1576, #4480, #1622 ) ;
#4150 = ORIENTED_EDGE ( 'NONE', *, *, #6089, .T. ) ;
#4151 = CARTESIAN_POINT ( 'NONE',  ( 924.6000000000000227, -24.05717615308610391, 1067.257743492970121 ) ) ;
#4152 = PLANE ( 'NONE',  #2277 ) ;
#4153 = EDGE_LOOP ( 'NONE', ( #3703, #5028 ) ) ;
#4154 = DIRECTION ( 'NONE',  ( 0.000000000000000000, -1.000000000000000000, 0.000000000000000000 ) ) ;
#4155 = DIRECTION ( 'NONE',  ( 1.000000000000000000, 0.000000000000000000, 0.000000000000000000 ) ) ;
#4156 = CIRCLE ( 'NONE', #882, 2.500000000000000000 ) ;
#4157 = DIRECTION ( 'NONE',  ( 0.000000000000000000, 1.000000000000000000, 0.000000000000000000 ) ) ;
#4158 = B_SPLINE_CURVE_WITH_KNOTS ( 'NONE', 3,
 ( #607, #4037, #7071, #1792, #4690, #7584, #6996, #6373, #2431, #109, #5948, #5797, #5373 ),
 .UNSPECIFIED., .F., .F.,
 ( 4, 2, 1, 1, 1, 2, 2, 4 ),
 ( 0.000000000000000000, 0.2500000000042232329, 0.3750000000063349881, 0.4375000000072757911, 0.4687500000077461371, 0.4843750000076711415, 0.5000000000075961459, 1.000000000000000000 ),
 .UNSPECIFIED. ) ;
#4159 = ADVANCED_FACE ( 'NONE', ( #497 ), #1831, .F. ) ;
#4160 = VERTEX_POINT ( 'NONE', #36 ) ;
#4161 = LINE ( 'NONE', #1848, #5987 ) ;
#4162 = CARTESIAN_POINT ( 'NONE',  ( 920.1416456863189524, -2.005889790507489945E-13, 1055.000000000000000 ) ) ;
#4163 =( NAMED_UNIT ( * ) PLANE_ANGLE_UNIT ( ) SI_UNIT ( $, .RADIAN. ) );
#4164 = FILL_AREA_STYLE ('',( #3643 ) ) ;
#4165 = UNCERTAINTY_MEASURE_WITH_UNIT (LENGTH_MEASURE( 1.000000000000000082E-05 ), #333, 'distance_accuracy_value', 'NONE');
#4166 = FILL_AREA_STYLE ('',( #62 ) ) ;
#4167 = CIRCLE ( 'NONE', #3574, 2.749999999999999112 ) ;
#4168 = CARTESIAN_POINT ( 'NONE',  ( 930.0000000000000000, -19.09188309203700129, 1074.091883092039780 ) ) ;
#4169 = ADVANCED_FACE ( 'NONE', ( #1123 ), #1238, .T. ) ;
#4170 = ORIENTED_EDGE ( 'NONE', *, *, #2753, .T. ) ;
#4171 =( GEOMETRIC_REPRESENTATION_CONTEXT ( 3 ) GLOBAL_UNCERTAINTY_ASSIGNED_CONTEXT ( ( #7002 ) ) GLOBAL_UNIT_ASSIGNED_CONTEXT ( ( #7163, #7199, #2590 ) ) REPRESENTATION_CONTEXT ( 'NONE', 'WORKASPACE' ) );
#4172 = SURFACE_STYLE_USAGE ( .BOTH. , #3473 ) ;
#4173 = VERTEX_POINT ( 'NONE', #2470 ) ;
#4174 = DIRECTION ( 'NONE',  ( 1.000000000000000000, 0.000000000000000000, 0.000000000000000000 ) ) ;
#4175 =( LENGTH_UNIT ( ) NAMED_UNIT ( * ) SI_UNIT ( .MILLI., .METRE. ) );
#4176 = EDGE_CURVE ( 'NONE', #5105, #7496, #5381, .T. ) ;
#4177 = VERTEX_POINT ( 'NONE', #5419 ) ;
#4178 = ADVANCED_FACE ( 'NONE', ( #3695 ), #6497, .T. ) ;
#4179 = VECTOR ( 'NONE', #6459, 1000.000000000000000 ) ;
#4180 = FILL_AREA_STYLE_COLOUR ( '', #4147 ) ;
#4181 =( NAMED_UNIT ( * ) PLANE_ANGLE_UNIT ( ) SI_UNIT ( $, .RADIAN. ) );
#4182 = STYLED_ITEM ( 'NONE', ( #1006 ), #843 ) ;
#4183 =( GEOMETRIC_REPRESENTATION_CONTEXT ( 3 ) GLOBAL_UNCERTAINTY_ASSIGNED_CONTEXT ( ( #6557 ) ) GLOBAL_UNIT_ASSIGNED_CONTEXT ( ( #6992, #7108, #6409 ) ) REPRESENTATION_CONTEXT ( 'NONE', 'WORKASPACE' ) );
#4184 = EDGE_CURVE ( 'NONE', #4173, #4538, #4767, .T. ) ;
#4185 = EDGE_LOOP ( 'NONE', ( #3510, #465 ) ) ;
#4186 = CARTESIAN_POINT ( 'NONE',  ( 924.5000000000000000, -10.31319984470439799, 1081.001719801343143 ) ) ;
#4187 = VECTOR ( 'NONE', #805, 1000.000000000000000 ) ;
#4188 = AXIS2_PLACEMENT_3D ( 'NONE', #5460, #5529, #808 ) ;
#4189 = CYLINDRICAL_SURFACE ( 'NONE', #3451, 41.50000000000000000 ) ;
#4190 = DIRECTION ( 'NONE',  ( 0.000000000000000000, -1.000000000000000000, 0.000000000000000000 ) ) ;
#4191 = EDGE_LOOP ( 'NONE', ( #4362, #3058, #6712, #5706 ) ) ;
#4192 = AXIS2_PLACEMENT_3D ( 'NONE', #5128, #4536, #5204 ) ;
#4193 = CARTESIAN_POINT ( 'NONE',  ( 930.0000000000000000, 15.74999999999969802, 1057.499999999999773 ) ) ;
#4194 = AXIS2_PLACEMENT_3D ( 'NONE', #4826, #3612, #4460 ) ;
#4195 = CIRCLE ( 'NONE', #6161, 2.999999999999999112 ) ;
#4196 = VECTOR ( 'NONE', #2710, 1000.000000000000000 ) ;
#4197 = ORIENTED_EDGE ( 'NONE', *, *, #6798, .F. ) ;
#4198 = SURFACE_STYLE_USAGE ( .BOTH. , #4782 ) ;
#4199 = MECHANICAL_DESIGN_GEOMETRIC_PRESENTATION_REPRESENTATION (  '', ( #5799 ), #5201 ) ;
#4200 = COLOUR_RGB ( '',0.4000000000000000222, 0.4000000000000000222, 0.4000000000000000222 ) ;
#4201 = ORIENTED_EDGE ( 'NONE', *, *, #7106, .T. ) ;
#4202 = MECHANICAL_DESIGN_GEOMETRIC_PRESENTATION_REPRESENTATION (  '', ( #3614 ), #6915 ) ;
#4203 = AXIS2_PLACEMENT_3D ( 'NONE', #6235, #4018, #6359 ) ;
#4204 = DIRECTION ( 'NONE',  ( 0.000000000000000000, -1.000000000000000000, 0.000000000000000000 ) ) ;
#4205 = CARTESIAN_POINT ( 'NONE',  ( 924.6000000000000227, 23.66758519606850086, 1050.776269443909996 ) ) ;
#4206 = ORIENTED_EDGE ( 'NONE', *, *, #141, .F. ) ;
#4207 = DIRECTION ( 'NONE',  ( 0.000000000000000000, -1.000000000000000000, 0.000000000000000000 ) ) ;
#4208 =( NAMED_UNIT ( * ) SI_UNIT ( $, .STERADIAN. ) SOLID_ANGLE_UNIT ( ) );
#4209 = ADVANCED_FACE ( 'NONE', ( #3057 ), #4254, .F. ) ;
#4210 =( BOUNDED_CURVE ( )  B_SPLINE_CURVE ( 3, ( #3393, #4961, #452, #1543 ),
 .UNSPECIFIED., .F., .F. ) 
 B_SPLINE_CURVE_WITH_KNOTS ( ( 4, 4 ),
 ( 3.141592653589793116, 3.665191429178649596 ),
 .UNSPECIFIED. ) 
 CURVE ( )  GEOMETRIC_REPRESENTATION_ITEM ( )  RATIONAL_B_SPLINE_CURVE ( ( 1.000000000000000000, 0.9772838841935268528, 0.9772838841935268528, 1.000000000000000000 ) ) 
 REPRESENTATION_ITEM ( '' )  );
#4211 = CARTESIAN_POINT ( 'NONE',  ( 930.0000000000000000, 24.05717615308580193, 1067.257743492970121 ) ) ;
#4212 = AXIS2_PLACEMENT_3D ( 'NONE', #5171, #1691, #947 ) ;
#4213 = STYLED_ITEM ( 'NONE', ( #234 ), #6841 ) ;
#4214 = EDGE_LOOP ( 'NONE', ( #7178, #1422, #2422, #3709 ) ) ;
#4215 = DIRECTION ( 'NONE',  ( -1.000000000000000000, 0.000000000000000000, 0.000000000000000000 ) ) ;
#4216 =( NAMED_UNIT ( * ) SI_UNIT ( $, .STERADIAN. ) SOLID_ANGLE_UNIT ( ) );
#4217 = ORIENTED_EDGE ( 'NONE', *, *, #2348, .F. ) ;
#4218 = LINE ( 'NONE', #2651, #7127 ) ;
#4219 = FACE_OUTER_BOUND ( 'NONE', #3824, .T. ) ;
#4220 = ADVANCED_FACE ( 'NONE', ( #2013 ), #3733, .F. ) ;
#4221 = DIRECTION ( 'NONE',  ( 0.000000000000000000, -1.000000000000000000, 0.000000000000000000 ) ) ;
#4222 = COLOUR_RGB ( '',0.4000000000000000222, 0.4000000000000000222, 0.4000000000000000222 ) ;
#4223 = AXIS2_PLACEMENT_3D ( 'NONE', #4970, #2853, #3896 ) ;
#4224 = ORIENTED_EDGE ( 'NONE', *, *, #6495, .T. ) ;
#4225 = SURFACE_SIDE_STYLE ('',( #4264 ) ) ;
#4226 = FACE_OUTER_BOUND ( 'NONE', #2279, .T. ) ;
#4227 = SURFACE_STYLE_USAGE ( .BOTH. , #5992 ) ;
#4228 = CARTESIAN_POINT ( 'NONE',  ( 921.5000000000000000, 12.25774349296749932, 1030.942823846909960 ) ) ;
#4229 = EDGE_CURVE ( 'NONE', #5694, #2600, #3739, .T. ) ;
#4230 = DIRECTION ( 'NONE',  ( 1.000000000000000000, 0.000000000000000000, 0.000000000000000000 ) ) ;
#4231 = COLOUR_RGB ( '',0.2000000000000000111, 0.2000000000000000111, 0.2000000000000000111 ) ;
#4232 = ORIENTED_EDGE ( 'NONE', *, *, #633, .T. ) ;
#4233 = VERTEX_POINT ( 'NONE', #3835 ) ;
#4234 = LINE ( 'NONE', #238, #4279 ) ;
#4235 = DIRECTION ( 'NONE',  ( 0.000000000000000000, -1.000000000000000000, 0.000000000000000000 ) ) ;
#4236 = FILL_AREA_STYLE ('',( #6111 ) ) ;
#4237 = UNCERTAINTY_MEASURE_WITH_UNIT (LENGTH_MEASURE( 1.000000000000000082E-05 ), #5110, 'distance_accuracy_value', 'NONE');
#4238 = SURFACE_STYLE_FILL_AREA ( #712 ) ;
#4239 = COLOUR_RGB ( '',0.2000000000000000111, 0.2000000000000000111, 0.2000000000000000111 ) ;
#4240 = VERTEX_POINT ( 'NONE', #6174 ) ;
#4241 = CARTESIAN_POINT ( 'NONE',  ( 921.5000000000000000, 26.66758519606860034, 1050.776269443909996 ) ) ;
#4242 = DIRECTION ( 'NONE',  ( 1.000000000000000000, 0.000000000000000000, 0.000000000000000000 ) ) ;
#4243 = ORIENTED_EDGE ( 'NONE', *, *, #7582, .T. ) ;
#4244 =( GEOMETRIC_REPRESENTATION_CONTEXT ( 3 ) GLOBAL_UNCERTAINTY_ASSIGNED_CONTEXT ( ( #6693 ) ) GLOBAL_UNIT_ASSIGNED_CONTEXT ( ( #1768, #5141, #2336 ) ) REPRESENTATION_CONTEXT ( 'NONE', 'WORKASPACE' ) );
#4245 = CARTESIAN_POINT ( 'NONE',  ( 971.5000000000000000, 14.20228714123020453, 1032.887367495173066 ) ) ;
#4246 = LINE ( 'NONE', #6632, #3440 ) ;
#4247 = CIRCLE ( 'NONE', #5603, 2.749999999999999112 ) ;
#4248 = FILL_AREA_STYLE_COLOUR ( '', #3226 ) ;
#4249 = CARTESIAN_POINT ( 'NONE',  ( 923.0000000000000000, -11.13693180368849944, 1043.863068196310223 ) ) ;
#4250 = PRESENTATION_LAYER_ASSIGNMENT (  '', '', ( #4379 ) ) ;
#4251 = ORIENTED_EDGE ( 'NONE', *, *, #7155, .F. ) ;
#4252 = EDGE_CURVE ( 'NONE', #2735, #2316, #954, .T. ) ;
#4253 = DIRECTION ( 'NONE',  ( 1.000000000000000000, 0.000000000000000000, 0.000000000000000000 ) ) ;
#4254 = CYLINDRICAL_SURFACE ( 'NONE', #881, 3.000000000000000888 ) ;
#4255 = ORIENTED_EDGE ( 'NONE', *, *, #4090, .F. ) ;
#4256 = DIRECTION ( 'NONE',  ( -0.4067366430757988205, 3.147411765146328548E-17, -0.9135454576426015327 ) ) ;
#4257 = PRESENTATION_LAYER_ASSIGNMENT (  '', '', ( #1 ) ) ;
#4258 = FILL_AREA_STYLE ('',( #296 ) ) ;
#4259 = CYLINDRICAL_SURFACE ( 'NONE', #137, 0.2000000000000070610 ) ;
#4260 = ADVANCED_FACE ( 'NONE', ( #326 ), #4371, .F. ) ;
#4261 =( GEOMETRIC_REPRESENTATION_CONTEXT ( 3 ) GLOBAL_UNCERTAINTY_ASSIGNED_CONTEXT ( ( #4237 ) ) GLOBAL_UNIT_ASSIGNED_CONTEXT ( ( #5110, #6864, #2900 ) ) REPRESENTATION_CONTEXT ( 'NONE', 'WORKASPACE' ) );
#4262 = CARTESIAN_POINT ( 'NONE',  ( 921.5000000000000000, -4.223730556086429999, 1028.332414803930078 ) ) ;
#4263 = ORIENTED_EDGE ( 'NONE', *, *, #2491, .F. ) ;
#4264 = SURFACE_STYLE_FILL_AREA ( #6067 ) ;
#4265 = CARTESIAN_POINT ( 'NONE',  ( 921.5000000000000000, 24.05717615308580193, 1067.257743492970121 ) ) ;
#4266 = AXIS2_PLACEMENT_3D ( 'NONE', #1276, #4724, #7222 ) ;
#4267 = AXIS2_PLACEMENT_3D ( 'NONE', #2962, #5887, #7086 ) ;
#4268 = FILL_AREA_STYLE ('',( #2558 ) ) ;
#4269 = EDGE_LOOP ( 'NONE', ( #1891, #6262, #2593, #2830 ) ) ;
#4270 = EDGE_CURVE ( 'NONE', #2037, #5005, #266, .T. ) ;
#4271 = ORIENTED_EDGE ( 'NONE', *, *, #2541, .F. ) ;
#4272 = FILL_AREA_STYLE_COLOUR ( '', #7352 ) ;
#4273 = STYLED_ITEM ( 'NONE', ( #4033 ), #4326 ) ;
#4274 = CARTESIAN_POINT ( 'NONE',  ( 925.6000000000000227, -20.00000000000019185, 1055.000000000000000 ) ) ;
#4275 = DIRECTION ( 'NONE',  ( -0.000000000000000000, 0.000000000000000000, 1.000000000000000000 ) ) ;
#4276 = DIRECTION ( 'NONE',  ( 0.000000000000000000, -1.000000000000000000, 0.000000000000000000 ) ) ;
#4277 = DIRECTION ( 'NONE',  ( -1.258636124801849761E-16, -1.000000000000000000, 0.000000000000000000 ) ) ;
#4278 = UNCERTAINTY_MEASURE_WITH_UNIT (LENGTH_MEASURE( 1.000000000000000082E-05 ), #1186, 'distance_accuracy_value', 'NONE');
#4279 = VECTOR ( 'NONE', #854, 1000.000000000000000 ) ;
#4280 = VERTEX_POINT ( 'NONE', #4484 ) ;
#4281 = STYLED_ITEM ( 'NONE', ( #5556 ), #7571 ) ;
#4282 =( NAMED_UNIT ( * ) PLANE_ANGLE_UNIT ( ) SI_UNIT ( $, .RADIAN. ) );
#4283 = SURFACE_STYLE_FILL_AREA ( #7179 ) ;
#4284 = VECTOR ( 'NONE', #3181, 1000.000000000000000 ) ;
#4285 = PLANE ( 'NONE',  #4203 ) ;
#4286 = ORIENTED_EDGE ( 'NONE', *, *, #268, .T. ) ;
#4287 =( LENGTH_UNIT ( ) NAMED_UNIT ( * ) SI_UNIT ( .MILLI., .METRE. ) );
#4288 = CIRCLE ( 'NONE', #3670, 2.999999999999999112 ) ;
#4289 =( NAMED_UNIT ( * ) PLANE_ANGLE_UNIT ( ) SI_UNIT ( $, .RADIAN. ) );
#4290 = CARTESIAN_POINT ( 'NONE',  ( 924.6000000000000227, -27.05717615308610036, 1067.257743492970121 ) ) ;
#4291 = SURFACE_STYLE_USAGE ( .BOTH. , #3051 ) ;
#4292 = FACE_OUTER_BOUND ( 'NONE', #2875, .T. ) ;
#4293 = DIRECTION ( 'NONE',  ( 0.000000000000000000, 0.000000000000000000, 1.000000000000000000 ) ) ;
#4294 = SURFACE_STYLE_USAGE ( .BOTH. , #2010 ) ;
#4295 = CARTESIAN_POINT ( 'NONE',  ( 921.5000000000000000, -4.223730556085800281, 1081.667585196069922 ) ) ;
#4296 = EDGE_LOOP ( 'NONE', ( #4975, #1171 ) ) ;
#4297 = FACE_OUTER_BOUND ( 'NONE', #4842, .T. ) ;
#4298 =( NAMED_UNIT ( * ) PLANE_ANGLE_UNIT ( ) SI_UNIT ( $, .RADIAN. ) );
#4299 = MECHANICAL_DESIGN_GEOMETRIC_PRESENTATION_REPRESENTATION (  '', ( #1899 ), #4171 ) ;
#4300 = DIRECTION ( 'NONE',  ( 1.000000000000000000, 0.000000000000000000, 0.000000000000000000 ) ) ;
#4301 = CARTESIAN_POINT ( 'NONE',  ( 924.6000000000000227, -7.223730556086429999, 1081.667585196069922 ) ) ;
#4302 = CARTESIAN_POINT ( 'NONE',  ( 930.0000000000000000, -24.05717615308610391, 1042.742256507029879 ) ) ;
#4303 = ORIENTED_EDGE ( 'NONE', *, *, #1552, .F. ) ;
#4304 = VECTOR ( 'NONE', #4646, 1000.000000000000000 ) ;
#4305 =( NAMED_UNIT ( * ) SI_UNIT ( $, .STERADIAN. ) SOLID_ANGLE_UNIT ( ) );
#4306 = PLANE ( 'NONE',  #3011 ) ;
#4307 = EDGE_CURVE ( 'NONE', #5458, #890, #3448, .T. ) ;
#4308 = VERTEX_POINT ( 'NONE', #6204 ) ;
#4309 = PLANE ( 'NONE',  #3919 ) ;
#4310 = CIRCLE ( 'NONE', #3823, 10.00000000000000000 ) ;
#4311 = CARTESIAN_POINT ( 'NONE',  ( 840.0000000000000000, -1.905020620145609748E-13, 1055.000000000000000 ) ) ;
#4312 = CARTESIAN_POINT ( 'NONE',  ( 930.0000000000000000, 11.13693180368799851, 1041.363068196310223 ) ) ;
#4313 = UNCERTAINTY_MEASURE_WITH_UNIT (LENGTH_MEASURE( 1.000000000000000082E-05 ), #1623, 'distance_accuracy_value', 'NONE');
#4314 = STYLED_ITEM ( 'NONE', ( #4041 ), #1758 ) ;
#4315 = EDGE_CURVE ( 'NONE', #1390, #860, #632, .T. ) ;
#4316 = AXIS2_PLACEMENT_3D ( 'NONE', #5262, #3052, #29 ) ;
#4317 = VERTEX_POINT ( 'NONE', #2051 ) ;
#4318 = FACE_OUTER_BOUND ( 'NONE', #346, .T. ) ;
#4319 = DIRECTION ( 'NONE',  ( 1.000000000000000000, 0.000000000000000000, 0.000000000000000000 ) ) ;
#4320 =( GEOMETRIC_REPRESENTATION_CONTEXT ( 3 ) GLOBAL_UNCERTAINTY_ASSIGNED_CONTEXT ( ( #3314 ) ) GLOBAL_UNIT_ASSIGNED_CONTEXT ( ( #5456, #836, #5564 ) ) REPRESENTATION_CONTEXT ( 'NONE', 'WORKASPACE' ) );
#4321 = STYLED_ITEM ( 'NONE', ( #1809 ), #6076 ) ;
#4322 = CARTESIAN_POINT ( 'NONE',  ( 921.5000000000000000, -1.223730556086429555, 1028.332414803930078 ) ) ;
#4323 = ORIENTED_EDGE ( 'NONE', *, *, #552, .T. ) ;
#4324 =( LENGTH_UNIT ( ) NAMED_UNIT ( * ) SI_UNIT ( .MILLI., .METRE. ) );
#4325 = FACE_OUTER_BOUND ( 'NONE', #792, .T. ) ;
#4326 = ADVANCED_FACE ( 'NONE', ( #5073 ), #602, .F. ) ;
#4327 = DIRECTION ( 'NONE',  ( 1.000000000000000000, 0.000000000000000000, 0.000000000000000000 ) ) ;
#4328 = CYLINDRICAL_SURFACE ( 'NONE', #3966, 3.000000000000000000 ) ;
#4329 = AXIS2_PLACEMENT_3D ( 'NONE', #2646, #4955, #6672 ) ;
#4330 =( GEOMETRIC_REPRESENTATION_CONTEXT ( 3 ) GLOBAL_UNCERTAINTY_ASSIGNED_CONTEXT ( ( #5756 ) ) GLOBAL_UNIT_ASSIGNED_CONTEXT ( ( #1762, #3891, #3968 ) ) REPRESENTATION_CONTEXT ( 'NONE', 'WORKASPACE' ) );
#4331 = ORIENTED_EDGE ( 'NONE', *, *, #653, .T. ) ;
#4332 = DIRECTION ( 'NONE',  ( 0.000000000000000000, 0.000000000000000000, 1.000000000000000000 ) ) ;
#4333 =( NAMED_UNIT ( * ) PLANE_ANGLE_UNIT ( ) SI_UNIT ( $, .RADIAN. ) );
#4334 = SURFACE_STYLE_USAGE ( .BOTH. , #6128 ) ;
#4335 = ORIENTED_EDGE ( 'NONE', *, *, #2861, .T. ) ;
#4336 = CARTESIAN_POINT ( 'NONE',  ( 919.5525996576183161, 0.04365855983262869472, 1013.546512415370444 ) ) ;
#4337 = VECTOR ( 'NONE', #1578, 1000.000000000000000 ) ;
#4338 = SURFACE_STYLE_USAGE ( .BOTH. , #5526 ) ;
#4339 = STYLED_ITEM ( 'NONE', ( #6175 ), #6372 ) ;
#4340 =( NAMED_UNIT ( * ) SI_UNIT ( $, .STERADIAN. ) SOLID_ANGLE_UNIT ( ) );
#4341 = CIRCLE ( 'NONE', #819, 2.999999999999999112 ) ;
#4342 = PRESENTATION_STYLE_ASSIGNMENT (( #1946 ) ) ;
#4343 = SURFACE_STYLE_USAGE ( .BOTH. , #4772 ) ;
#4344 = EDGE_LOOP ( 'NONE', ( #673, #1455, #3684, #4521 ) ) ;
#4345 = FILL_AREA_STYLE_COLOUR ( '', #5164 ) ;
#4346 = COLOUR_RGB ( '',0.4000000000000000222, 0.4000000000000000222, 0.4000000000000000222 ) ;
#4347 =( NAMED_UNIT ( * ) SI_UNIT ( $, .STERADIAN. ) SOLID_ANGLE_UNIT ( ) );
#4348 = EDGE_LOOP ( 'NONE', ( #506, #3062 ) ) ;
#4349 = DIRECTION ( 'NONE',  ( 0.000000000000000000, -0.9876883405951312200, 0.1564344650402722803 ) ) ;
#4350 =( GEOMETRIC_REPRESENTATION_CONTEXT ( 3 ) GLOBAL_UNCERTAINTY_ASSIGNED_CONTEXT ( ( #2231 ) ) GLOBAL_UNIT_ASSIGNED_CONTEXT ( ( #469, #6304, #3413 ) ) REPRESENTATION_CONTEXT ( 'NONE', 'WORKASPACE' ) );
#4351 = CARTESIAN_POINT ( 'NONE',  ( 919.5473575464452551, -0.01540307770648356896, 1013.544866847148342 ) ) ;
#4352 = EDGE_CURVE ( 'NONE', #7241, #7150, #518, .T. ) ;
#4353 = CARTESIAN_POINT ( 'NONE',  ( 971.5000000000000000, 16.64161515051917917, 1075.340356966313493 ) ) ;
#4354 = DIRECTION ( 'NONE',  ( 1.000000000000000000, 0.000000000000000000, 0.000000000000000000 ) ) ;
#4355 =( LENGTH_UNIT ( ) NAMED_UNIT ( * ) SI_UNIT ( .MILLI., .METRE. ) );
#4356 = PRESENTATION_LAYER_ASSIGNMENT (  '', '', ( #6686 ) ) ;
#4357 = ORIENTED_EDGE ( 'NONE', *, *, #2753, .F. ) ;
#4358 = SURFACE_STYLE_USAGE ( .BOTH. , #7251 ) ;
#4359 = EDGE_CURVE ( 'NONE', #3408, #6620, #6488, .T. ) ;
#4360 =( NAMED_UNIT ( * ) SI_UNIT ( $, .STERADIAN. ) SOLID_ANGLE_UNIT ( ) );
#4361 = DIRECTION ( 'NONE',  ( 1.000000000000000000, 0.000000000000000000, 0.000000000000000000 ) ) ;
#4362 = ORIENTED_EDGE ( 'NONE', *, *, #5760, .F. ) ;
#4363 = FILL_AREA_STYLE_COLOUR ( '', #891 ) ;
#4364 = SURFACE_SIDE_STYLE ('',( #3260 ) ) ;
#4365 = DIRECTION ( 'NONE',  ( 1.000000000000000000, 0.000000000000000000, 0.000000000000000000 ) ) ;
#4366 = COLOUR_RGB ( '',0.2000000000000000111, 0.2000000000000000111, 0.2000000000000000111 ) ;
#4367 =( LENGTH_UNIT ( ) NAMED_UNIT ( * ) SI_UNIT ( .MILLI., .METRE. ) );
#4368 = CARTESIAN_POINT ( 'NONE',  ( 921.5000000000000000, 12.25774349296719912, 1030.942823846909960 ) ) ;
#4369 = EDGE_LOOP ( 'NONE', ( #1799, #2626, #786, #2681 ) ) ;
#4370 = EDGE_CURVE ( 'NONE', #5583, #3731, #5748, .T. ) ;
#4371 = CYLINDRICAL_SURFACE ( 'NONE', #3307, 2.999999999999999112 ) ;
#4372 = PLANE ( 'NONE',  #1942 ) ;
#4373 = ORIENTED_EDGE ( 'NONE', *, *, #3576, .T. ) ;
#4374 = CARTESIAN_POINT ( 'NONE',  ( 919.5467578136133397, 0.004415605256753231053, 1013.544680677882525 ) ) ;
#4375 = PRESENTATION_LAYER_ASSIGNMENT (  '', '', ( #5966 ) ) ;
#4376 = DIRECTION ( 'NONE',  ( 1.000000000000000000, 0.000000000000000000, 0.000000000000000000 ) ) ;
#4377 = FILL_AREA_STYLE_COLOUR ( '', #7524 ) ;
#4378 = DIRECTION ( 'NONE',  ( 1.000000000000000000, 0.000000000000000000, 0.000000000000000000 ) ) ;
#4379 = STYLED_ITEM ( 'NONE', ( #369 ), #2625 ) ;
#4380 = MECHANICAL_DESIGN_GEOMETRIC_PRESENTATION_REPRESENTATION (  '', ( #120 ), #1720 ) ;
#4381 = DIRECTION ( 'NONE',  ( 1.000000000000000000, 0.000000000000000000, 0.000000000000000000 ) ) ;
#4382 =( LENGTH_UNIT ( ) NAMED_UNIT ( * ) SI_UNIT ( .MILLI., .METRE. ) );
#4383 = FACE_OUTER_BOUND ( 'NONE', #5897, .T. ) ;
#4384 = SURFACE_STYLE_FILL_AREA ( #2692 ) ;
#4385 = MECHANICAL_DESIGN_GEOMETRIC_PRESENTATION_REPRESENTATION (  '', ( #1126 ), #373 ) ;
#4386 = ORIENTED_EDGE ( 'NONE', *, *, #1215, .T. ) ;
#4387 = VERTEX_POINT ( 'NONE', #2387 ) ;
#4388 = FILL_AREA_STYLE_COLOUR ( '', #7189 ) ;
#4389 = DIRECTION ( 'NONE',  ( 0.000000000000000000, 0.000000000000000000, 1.000000000000000000 ) ) ;
#4390 = CARTESIAN_POINT ( 'NONE',  ( 924.6000000000000227, 21.05717615308580193, 1067.257743492970121 ) ) ;
#4391 = UNCERTAINTY_MEASURE_WITH_UNIT (LENGTH_MEASURE( 1.000000000000000082E-05 ), #312, 'distance_accuracy_value', 'NONE');
#4392 = FILL_AREA_STYLE ('',( #7318 ) ) ;
#4393 = MECHANICAL_DESIGN_GEOMETRIC_PRESENTATION_REPRESENTATION (  '', ( #5863 ), #1131 ) ;
#4394 = ORIENTED_EDGE ( 'NONE', *, *, #645, .T. ) ;
#4395 = FACE_OUTER_BOUND ( 'NONE', #2181, .T. ) ;
#4396 = CARTESIAN_POINT ( 'NONE',  ( 921.5000000000000000, 7.223730556086159993, 1081.667585196069922 ) ) ;
#4397 =( GEOMETRIC_REPRESENTATION_CONTEXT ( 3 ) GLOBAL_UNCERTAINTY_ASSIGNED_CONTEXT ( ( #2806 ) ) GLOBAL_UNIT_ASSIGNED_CONTEXT ( ( #6408, #4685, #4106 ) ) REPRESENTATION_CONTEXT ( 'NONE', 'WORKASPACE' ) );
#4398 = VECTOR ( 'NONE', #5006, 1000.000000000000000 ) ;
#4399 = CYLINDRICAL_SURFACE ( 'NONE', #5020, 2.999999999999999112 ) ;
#4400 = ADVANCED_FACE ( 'NONE', ( #6369 ), #3479, .T. ) ;
#4401 = COLOUR_RGB ( '',0.4000000000000000222, 0.4000000000000000222, 0.4000000000000000222 ) ;
#4402 = VERTEX_POINT ( 'NONE', #7360 ) ;
#4403 = AXIS2_PLACEMENT_3D ( 'NONE', #7564, #7172, #4389 ) ;
#4404 = DIRECTION ( 'NONE',  ( 1.000000000000000000, 0.000000000000000000, 0.000000000000000000 ) ) ;
#4405 = DIRECTION ( 'NONE',  ( -1.000000000000000000, 0.000000000000000000, 0.000000000000000000 ) ) ;
#4406 = DIRECTION ( 'NONE',  ( 0.000000000000000000, 1.000000000000000000, 0.000000000000000000 ) ) ;
#4407 = ORIENTED_EDGE ( 'NONE', *, *, #4352, .F. ) ;
#4408 = FACE_BOUND ( 'NONE', #838, .T. ) ;
#4409 = DIRECTION ( 'NONE',  ( -1.000000000000000000, 0.000000000000000000, 0.000000000000000000 ) ) ;
#4410 = CARTESIAN_POINT ( 'NONE',  ( 924.6000000000000227, 1.223730556085989907, 1028.332414803930078 ) ) ;
#4411 = COLOUR_RGB ( '',0.4000000000000000222, 0.4000000000000000222, 0.4000000000000000222 ) ;
#4412 = FILL_AREA_STYLE_COLOUR ( '', #5982 ) ;
#4413 = EDGE_CURVE ( 'NONE', #5170, #108, #6615, .T. ) ;
#4414 = FILL_AREA_STYLE ('',( #335 ) ) ;
#4415 = FILL_AREA_STYLE_COLOUR ( '', #6258 ) ;
#4416 = PRESENTATION_STYLE_ASSIGNMENT (( #5163 ) ) ;
#4417 = AXIS2_PLACEMENT_3D ( 'NONE', #7043, #2439, #4731 ) ;
#4418 = PRESENTATION_STYLE_ASSIGNMENT (( #931 ) ) ;
#4419 = EDGE_CURVE ( 'NONE', #3898, #5702, #6200, .T. ) ;
#4420 = FACE_OUTER_BOUND ( 'NONE', #4793, .T. ) ;
#4421 = AXIS2_PLACEMENT_3D ( 'NONE', #2241, #2834, #2719 ) ;
#4422 = COLOUR_RGB ( '',0.2000000000000000111, 0.2000000000000000111, 0.2000000000000000111 ) ;
#4423 = VERTEX_POINT ( 'NONE', #3904 ) ;
#4424 = ORIENTED_EDGE ( 'NONE', *, *, #1308, .T. ) ;
#4425 = FILL_AREA_STYLE ('',( #7313 ) ) ;
#4426 = CYLINDRICAL_SURFACE ( 'NONE', #7056, 3.000000000000000000 ) ;
#4427 = CARTESIAN_POINT ( 'NONE',  ( 971.5000000000000000, 21.54215103355522487, 1072.843409217746057 ) ) ;
#4428 = AXIS2_PLACEMENT_3D ( 'NONE', #1103, #2225, #1808 ) ;
#4429 = FILL_AREA_STYLE ('',( #3750 ) ) ;
#4430 = DIRECTION ( 'NONE',  ( -1.000000000000000000, 1.258636124801849761E-16, 0.000000000000000000 ) ) ;
#4431 = AXIS2_PLACEMENT_3D ( 'NONE', #6952, #3516, #2911 ) ;
#4432 = EDGE_LOOP ( 'NONE', ( #971, #5449 ) ) ;
#4433 = DIRECTION ( 'NONE',  ( 0.000000000000000000, -1.000000000000000000, 0.000000000000000000 ) ) ;
#4434 = CARTESIAN_POINT ( 'NONE',  ( 971.5000000000000000, -21.54215103355532079, 1037.156590782243711 ) ) ;
#4435 = AXIS2_PLACEMENT_3D ( 'NONE', #6249, #1674, #535 ) ;
#4436 = CARTESIAN_POINT ( 'NONE',  ( 924.5000000000000000, 19.09188309203640088, 1035.908116907959993 ) ) ;
#4437 = FILL_AREA_STYLE ('',( #6085 ) ) ;
#4438 = PRESENTATION_LAYER_ASSIGNMENT (  '', '', ( #6647 ) ) ;
#4439 = FILL_AREA_STYLE ('',( #5024 ) ) ;
#4440 =( NAMED_UNIT ( * ) PLANE_ANGLE_UNIT ( ) SI_UNIT ( $, .RADIAN. ) );
#4441 = CIRCLE ( 'NONE', #2172, 2.749999999999999112 ) ;
#4442 = CIRCLE ( 'NONE', #4817, 41.50000000000000000 ) ;
#4443 =( LENGTH_UNIT ( ) NAMED_UNIT ( * ) SI_UNIT ( .MILLI., .METRE. ) );
#4444 =( NAMED_UNIT ( * ) SI_UNIT ( $, .STERADIAN. ) SOLID_ANGLE_UNIT ( ) );
#4445 = CARTESIAN_POINT ( 'NONE',  ( 930.0000000000000000, -11.13693180368820101, 1068.636931803690004 ) ) ;
#4446 = ORIENTED_EDGE ( 'NONE', *, *, #2774, .F. ) ;
#4447 = CARTESIAN_POINT ( 'NONE',  ( 919.5811443417960618, 0.09999999999980720145, 1013.556126214749838 ) ) ;
#4448 = EDGE_CURVE ( 'NONE', #467, #5048, #1008, .T. ) ;
#4449 = SURFACE_STYLE_FILL_AREA ( #2162 ) ;
#4450 = DIRECTION ( 'NONE',  ( 0.000000000000000000, -0.1564344650402246517, 0.9876883405951386585 ) ) ;
#4451 = AXIS2_PLACEMENT_3D ( 'NONE', #914, #289, #1425 ) ;
#4452 = STYLED_ITEM ( 'NONE', ( #5582 ), #6246 ) ;
#4453 = PRESENTATION_STYLE_ASSIGNMENT (( #1001 ) ) ;
#4454 =( LENGTH_UNIT ( ) NAMED_UNIT ( * ) SI_UNIT ( .MILLI., .METRE. ) );
#4455 =( NAMED_UNIT ( * ) SI_UNIT ( $, .STERADIAN. ) SOLID_ANGLE_UNIT ( ) );
#4456 = AXIS2_PLACEMENT_3D ( 'NONE', #3265, #5600, #7330 ) ;
#4457 = EDGE_CURVE ( 'NONE', #3258, #6966, #2008, .T. ) ;
#4458 = DIRECTION ( 'NONE',  ( 0.000000000000000000, 1.000000000000000000, 0.000000000000000000 ) ) ;
#4459 = UNCERTAINTY_MEASURE_WITH_UNIT (LENGTH_MEASURE( 1.000000000000000082E-05 ), #4670, 'distance_accuracy_value', 'NONE');
#4460 = DIRECTION ( 'NONE',  ( 0.000000000000000000, -0.8910065241883723397, -0.4539904997395379227 ) ) ;
#4461 = DIRECTION ( 'NONE',  ( 1.000000000000000000, 0.000000000000000000, 0.000000000000000000 ) ) ;
#4462 = STYLED_ITEM ( 'NONE', ( #1489 ), #7419 ) ;
#4463 = ORIENTED_EDGE ( 'NONE', *, *, #519, .T. ) ;
#4464 = ORIENTED_EDGE ( 'NONE', *, *, #4655, .T. ) ;
#4465 = CARTESIAN_POINT ( 'NONE',  ( 930.0000000000000000, -15.75000000000000000, 1055.000000000000000 ) ) ;
#4466 = EDGE_LOOP ( 'NONE', ( #6789, #5861 ) ) ;
#4467 = LINE ( 'NONE', #5697, #1961 ) ;
#4468 =( LENGTH_UNIT ( ) NAMED_UNIT ( * ) SI_UNIT ( .MILLI., .METRE. ) );
#4469 = EDGE_CURVE ( 'NONE', #3731, #2926, #3455, .T. ) ;
#4470 = PRESENTATION_LAYER_ASSIGNMENT (  '', '', ( #3632 ) ) ;
#4471 = FACE_OUTER_BOUND ( 'NONE', #3953, .T. ) ;
#4472 = UNCERTAINTY_MEASURE_WITH_UNIT (LENGTH_MEASURE( 1.000000000000000082E-05 ), #4324, 'distance_accuracy_value', 'NONE');
#4473 = CARTESIAN_POINT ( 'NONE',  ( 971.5000000000000000, 24.05717615308569890, 1042.742256507029879 ) ) ;
#4474 = STYLED_ITEM ( 'NONE', ( #5052 ), #591 ) ;
#4475 = VERTEX_POINT ( 'NONE', #4514 ) ;
#4476 =( NAMED_UNIT ( * ) SI_UNIT ( $, .STERADIAN. ) SOLID_ANGLE_UNIT ( ) );
#4477 = UNCERTAINTY_MEASURE_WITH_UNIT (LENGTH_MEASURE( 1.000000000000000082E-05 ), #579, 'distance_accuracy_value', 'NONE');
#4478 = LINE ( 'NONE', #3906, #6466 ) ;
#4479 = CARTESIAN_POINT ( 'NONE',  ( 924.5000000000000000, -24.05717615308629931, 1042.742256507029879 ) ) ;
#4480 = DIRECTION ( 'NONE',  ( -1.000000000000000000, 0.000000000000000000, 0.000000000000000000 ) ) ;
#4481 =( NAMED_UNIT ( * ) PLANE_ANGLE_UNIT ( ) SI_UNIT ( $, .RADIAN. ) );
#4482 =( GEOMETRIC_REPRESENTATION_CONTEXT ( 3 ) GLOBAL_UNCERTAINTY_ASSIGNED_CONTEXT ( ( #1365 ) ) GLOBAL_UNIT_ASSIGNED_CONTEXT ( ( #6491, #7581, #5907 ) ) REPRESENTATION_CONTEXT ( 'NONE', 'WORKASPACE' ) );
#4483 = ORIENTED_EDGE ( 'NONE', *, *, #7058, .T. ) ;
#4484 = CARTESIAN_POINT ( 'NONE',  ( 921.5000000000000000, -14.97388642960500960, 1031.373018625770783 ) ) ;
#4485 = ORIENTED_EDGE ( 'NONE', *, *, #5133, .F. ) ;
#4486 = CARTESIAN_POINT ( 'NONE',  ( 921.5000000000000000, 26.66758519606849731, 1050.776269443909996 ) ) ;
#4487 =( GEOMETRIC_REPRESENTATION_CONTEXT ( 3 ) GLOBAL_UNCERTAINTY_ASSIGNED_CONTEXT ( ( #352 ) ) GLOBAL_UNIT_ASSIGNED_CONTEXT ( ( #5589, #3820, #896 ) ) REPRESENTATION_CONTEXT ( 'NONE', 'WORKASPACE' ) );
#4488 = DIRECTION ( 'NONE',  ( 1.000000000000000000, 0.000000000000000000, 0.000000000000000000 ) ) ;
#4489 = FILL_AREA_STYLE_COLOUR ( '', #7387 ) ;
#4490 = DIRECTION ( 'NONE',  ( 0.000000000000000000, 0.9876883405951439876, 0.1564344650401914560 ) ) ;
#4491 = FACE_BOUND ( 'NONE', #853, .T. ) ;
#4492 = FACE_OUTER_BOUND ( 'NONE', #2776, .T. ) ;
#4493 = CARTESIAN_POINT ( 'NONE',  ( 930.0000000000000000, 19.49999999999980815, 1055.000000000000000 ) ) ;
#4494 = AXIS2_PLACEMENT_3D ( 'NONE', #1230, #2876, #5193 ) ;
#4495 = FILL_AREA_STYLE_COLOUR ( '', #2973 ) ;
#4496 = DIRECTION ( 'NONE',  ( 0.000000000000000000, -1.000000000000000000, 0.000000000000000000 ) ) ;
#4497 = AXIS2_PLACEMENT_3D ( 'NONE', #2093, #2553, #1469 ) ;
#4498 = EDGE_CURVE ( 'NONE', #6199, #5583, #3083, .T. ) ;
#4499 = ORIENTED_EDGE ( 'NONE', *, *, #3166, .T. ) ;
#4500 = CIRCLE ( 'NONE', #2233, 2.750000000000000000 ) ;
#4501 = VERTEX_POINT ( 'NONE', #2147 ) ;
#4502 = ORIENTED_EDGE ( 'NONE', *, *, #7357, .F. ) ;
#4503 = FILL_AREA_STYLE_COLOUR ( '', #216 ) ;
#4504 = DIRECTION ( 'NONE',  ( 0.000000000000000000, 0.000000000000000000, 1.000000000000000000 ) ) ;
#4505 = ORIENTED_EDGE ( 'NONE', *, *, #1510, .T. ) ;
#4506 = FILL_AREA_STYLE ('',( #4363 ) ) ;
#4507 = SURFACE_SIDE_STYLE ('',( #5056 ) ) ;
#4508 = PRESENTATION_STYLE_ASSIGNMENT (( #4548 ) ) ;
#4509 = SURFACE_STYLE_FILL_AREA ( #2303 ) ;
#4510 = ADVANCED_FACE ( 'NONE', ( #1659 ), #1064, .F. ) ;
#4511 = EDGE_CURVE ( 'NONE', #2297, #4233, #2728, .T. ) ;
#4512 = ORIENTED_EDGE ( 'NONE', *, *, #2386, .F. ) ;
#4513 = CARTESIAN_POINT ( 'NONE',  ( 971.5000000000000000, -12.25774349296839993, 1030.942823846909960 ) ) ;
#4514 = CARTESIAN_POINT ( 'NONE',  ( 925.6000000000000227, 19.99999999999980815, 1055.000000000000000 ) ) ;
#4515 = AXIS2_PLACEMENT_3D ( 'NONE', #6586, #6464, #1251 ) ;
#4516 = DIRECTION ( 'NONE',  ( 1.000000000000000000, 0.000000000000000000, 0.000000000000000000 ) ) ;
#4517 = MECHANICAL_DESIGN_GEOMETRIC_PRESENTATION_REPRESENTATION (  '', ( #1632 ), #3069 ) ;
#4518 =( GEOMETRIC_REPRESENTATION_CONTEXT ( 3 ) GLOBAL_UNCERTAINTY_ASSIGNED_CONTEXT ( ( #5012 ) ) GLOBAL_UNIT_ASSIGNED_CONTEXT ( ( #4755, #3570, #6468 ) ) REPRESENTATION_CONTEXT ( 'NONE', 'WORKASPACE' ) );
#4519 = MECHANICAL_DESIGN_GEOMETRIC_PRESENTATION_REPRESENTATION (  '', ( #7110 ), #4752 ) ;
#4520 = VERTEX_POINT ( 'NONE', #2189 ) ;
#4521 = ORIENTED_EDGE ( 'NONE', *, *, #2814, .F. ) ;
#4522 = SURFACE_STYLE_USAGE ( .BOTH. , #6714 ) ;
#4523 =( NAMED_UNIT ( * ) PLANE_ANGLE_UNIT ( ) SI_UNIT ( $, .RADIAN. ) );
#4524 = CYLINDRICAL_SURFACE ( 'NONE', #7269, 2.750000000000060840 ) ;
#4525 = B_SPLINE_CURVE_WITH_KNOTS ( 'NONE', 3,
 ( #1599, #543, #1726, #1051 ),
 .UNSPECIFIED., .F., .F.,
 ( 4, 4 ),
 ( 0.000000000000000000, 1.000000000000000000 ),
 .UNSPECIFIED. ) ;
#4526 = AXIS2_PLACEMENT_3D ( 'NONE', #7489, #2271, #4554 ) ;
#4527 = AXIS2_PLACEMENT_3D ( 'NONE', #3710, #1916, #1330 ) ;
#4528 = SURFACE_SIDE_STYLE ('',( #7462 ) ) ;
#4529 = DIRECTION ( 'NONE',  ( -1.000000000000000000, 1.258636124801849761E-16, 0.000000000000000000 ) ) ;
#4530 = PRESENTATION_LAYER_ASSIGNMENT (  '', '', ( #4905 ) ) ;
#4531 =( NAMED_UNIT ( * ) SI_UNIT ( $, .STERADIAN. ) SOLID_ANGLE_UNIT ( ) );
#4532 = CARTESIAN_POINT ( 'NONE',  ( 921.5000000000000000, -10.31319984470440332, 1081.001719801343143 ) ) ;
#4533 =( NAMED_UNIT ( * ) PLANE_ANGLE_UNIT ( ) SI_UNIT ( $, .RADIAN. ) );
#4534 = STYLED_ITEM ( 'NONE', ( #2816 ), #4783 ) ;
#4535 = UNCERTAINTY_MEASURE_WITH_UNIT (LENGTH_MEASURE( 1.000000000000000082E-05 ), #5613, 'distance_accuracy_value', 'NONE');
#4536 = DIRECTION ( 'NONE',  ( 1.000000000000000000, 0.000000000000000000, 0.000000000000000000 ) ) ;
#4537 = PRESENTATION_STYLE_ASSIGNMENT (( #5759 ) ) ;
#4538 = VERTEX_POINT ( 'NONE', #2703 ) ;
#4539 = CIRCLE ( 'NONE', #651, 2.999999999999999112 ) ;
#4540 = ORIENTED_EDGE ( 'NONE', *, *, #3384, .F. ) ;
#4541 = FACE_OUTER_BOUND ( 'NONE', #7191, .T. ) ;
#4542 = ORIENTED_EDGE ( 'NONE', *, *, #3076, .F. ) ;
#4543 = CARTESIAN_POINT ( 'NONE',  ( 924.5000000000000000, 19.09188309203640088, 1035.908116907959993 ) ) ;
#4544 = DIRECTION ( 'NONE',  ( 9.892196142025811614E-17, 0.5759224336161227198, 0.8175043427760385617 ) ) ;
#4545 = EDGE_LOOP ( 'NONE', ( #4251, #3285 ) ) ;
#4546 = DIRECTION ( 'NONE',  ( 0.000000000000000000, 1.000000000000000000, 0.000000000000000000 ) ) ;
#4547 = SURFACE_STYLE_FILL_AREA ( #5174 ) ;
#4548 = SURFACE_STYLE_USAGE ( .BOTH. , #1174 ) ;
#4549 = EDGE_CURVE ( 'NONE', #3055, #2789, #5503, .T. ) ;
#4550 = SURFACE_STYLE_USAGE ( .BOTH. , #1696 ) ;
#4551 = MECHANICAL_DESIGN_GEOMETRIC_PRESENTATION_REPRESENTATION (  '', ( #7256 ), #2868 ) ;
#4552 = ORIENTED_EDGE ( 'NONE', *, *, #1188, .T. ) ;
#4553 = COLOUR_RGB ( '',0.2000000000000000111, 0.2000000000000000111, 0.2000000000000000111 ) ;
#4554 = DIRECTION ( 'NONE',  ( 0.000000000000000000, 1.000000000000000000, 0.000000000000000000 ) ) ;
#4555 = DIRECTION ( 'NONE',  ( 1.000000000000000000, 0.000000000000000000, 0.000000000000000000 ) ) ;
#4556 = ADVANCED_FACE ( 'NONE', ( #6898 ), #1701, .F. ) ;
#4557 = PRESENTATION_STYLE_ASSIGNMENT (( #3383 ) ) ;
#4558 = STYLED_ITEM ( 'NONE', ( #1826 ), #1387 ) ;
#4559 = DIRECTION ( 'NONE',  ( 0.000000000000000000, 1.000000000000000000, 0.000000000000000000 ) ) ;
#4560 = COLOUR_RGB ( '',0.2000000000000000111, 0.2000000000000000111, 0.2000000000000000111 ) ;
#4561 = SURFACE_SIDE_STYLE ('',( #1663 ) ) ;
#4562 = VERTEX_POINT ( 'NONE', #1850 ) ;
#4563 = AXIS2_PLACEMENT_3D ( 'NONE', #877, #3099, #3772 ) ;
#4564 = DIRECTION ( 'NONE',  ( 0.000000000000000000, 1.000000000000000000, 0.000000000000000000 ) ) ;
#4565 = VERTEX_POINT ( 'NONE', #5819 ) ;
#4566 = AXIS2_PLACEMENT_3D ( 'NONE', #2996, #4695, #4115 ) ;
#4567 = ADVANCED_FACE ( 'NONE', ( #126 ), #708, .F. ) ;
#4568 = CARTESIAN_POINT ( 'NONE',  ( 930.0000000000000000, 4.223730556085990351, 1028.332414803930078 ) ) ;
#4569 = DIRECTION ( 'NONE',  ( 1.000000000000000000, 0.000000000000000000, 0.000000000000000000 ) ) ;
#4570 = AXIS2_PLACEMENT_3D ( 'NONE', #5939, #7177, #6723 ) ;
#4571 = PRESENTATION_STYLE_ASSIGNMENT (( #4036 ) ) ;
#4572 = MECHANICAL_DESIGN_GEOMETRIC_PRESENTATION_REPRESENTATION (  '', ( #4085 ), #6182 ) ;
#4573 = AXIS2_PLACEMENT_3D ( 'NONE', #4629, #1175, #5178 ) ;
#4574 = CARTESIAN_POINT ( 'NONE',  ( 919.8633853398140445, 0.4370822638732406173, 1013.711571874713854 ) ) ;
#4575 = CARTESIAN_POINT ( 'NONE',  ( 924.5000000000000000, 19.09188309203720024, 1074.091883092029775 ) ) ;
#4576 = SURFACE_STYLE_FILL_AREA ( #2842 ) ;
#4577 = COLOUR_RGB ( '',0.2000000000000000111, 0.2000000000000000111, 0.2000000000000000111 ) ;
#4578 = FILL_AREA_STYLE ('',( #5162 ) ) ;
#4579 = FACE_BOUND ( 'NONE', #273, .T. ) ;
#4580 = STYLED_ITEM ( 'NONE', ( #5286 ), #6229 ) ;
#4581 = DIRECTION ( 'NONE',  ( 1.000000000000000000, 0.000000000000000000, 0.000000000000000000 ) ) ;
#4582 = FILL_AREA_STYLE_COLOUR ( '', #3730 ) ;
#4583 = ORIENTED_EDGE ( 'NONE', *, *, #3499, .F. ) ;
#4584 =( GEOMETRIC_REPRESENTATION_CONTEXT ( 3 ) GLOBAL_UNCERTAINTY_ASSIGNED_CONTEXT ( ( #4535 ) ) GLOBAL_UNIT_ASSIGNED_CONTEXT ( ( #5613, #3707, #4347 ) ) REPRESENTATION_CONTEXT ( 'NONE', 'WORKASPACE' ) );
#4585 = ORIENTED_EDGE ( 'NONE', *, *, #3642, .T. ) ;
#4586 = ORIENTED_EDGE ( 'NONE', *, *, #2541, .T. ) ;
#4587 = DIRECTION ( 'NONE',  ( 1.000000000000000000, 0.000000000000000000, 0.000000000000000000 ) ) ;
#4588 = DIRECTION ( 'NONE',  ( 0.000000000000000000, 0.000000000000000000, 1.000000000000000000 ) ) ;
#4589 = CARTESIAN_POINT ( 'NONE',  ( 930.0000000000000000, -9.257743492968002030, 1079.057176153090040 ) ) ;
#4590 = ORIENTED_EDGE ( 'NONE', *, *, #3293, .F. ) ;
#4591 = SURFACE_STYLE_USAGE ( .BOTH. , #3938 ) ;
#4592 =( NAMED_UNIT ( * ) SI_UNIT ( $, .STERADIAN. ) SOLID_ANGLE_UNIT ( ) );
#4593 = CARTESIAN_POINT ( 'NONE',  ( 929.5000000000000000, -1.902822319767259780E-13, 1055.000000000000000 ) ) ;
#4594 = AXIS2_PLACEMENT_3D ( 'NONE', #5729, #511, #3259 ) ;
#4595 = CARTESIAN_POINT ( 'NONE',  ( 971.5000000000000000, 6.673998497603653490, 1029.580888678213796 ) ) ;
#4596 = CIRCLE ( 'NONE', #7416, 20.00000000000000000 ) ;
#4597 = ADVANCED_FACE ( 'NONE', ( #5290 ), #98, .F. ) ;
#4598 = ORIENTED_EDGE ( 'NONE', *, *, #3541, .T. ) ;
#4599 = FILL_AREA_STYLE_COLOUR ( '', #2557 ) ;
#4600 = CARTESIAN_POINT ( 'NONE',  ( 971.5000000000000000, 19.09188309203720024, 1074.091883092029775 ) ) ;
#4601 = FACE_OUTER_BOUND ( 'NONE', #5974, .T. ) ;
#4602 = EDGE_CURVE ( 'NONE', #5773, #5884, #5501, .T. ) ;
#4603 = ORIENTED_EDGE ( 'NONE', *, *, #297, .F. ) ;
#4604 = FILL_AREA_STYLE_COLOUR ( '', #5446 ) ;
#4605 = STYLED_ITEM ( 'NONE', ( #3599 ), #597 ) ;
#4606 = ORIENTED_EDGE ( 'NONE', *, *, #2797, .F. ) ;
#4607 = CARTESIAN_POINT ( 'NONE',  ( 930.0000000000000000, 29.66758519606849731, 1059.223730556090004 ) ) ;
#4608 = DIRECTION ( 'NONE',  ( -1.000000000000000000, 0.000000000000000000, 0.000000000000000000 ) ) ;
#4609 = CARTESIAN_POINT ( 'NONE',  ( 921.5000000000000000, -20.34035696632042445, 1071.641615150511825 ) ) ;
#4610 = SURFACE_STYLE_FILL_AREA ( #6410 ) ;
#4611 =( LENGTH_UNIT ( ) NAMED_UNIT ( * ) SI_UNIT ( .MILLI., .METRE. ) );
#4612 = EDGE_CURVE ( 'NONE', #7224, #2849, #2610, .T. ) ;
#4613 = MECHANICAL_DESIGN_GEOMETRIC_PRESENTATION_REPRESENTATION (  '', ( #2338 ), #3753 ) ;
#4614 =( LENGTH_UNIT ( ) NAMED_UNIT ( * ) SI_UNIT ( .MILLI., .METRE. ) );
#4615 =( NAMED_UNIT ( * ) SI_UNIT ( $, .STERADIAN. ) SOLID_ANGLE_UNIT ( ) );
#4616 = DIRECTION ( 'NONE',  ( 1.000000000000000000, 0.000000000000000000, 0.000000000000000000 ) ) ;
#4617 = FILL_AREA_STYLE ('',( #1203 ) ) ;
#4618 = UNCERTAINTY_MEASURE_WITH_UNIT (LENGTH_MEASURE( 1.000000000000000082E-05 ), #292, 'distance_accuracy_value', 'NONE');
#4619 = SURFACE_STYLE_USAGE ( .BOTH. , #2807 ) ;
#4620 = COLOUR_RGB ( '',0.4000000000000000222, 0.4000000000000000222, 0.4000000000000000222 ) ;
#4621 = ORIENTED_EDGE ( 'NONE', *, *, #5354, .F. ) ;
#4622 =( LENGTH_UNIT ( ) NAMED_UNIT ( * ) SI_UNIT ( .MILLI., .METRE. ) );
#4623 = ORIENTED_EDGE ( 'NONE', *, *, #7357, .T. ) ;
#4624 = CYLINDRICAL_SURFACE ( 'NONE', #2314, 3.000000000000000888 ) ;
#4625 = DIRECTION ( 'NONE',  ( 1.000000000000000000, 0.000000000000000000, 0.000000000000000000 ) ) ;
#4626 = AXIS2_PLACEMENT_3D ( 'NONE', #6146, #338, #5000 ) ;
#4627 = ORIENTED_EDGE ( 'NONE', *, *, #6351, .T. ) ;
#4628 = COLOUR_RGB ( '',0.2000000000000000111, 0.2000000000000000111, 0.2000000000000000111 ) ;
#4629 = CARTESIAN_POINT ( 'NONE',  ( 921.5000000000000000, -24.05717615308590140, 1067.257743492970121 ) ) ;
#4630 = AXIS2_PLACEMENT_3D ( 'NONE', #1931, #2535, #3020 ) ;
#4631 = ORIENTED_EDGE ( 'NONE', *, *, #354, .F. ) ;
#4632 = CYLINDRICAL_SURFACE ( 'NONE', #267, 2.749999999999998668 ) ;
#4633 = CYLINDRICAL_SURFACE ( 'NONE', #3257, 2.750000000000059064 ) ;
#4634 = CARTESIAN_POINT ( 'NONE',  ( 921.5000000000000000, 9.257743492967700050, 1079.057176153090040 ) ) ;
#4635 = UNCERTAINTY_MEASURE_WITH_UNIT (LENGTH_MEASURE( 1.000000000000000082E-05 ), #2270, 'distance_accuracy_value', 'NONE');
#4636 = DIRECTION ( 'NONE',  ( 0.000000000000000000, -1.000000000000000000, 0.000000000000000000 ) ) ;
#4637 = AXIS2_PLACEMENT_3D ( 'NONE', #1456, #6083, #5064 ) ;
#4638 = DIRECTION ( 'NONE',  ( -1.000000000000000000, 0.000000000000000000, 0.000000000000000000 ) ) ;
#4639 = SURFACE_SIDE_STYLE ('',( #3575 ) ) ;
#4640 = MECHANICAL_DESIGN_GEOMETRIC_PRESENTATION_REPRESENTATION (  '', ( #7218 ), #5253 ) ;
#4641 = ORIENTED_EDGE ( 'NONE', *, *, #130, .T. ) ;
#4642 = CARTESIAN_POINT ( 'NONE',  ( 921.5000000000000000, 26.66758519606879574, 1059.223730556080000 ) ) ;
#4643 = EDGE_LOOP ( 'NONE', ( #4805, #2072 ) ) ;
#4644 = EDGE_CURVE ( 'NONE', #6324, #5890, #3724, .T. ) ;
#4645 = PRESENTATION_LAYER_ASSIGNMENT (  '', '', ( #5863 ) ) ;
#4646 = DIRECTION ( 'NONE',  ( -1.000000000000000000, 0.000000000000000000, 0.000000000000000000 ) ) ;
#4647 = CARTESIAN_POINT ( 'NONE',  ( 971.5000000000000000, -16.64161515051928220, 1034.659643033676275 ) ) ;
#4648 = DIRECTION ( 'NONE',  ( 1.000000000000000000, 0.000000000000000000, 0.000000000000000000 ) ) ;
#4649 = COLOUR_RGB ( '',0.2000000000000000111, 0.2000000000000000111, 0.2000000000000000111 ) ;
#4650 = CARTESIAN_POINT ( 'NONE',  ( 921.5000000000000000, 19.09188309203670286, 1074.091883092039780 ) ) ;
#4651 = DIRECTION ( 'NONE',  ( 1.000000000000000000, 0.000000000000000000, 0.000000000000000000 ) ) ;
#4652 =( NAMED_UNIT ( * ) PLANE_ANGLE_UNIT ( ) SI_UNIT ( $, .RADIAN. ) );
#4653 = FACE_OUTER_BOUND ( 'NONE', #1478, .T. ) ;
#4654 =( GEOMETRIC_REPRESENTATION_CONTEXT ( 3 ) GLOBAL_UNCERTAINTY_ASSIGNED_CONTEXT ( ( #3426 ) ) GLOBAL_UNIT_ASSIGNED_CONTEXT ( ( #2454, #7099, #5741 ) ) REPRESENTATION_CONTEXT ( 'NONE', 'WORKASPACE' ) );
#4655 = EDGE_CURVE ( 'NONE', #7219, #5226, #1025, .T. ) ;
#4656 = AXIS2_PLACEMENT_3D ( 'NONE', #2757, #1461, #993 ) ;
#4657 = AXIS2_PLACEMENT_3D ( 'NONE', #1443, #7206, #4349 ) ;
#4658 = ORIENTED_EDGE ( 'NONE', *, *, #793, .F. ) ;
#4659 = STYLED_ITEM ( 'NONE', ( #5358 ), #4556 ) ;
#4660 = CARTESIAN_POINT ( 'NONE',  ( 930.0000000000000000, -7.223730556086429999, 1081.667585196069922 ) ) ;
#4661 =( GEOMETRIC_REPRESENTATION_CONTEXT ( 3 ) GLOBAL_UNCERTAINTY_ASSIGNED_CONTEXT ( ( #6763 ) ) GLOBAL_UNIT_ASSIGNED_CONTEXT ( ( #4622, #4118, #615 ) ) REPRESENTATION_CONTEXT ( 'NONE', 'WORKASPACE' ) );
#4662 = ORIENTED_EDGE ( 'NONE', *, *, #3722, .T. ) ;
#4663 = CARTESIAN_POINT ( 'NONE',  ( 924.5000000000000000, -4.223730556086869647, 1028.332414803930078 ) ) ;
#4664 = FILL_AREA_STYLE ('',( #2371 ) ) ;
#4665 = EDGE_CURVE ( 'NONE', #4915, #3694, #5272, .T. ) ;
#4666 = PRESENTATION_LAYER_ASSIGNMENT (  '', '', ( #3093 ) ) ;
#4667 = VERTEX_POINT ( 'NONE', #4971 ) ;
#4668 = PRESENTATION_STYLE_ASSIGNMENT (( #13 ) ) ;
#4669 = DIRECTION ( 'NONE',  ( 0.000000000000000000, -1.000000000000000000, 0.000000000000000000 ) ) ;
#4670 =( LENGTH_UNIT ( ) NAMED_UNIT ( * ) SI_UNIT ( .MILLI., .METRE. ) );
#4671 = VECTOR ( 'NONE', #1757, 1000.000000000000000 ) ;
#4672 =( LENGTH_UNIT ( ) NAMED_UNIT ( * ) SI_UNIT ( .MILLI., .METRE. ) );
#4673 =( LENGTH_UNIT ( ) NAMED_UNIT ( * ) SI_UNIT ( .MILLI., .METRE. ) );
#4674 = VECTOR ( 'NONE', #1322, 1000.000000000000000 ) ;
#4675 = AXIS2_PLACEMENT_3D ( 'NONE', #320, #2675, #6736 ) ;
#4676 = COLOUR_RGB ( '',0.2000000000000000111, 0.2000000000000000111, 0.2000000000000000111 ) ;
#4677 = PRODUCT ( 'J6', 'J6', '', ( #5111 ) ) ;
#4678 = ORIENTED_EDGE ( 'NONE', *, *, #4419, .F. ) ;
#4679 = CARTESIAN_POINT ( 'NONE',  ( 971.5000000000000000, 26.66758519606879574, 1059.223730556080000 ) ) ;
#4680 = PRESENTATION_LAYER_ASSIGNMENT (  '', '', ( #2750 ) ) ;
#4681 = AXIS2_PLACEMENT_3D ( 'NONE', #6184, #961, #5606 ) ;
#4682 = SURFACE_STYLE_FILL_AREA ( #5256 ) ;
#4683 = ORIENTED_EDGE ( 'NONE', *, *, #2658, .F. ) ;
#4684 = SURFACE_STYLE_USAGE ( .BOTH. , #6284 ) ;
#4685 =( NAMED_UNIT ( * ) PLANE_ANGLE_UNIT ( ) SI_UNIT ( $, .RADIAN. ) );
#4686 = CARTESIAN_POINT ( 'NONE',  ( 916.5000000000000000, -1.886460050144839810E-13, 1055.000000000000000 ) ) ;
#4687 = MECHANICAL_DESIGN_GEOMETRIC_PRESENTATION_REPRESENTATION (  '', ( #1801 ), #3598 ) ;
#4688 = ORIENTED_EDGE ( 'NONE', *, *, #1813, .F. ) ;
#4689 = ADVANCED_FACE ( 'NONE', ( #2630, #3784 ), #2595, .T. ) ;
#4690 = CARTESIAN_POINT ( 'NONE',  ( 919.7941627580695467, -0.3631367028180906287, 1013.661078746234125 ) ) ;
#4691 = SURFACE_STYLE_USAGE ( .BOTH. , #1086 ) ;
#4692 = AXIS2_PLACEMENT_3D ( 'NONE', #2418, #4712, #6476 ) ;
#4693 = UNCERTAINTY_MEASURE_WITH_UNIT (LENGTH_MEASURE( 1.000000000000000082E-05 ), #1234, 'distance_accuracy_value', 'NONE');
#4694 = VECTOR ( 'NONE', #7580, 1000.000000000000000 ) ;
#4695 = DIRECTION ( 'NONE',  ( 0.000000000000000000, 0.000000000000000000, -1.000000000000000000 ) ) ;
#4696 = EDGE_CURVE ( 'NONE', #1784, #2795, #3463, .T. ) ;
#4697 =( LENGTH_UNIT ( ) NAMED_UNIT ( * ) SI_UNIT ( .MILLI., .METRE. ) );
#4698 = AXIS2_PLACEMENT_3D ( 'NONE', #1022, #978, #3291 ) ;
#4699 = AXIS2_PLACEMENT_3D ( 'NONE', #7365, #5815, #1774 ) ;
#4700 =( NAMED_UNIT ( * ) SI_UNIT ( $, .STERADIAN. ) SOLID_ANGLE_UNIT ( ) );
#4701 = ORIENTED_EDGE ( 'NONE', *, *, #2348, .T. ) ;
#4702 = CARTESIAN_POINT ( 'NONE',  ( 971.5000000000000000, -6.939873492723515724, 1027.902220025069482 ) ) ;
#4703 = FILL_AREA_STYLE ('',( #661 ) ) ;
#4704 = VECTOR ( 'NONE', #3056, 1000.000000000000000 ) ;
#4705 =( GEOMETRIC_REPRESENTATION_CONTEXT ( 3 ) GLOBAL_UNCERTAINTY_ASSIGNED_CONTEXT ( ( #4000 ) ) GLOBAL_UNIT_ASSIGNED_CONTEXT ( ( #7346, #6725, #1439 ) ) REPRESENTATION_CONTEXT ( 'NONE', 'WORKASPACE' ) );
#4706 = ADVANCED_FACE ( 'NONE', ( #3819 ), #391, .T. ) ;
#4707 = VERTEX_POINT ( 'NONE', #7402 ) ;
#4708 =( GEOMETRIC_REPRESENTATION_CONTEXT ( 3 ) GLOBAL_UNCERTAINTY_ASSIGNED_CONTEXT ( ( #2054 ) ) GLOBAL_UNIT_ASSIGNED_CONTEXT ( ( #4443, #1666, #5152 ) ) REPRESENTATION_CONTEXT ( 'NONE', 'WORKASPACE' ) );
#4709 = DIRECTION ( 'NONE',  ( 1.000000000000000000, 0.000000000000000000, 0.000000000000000000 ) ) ;
#4710 = UNCERTAINTY_MEASURE_WITH_UNIT (LENGTH_MEASURE( 1.000000000000000082E-05 ), #2476, 'distance_accuracy_value', 'NONE');
#4711 = PLANE ( 'NONE',  #1756 ) ;
#4712 = DIRECTION ( 'NONE',  ( 1.000000000000000000, 0.000000000000000000, 0.000000000000000000 ) ) ;
#4713 = SURFACE_SIDE_STYLE ('',( #1111 ) ) ;
#4714 = AXIS2_PLACEMENT_3D ( 'NONE', #3494, #4587, #5238 ) ;
#4715 = ORIENTED_EDGE ( 'NONE', *, *, #866, .F. ) ;
#4716 = ORIENTED_EDGE ( 'NONE', *, *, #6589, .T. ) ;
#4717 = CARTESIAN_POINT ( 'NONE',  ( 930.0000000000000000, 23.66758519606850086, 1050.776269443909996 ) ) ;
#4718 = AXIS2_PLACEMENT_3D ( 'NONE', #3043, #7126, #1849 ) ;
#4719 = SURFACE_SIDE_STYLE ('',( #2281 ) ) ;
#4720 = CYLINDRICAL_SURFACE ( 'NONE', #7525, 2.499999999999946709 ) ;
#4721 = FILL_AREA_STYLE ('',( #604 ) ) ;
#4722 = EDGE_LOOP ( 'NONE', ( #5473, #623 ) ) ;
#4723 = VECTOR ( 'NONE', #5619, 1000.000000000000000 ) ;
#4724 = DIRECTION ( 'NONE',  ( 1.000000000000000000, 0.000000000000000000, 0.000000000000000000 ) ) ;
#4725 = CARTESIAN_POINT ( 'NONE',  ( 942.4931468039650326, -40.50000000000019895, 1055.000000000000000 ) ) ;
#4726 = STYLED_ITEM ( 'NONE', ( #5877 ), #1798 ) ;
#4727 = EDGE_CURVE ( 'NONE', #514, #4102, #7476, .T. ) ;
#4728 = COLOUR_RGB ( '',0.4000000000000000222, 0.4000000000000000222, 0.4000000000000000222 ) ;
#4729 = ORIENTED_EDGE ( 'NONE', *, *, #6610, .F. ) ;
#4730 = FILL_AREA_STYLE_COLOUR ( '', #6356 ) ;
#4731 = DIRECTION ( 'NONE',  ( 0.000000000000000000, 0.4539904997395702857, -0.8910065241883557974 ) ) ;
#4732 = VERTEX_POINT ( 'NONE', #2813 ) ;
#4733 = CARTESIAN_POINT ( 'NONE',  ( 921.5000000000000000, 24.05717615308619983, 1067.257743492970121 ) ) ;
#4734 = CARTESIAN_POINT ( 'NONE',  ( 924.5000000000000000, 19.09188309203720024, 1074.091883092029775 ) ) ;
#4735 =( GEOMETRIC_REPRESENTATION_CONTEXT ( 3 ) GLOBAL_UNCERTAINTY_ASSIGNED_CONTEXT ( ( #3337 ) ) GLOBAL_UNIT_ASSIGNED_CONTEXT ( ( #3830, #4481, #3349 ) ) REPRESENTATION_CONTEXT ( 'NONE', 'WORKASPACE' ) );
#4736 = EDGE_CURVE ( 'NONE', #4160, #2520, #1272, .T. ) ;
#4737 = DIRECTION ( 'NONE',  ( -1.000000000000000000, 0.000000000000000000, 0.000000000000000000 ) ) ;
#4738 = PRODUCT_DEFINITION_SHAPE ( 'NONE', 'NONE',  #1486 ) ;
#4739 = AXIS2_PLACEMENT_3D ( 'NONE', #5283, #7045, #7008 ) ;
#4740 = ORIENTED_EDGE ( 'NONE', *, *, #7006, .F. ) ;
#4741 = CYLINDRICAL_SURFACE ( 'NONE', #3261, 2.750000000000002665 ) ;
#4742 = PRESENTATION_STYLE_ASSIGNMENT (( #6472 ) ) ;
#4743 = SURFACE_STYLE_FILL_AREA ( #4166 ) ;
#4744 = LINE ( 'NONE', #3573, #676 ) ;
#4745 = EDGE_CURVE ( 'NONE', #521, #2316, #6002, .T. ) ;
#4746 = CIRCLE ( 'NONE', #6962, 2.999999999999999112 ) ;
#4747 = EDGE_CURVE ( 'NONE', #1784, #2407, #2737, .T. ) ;
#4748 = PRESENTATION_LAYER_ASSIGNMENT (  '', '', ( #5724 ) ) ;
#4749 = ORIENTED_EDGE ( 'NONE', *, *, #6279, .T. ) ;
#4750 = CARTESIAN_POINT ( 'NONE',  ( 919.9334187127543601, 0.5063057159132986484, 1013.770608825211639 ) ) ;
#4751 =( LENGTH_UNIT ( ) NAMED_UNIT ( * ) SI_UNIT ( .MILLI., .METRE. ) );
#4752 =( GEOMETRIC_REPRESENTATION_CONTEXT ( 3 ) GLOBAL_UNCERTAINTY_ASSIGNED_CONTEXT ( ( #6315 ) ) GLOBAL_UNIT_ASSIGNED_CONTEXT ( ( #2829, #3428, #5671 ) ) REPRESENTATION_CONTEXT ( 'NONE', 'WORKASPACE' ) );
#4753 = EDGE_LOOP ( 'NONE', ( #7235, #3184, #994, #7572 ) ) ;
#4754 =( NAMED_UNIT ( * ) PLANE_ANGLE_UNIT ( ) SI_UNIT ( $, .RADIAN. ) );
#4755 =( LENGTH_UNIT ( ) NAMED_UNIT ( * ) SI_UNIT ( .MILLI., .METRE. ) );
#4756 = ADVANCED_FACE ( 'NONE', ( #7351 ), #3252, .T. ) ;
#4757 = MECHANICAL_DESIGN_GEOMETRIC_PRESENTATION_REPRESENTATION (  '', ( #6601 ), #2236 ) ;
#4758 = VERTEX_POINT ( 'NONE', #3187 ) ;
#4759 = FILL_AREA_STYLE ('',( #4111 ) ) ;
#4760 =( LENGTH_UNIT ( ) NAMED_UNIT ( * ) SI_UNIT ( .MILLI., .METRE. ) );
#4761 = CARTESIAN_POINT ( 'NONE',  ( 971.5000000000000000, 24.48737093194634085, 1045.458399443666622 ) ) ;
#4762 = CIRCLE ( 'NONE', #6721, 2.499999999999946709 ) ;
#4763 = DIRECTION ( 'NONE',  ( 0.000000000000000000, 0.000000000000000000, -1.000000000000000000 ) ) ;
#4764 = UNCERTAINTY_MEASURE_WITH_UNIT (LENGTH_MEASURE( 1.000000000000000082E-05 ), #5434, 'distance_accuracy_value', 'NONE');
#4765 = VECTOR ( 'NONE', #7229, 1000.000000000000000 ) ;
#4766 = SURFACE_STYLE_USAGE ( .BOTH. , #6500 ) ;
#4767 = CIRCLE ( 'NONE', #4266, 2.999999999999999112 ) ;
#4768 = STYLED_ITEM ( 'NONE', ( #1232 ), #3537 ) ;
#4769 = ORIENTED_EDGE ( 'NONE', *, *, #4612, .T. ) ;
#4770 = CIRCLE ( 'NONE', #145, 3.000000000000000000 ) ;
#4771 = SURFACE_SIDE_STYLE ('',( #580 ) ) ;
#4772 = SURFACE_SIDE_STYLE ('',( #2480 ) ) ;
#4773 = ORIENTED_EDGE ( 'NONE', *, *, #1166, .F. ) ;
#4774 = LINE ( 'NONE', #4702, #1863 ) ;
#4775 = VECTOR ( 'NONE', #570, 1000.000000000000000 ) ;
#4776 = CIRCLE ( 'NONE', #4657, 2.749999999999998668 ) ;
#4777 = SURFACE_STYLE_FILL_AREA ( #5324 ) ;
#4778 = PRESENTATION_LAYER_ASSIGNMENT (  '', '', ( #5159 ) ) ;
#4779 = PRESENTATION_LAYER_ASSIGNMENT (  '', '', ( #7338 ) ) ;
#4780 = VERTEX_POINT ( 'NONE', #1099 ) ;
#4781 = CYLINDRICAL_SURFACE ( 'NONE', #4527, 2.499999999999946709 ) ;
#4782 = SURFACE_SIDE_STYLE ('',( #2487 ) ) ;
#4783 = ADVANCED_FACE ( 'NONE', ( #4948 ), #6663, .T. ) ;
#4784 =( LENGTH_UNIT ( ) NAMED_UNIT ( * ) SI_UNIT ( .MILLI., .METRE. ) );
#4785 = FILL_AREA_STYLE_COLOUR ( '', #186 ) ;
#4786 = VECTOR ( 'NONE', #6931, 1000.000000000000000 ) ;
#4787 =( LENGTH_UNIT ( ) NAMED_UNIT ( * ) SI_UNIT ( .MILLI., .METRE. ) );
#4788 = ORIENTED_EDGE ( 'NONE', *, *, #825, .F. ) ;
#4789 = PRESENTATION_LAYER_ASSIGNMENT (  '', '', ( #3807 ) ) ;
#4790 = EDGE_CURVE ( 'NONE', #1245, #3454, #4167, .T. ) ;
#4791 = CARTESIAN_POINT ( 'NONE',  ( 924.6000000000000227, -21.00000000000019185, 1055.000000000000000 ) ) ;
#4792 = FILL_AREA_STYLE_COLOUR ( '', #1197 ) ;
#4793 = EDGE_LOOP ( 'NONE', ( #6766, #4499, #4864, #7359 ) ) ;
#4794 = STYLED_ITEM ( 'NONE', ( #5430 ), #699 ) ;
#4795 = DIRECTION ( 'NONE',  ( 1.000000000000000000, 0.000000000000000000, 0.000000000000000000 ) ) ;
#4796 = DIRECTION ( 'NONE',  ( -1.000000000000000000, 0.000000000000000000, 0.000000000000000000 ) ) ;
#4797 = LINE ( 'NONE', #1933, #3605 ) ;
#4798 = AXIS2_PLACEMENT_3D ( 'NONE', #1078, #5604, #371 ) ;
#4799 = MECHANICAL_DESIGN_GEOMETRIC_PRESENTATION_REPRESENTATION (  '', ( #5416 ), #3585 ) ;
#4800 = ORIENTED_EDGE ( 'NONE', *, *, #2766, .T. ) ;
#4801 = MECHANICAL_DESIGN_GEOMETRIC_PRESENTATION_REPRESENTATION (  '', ( #3817 ), #6390 ) ;
#4802 = ADVANCED_FACE ( 'NONE', ( #1693 ), #7254, .T. ) ;
#4803 = SURFACE_STYLE_FILL_AREA ( #1426 ) ;
#4804 = MECHANICAL_DESIGN_GEOMETRIC_PRESENTATION_REPRESENTATION (  '', ( #7511 ), #2153 ) ;
#4805 = ORIENTED_EDGE ( 'NONE', *, *, #132, .T. ) ;
#4806 = DIRECTION ( 'NONE',  ( 1.000000000000000000, 0.000000000000000000, 0.000000000000000000 ) ) ;
#4807 = STYLED_ITEM ( 'NONE', ( #4962 ), #980 ) ;
#4808 = SURFACE_SIDE_STYLE ('',( #1983 ) ) ;
#4809 =( GEOMETRIC_REPRESENTATION_CONTEXT ( 3 ) GLOBAL_UNCERTAINTY_ASSIGNED_CONTEXT ( ( #5109 ) ) GLOBAL_UNIT_ASSIGNED_CONTEXT ( ( #4673, #7018, #3840 ) ) REPRESENTATION_CONTEXT ( 'NONE', 'WORKASPACE' ) );
#4810 = EDGE_LOOP ( 'NONE', ( #2577, #7407, #1282, #2199 ) ) ;
#4811 =( LENGTH_UNIT ( ) NAMED_UNIT ( * ) SI_UNIT ( .MILLI., .METRE. ) );
#4812 = DIRECTION ( 'NONE',  ( 0.000000000000000000, -0.1564344650402296200, -0.9876883405951379924 ) ) ;
#4813 = CIRCLE ( 'NONE', #1690, 2.750000000000000000 ) ;
#4814 = CARTESIAN_POINT ( 'NONE',  ( 923.0000000000000000, 15.74999999999969802, 1052.500000000000000 ) ) ;
#4815 = PRESENTATION_LAYER_ASSIGNMENT (  '', '', ( #6540 ) ) ;
#4816 = VERTEX_POINT ( 'NONE', #6890 ) ;
#4817 = AXIS2_PLACEMENT_3D ( 'NONE', #2519, #3639, #4157 ) ;
#4818 = VERTEX_POINT ( 'NONE', #3758 ) ;
#4819 = PRESENTATION_STYLE_ASSIGNMENT (( #7242 ) ) ;
#4820 =( LENGTH_UNIT ( ) NAMED_UNIT ( * ) SI_UNIT ( .MILLI., .METRE. ) );
#4821 =( LENGTH_UNIT ( ) NAMED_UNIT ( * ) SI_UNIT ( .MILLI., .METRE. ) );
#4822 = UNCERTAINTY_MEASURE_WITH_UNIT (LENGTH_MEASURE( 1.000000000000000082E-05 ), #2874, 'distance_accuracy_value', 'NONE');
#4823 = CIRCLE ( 'NONE', #5919, 2.750000000000004885 ) ;
#4824 = SURFACE_STYLE_FILL_AREA ( #1854 ) ;
#4825 = MECHANICAL_DESIGN_GEOMETRIC_PRESENTATION_REPRESENTATION (  '', ( #7159 ), #6781 ) ;
#4826 = CARTESIAN_POINT ( 'NONE',  ( 971.5000000000000000, 4.223730556085629750, 1028.332414803930078 ) ) ;
#4827 = EDGE_CURVE ( 'NONE', #514, #1329, #5402, .T. ) ;
#4828 = ORIENTED_EDGE ( 'NONE', *, *, #1166, .T. ) ;
#4829 = STYLED_ITEM ( 'NONE', ( #5333 ), #7194 ) ;
#4830 = DIRECTION ( 'NONE',  ( 0.000000000000000000, -1.000000000000000000, 0.000000000000000000 ) ) ;
#4831 = FILL_AREA_STYLE_COLOUR ( '', #3509 ) ;
#4832 = DIRECTION ( 'NONE',  ( 1.000000000000000000, 0.000000000000000000, 0.000000000000000000 ) ) ;
#4833 = ORIENTED_EDGE ( 'NONE', *, *, #175, .F. ) ;
#4834 = SURFACE_SIDE_STYLE ('',( #2460 ) ) ;
#4835 = FILL_AREA_STYLE ('',( #6012 ) ) ;
#4836 = CARTESIAN_POINT ( 'NONE',  ( 921.5000000000000000, -1.507587619450223571, 1028.762609582790674 ) ) ;
#4837 = CARTESIAN_POINT ( 'NONE',  ( 921.5000000000000000, 26.66758519606879574, 1059.223730556080000 ) ) ;
#4838 = DIRECTION ( 'NONE',  ( -1.000000000000000000, 0.000000000000000000, 0.000000000000000000 ) ) ;
#4839 = AXIS2_PLACEMENT_3D ( 'NONE', #7252, #749, #3617 ) ;
#4840 = SURFACE_STYLE_FILL_AREA ( #287 ) ;
#4841 = EDGE_CURVE ( 'NONE', #5105, #6226, #284, .T. ) ;
#4842 = EDGE_LOOP ( 'NONE', ( #7453, #7101, #732, #5765 ) ) ;
#4843 = SURFACE_SIDE_STYLE ('',( #6021 ) ) ;
#4844 =( NAMED_UNIT ( * ) SI_UNIT ( $, .STERADIAN. ) SOLID_ANGLE_UNIT ( ) );
#4845 = ORIENTED_EDGE ( 'NONE', *, *, #495, .F. ) ;
#4846 = FACE_OUTER_BOUND ( 'NONE', #4810, .T. ) ;
#4847 = ADVANCED_FACE ( 'NONE', ( #7 ), #4050, .F. ) ;
#4848 =( GEOMETRIC_REPRESENTATION_CONTEXT ( 3 ) GLOBAL_UNCERTAINTY_ASSIGNED_CONTEXT ( ( #7017 ) ) GLOBAL_UNIT_ASSIGNED_CONTEXT ( ( #477, #2791, #7408 ) ) REPRESENTATION_CONTEXT ( 'NONE', 'WORKASPACE' ) );
#4849 = LINE ( 'NONE', #5463, #3419 ) ;
#4850 = VECTOR ( 'NONE', #4856, 1000.000000000000227 ) ;
#4851 = ORIENTED_EDGE ( 'NONE', *, *, #6907, .F. ) ;
#4852 = SURFACE_STYLE_FILL_AREA ( #848 ) ;
#4853 = SURFACE_STYLE_FILL_AREA ( #4268 ) ;
#4854 =( GEOMETRIC_REPRESENTATION_CONTEXT ( 3 ) GLOBAL_UNCERTAINTY_ASSIGNED_CONTEXT ( ( #5103 ) ) GLOBAL_UNIT_ASSIGNED_CONTEXT ( ( #1752, #6835, #2765 ) ) REPRESENTATION_CONTEXT ( 'NONE', 'WORKASPACE' ) );
#4855 = ORIENTED_EDGE ( 'NONE', *, *, #6378, .F. ) ;
#4856 = DIRECTION ( 'NONE',  ( -6.301893184818125014E-17, -0.5759224336161227198, 0.8175043427760385617 ) ) ;
#4857 = DIRECTION ( 'NONE',  ( -1.000000000000000000, 0.000000000000000000, 0.000000000000000000 ) ) ;
#4858 = AXIS2_PLACEMENT_3D ( 'NONE', #5026, #2274, #5069 ) ;
#4859 = UNCERTAINTY_MEASURE_WITH_UNIT (LENGTH_MEASURE( 1.000000000000000082E-05 ), #6988, 'distance_accuracy_value', 'NONE');
#4860 = FACE_OUTER_BOUND ( 'NONE', #6645, .T. ) ;
#4861 =( GEOMETRIC_REPRESENTATION_CONTEXT ( 3 ) GLOBAL_UNCERTAINTY_ASSIGNED_CONTEXT ( ( #2596 ) ) GLOBAL_UNIT_ASSIGNED_CONTEXT ( ( #5466, #2657, #199 ) ) REPRESENTATION_CONTEXT ( 'NONE', 'WORKASPACE' ) );
#4862 = EDGE_LOOP ( 'NONE', ( #2559, #4024 ) ) ;
#4863 = DIRECTION ( 'NONE',  ( 1.000000000000000000, 0.000000000000000000, 0.000000000000000000 ) ) ;
#4864 = ORIENTED_EDGE ( 'NONE', *, *, #132, .F. ) ;
#4865 =( NAMED_UNIT ( * ) SI_UNIT ( $, .STERADIAN. ) SOLID_ANGLE_UNIT ( ) );
#4866 = CARTESIAN_POINT ( 'NONE',  ( 924.5393258426970533, -2.011424869617629926E-13, 1055.000000000000000 ) ) ;
#4867 = PRODUCT_RELATED_PRODUCT_CATEGORY ( 'part', '', ( #4677 ) ) ;
#4868 = VECTOR ( 'NONE', #7026, 1000.000000000000000 ) ;
#4869 = CARTESIAN_POINT ( 'NONE',  ( 924.5393258426970533, -2.011424869617629926E-13, 1055.000000000000000 ) ) ;
#4870 =( NAMED_UNIT ( * ) PLANE_ANGLE_UNIT ( ) SI_UNIT ( $, .RADIAN. ) );
#4871 = PRESENTATION_LAYER_ASSIGNMENT (  '', '', ( #4129 ) ) ;
#4872 = DIRECTION ( 'NONE',  ( 0.000000000000000000, 1.000000000000000000, 0.000000000000000000 ) ) ;
#4873 = AXIS2_PLACEMENT_3D ( 'NONE', #18, #3468, #557 ) ;
#4874 = EDGE_LOOP ( 'NONE', ( #2301, #5372 ) ) ;
#4875 = SURFACE_STYLE_USAGE ( .BOTH. , #2579 ) ;
#4876 = SURFACE_STYLE_USAGE ( .BOTH. , #2507 ) ;
#4877 = ORIENTED_EDGE ( 'NONE', *, *, #2268, .T. ) ;
#4878 = ADVANCED_FACE ( 'NONE', ( #7307 ), #6722, .T. ) ;
#4879 = CARTESIAN_POINT ( 'NONE',  ( 920.1416456863189524, -40.95505617977547530, 1055.000000000000000 ) ) ;
#4880 = CIRCLE ( 'NONE', #1624, 2.750000000000000000 ) ;
#4881 = LINE ( 'NONE', #53, #4922 ) ;
#4882 = SURFACE_SIDE_STYLE ('',( #1432 ) ) ;
#4883 = PRESENTATION_LAYER_ASSIGNMENT (  '', '', ( #3429 ) ) ;
#4884 = FILL_AREA_STYLE ('',( #2655 ) ) ;
#4885 = FACE_OUTER_BOUND ( 'NONE', #1063, .T. ) ;
#4886 = CARTESIAN_POINT ( 'NONE',  ( 924.5000000000000000, 26.66758519606860034, 1050.776269443909996 ) ) ;
#4887 = ADVANCED_FACE ( 'NONE', ( #3063 ), #3668, .T. ) ;
#4888 = ORIENTED_EDGE ( 'NONE', *, *, #5308, .F. ) ;
#4889 = SURFACE_SIDE_STYLE ('',( #233 ) ) ;
#4890 = PRESENTATION_LAYER_ASSIGNMENT (  '', '', ( #1632 ) ) ;
#4891 =( GEOMETRIC_REPRESENTATION_CONTEXT ( 3 ) GLOBAL_UNCERTAINTY_ASSIGNED_CONTEXT ( ( #3940 ) ) GLOBAL_UNIT_ASSIGNED_CONTEXT ( ( #3238, #5034, #6715 ) ) REPRESENTATION_CONTEXT ( 'NONE', 'WORKASPACE' ) );
#4892 = MECHANICAL_DESIGN_GEOMETRIC_PRESENTATION_REPRESENTATION (  '', ( #3444 ), #6492 ) ;
#4893 = ORIENTED_EDGE ( 'NONE', *, *, #6185, .T. ) ;
#4894 = FACE_OUTER_BOUND ( 'NONE', #5047, .T. ) ;
#4895 = AXIS2_PLACEMENT_3D ( 'NONE', #4913, #3878, #406 ) ;
#4896 =( LENGTH_UNIT ( ) NAMED_UNIT ( * ) SI_UNIT ( .MILLI., .METRE. ) );
#4897 = DIRECTION ( 'NONE',  ( 0.000000000000000000, 1.000000000000000000, 0.000000000000000000 ) ) ;
#4898 = EDGE_CURVE ( 'NONE', #5493, #4816, #5651, .T. ) ;
#4899 = STYLED_ITEM ( 'NONE', ( #2877 ), #3553 ) ;
#4900 = LINE ( 'NONE', #4940, #4023 ) ;
#4901 = COLOUR_RGB ( '',0.2000000000000000111, 0.2000000000000000111, 0.2000000000000000111 ) ;
#4902 = EDGE_LOOP ( 'NONE', ( #4606, #2214 ) ) ;
#4903 = MECHANICAL_DESIGN_GEOMETRIC_PRESENTATION_REPRESENTATION (  '', ( #3023 ), #777 ) ;
#4904 = DIRECTION ( 'NONE',  ( -1.000000000000000000, 0.000000000000000000, 0.000000000000000000 ) ) ;
#4905 = STYLED_ITEM ( 'NONE', ( #5129 ), #1760 ) ;
#4906 = CARTESIAN_POINT ( 'NONE',  ( 921.5000000000000000, -19.09188309203700129, 1074.091883092039780 ) ) ;
#4907 = MECHANICAL_DESIGN_GEOMETRIC_PRESENTATION_REPRESENTATION (  '', ( #2017 ), #7001 ) ;
#4908 = ORIENTED_EDGE ( 'NONE', *, *, #2126, .F. ) ;
#4909 = DIRECTION ( 'NONE',  ( 1.000000000000000000, 0.000000000000000000, 0.000000000000000000 ) ) ;
#4910 = LINE ( 'NONE', #6166, #1173 ) ;
#4911 = SURFACE_SIDE_STYLE ('',( #3761 ) ) ;
#4912 = FILL_AREA_STYLE ('',( #5484 ) ) ;
#4913 = CARTESIAN_POINT ( 'NONE',  ( 924.6000000000000227, -19.09188309203700129, 1035.908116907959993 ) ) ;
#4914 =( NAMED_UNIT ( * ) PLANE_ANGLE_UNIT ( ) SI_UNIT ( $, .RADIAN. ) );
#4915 = VERTEX_POINT ( 'NONE', #499 ) ;
#4916 = AXIS2_PLACEMENT_3D ( 'NONE', #3098, #1504, #7421 ) ;
#4917 = UNCERTAINTY_MEASURE_WITH_UNIT (LENGTH_MEASURE( 1.000000000000000082E-05 ), #5255, 'distance_accuracy_value', 'NONE');
#4918 = CYLINDRICAL_SURFACE ( 'NONE', #6643, 2.750000000000059064 ) ;
#4919 = PRESENTATION_STYLE_ASSIGNMENT (( #6137 ) ) ;
#4920 = MECHANICAL_DESIGN_GEOMETRIC_PRESENTATION_REPRESENTATION (  '', ( #5294 ), #1667 ) ;
#4921 = EDGE_CURVE ( 'NONE', #3552, #1868, #2290, .T. ) ;
#4922 = VECTOR ( 'NONE', #4300, 1000.000000000000000 ) ;
#4923 = SURFACE_STYLE_FILL_AREA ( #4884 ) ;
#4924 = CARTESIAN_POINT ( 'NONE',  ( 923.6000000000000227, -2.010242600179049728E-13, 1055.000000000000000 ) ) ;
#4925 = MECHANICAL_DESIGN_GEOMETRIC_PRESENTATION_REPRESENTATION (  '', ( #2750 ), #1409 ) ;
#4926 = ORIENTED_EDGE ( 'NONE', *, *, #393, .F. ) ;
#4927 = DIRECTION ( 'NONE',  ( 0.000000000000000000, 1.000000000000000000, 0.000000000000000000 ) ) ;
#4928 = CIRCLE ( 'NONE', #2995, 2.749999999999935163 ) ;
#4929 = MECHANICAL_DESIGN_GEOMETRIC_PRESENTATION_REPRESENTATION (  '', ( #5300 ), #7383 ) ;
#4930 = ADVANCED_FACE ( 'NONE', ( #7427 ), #2173, .T. ) ;
#4931 = VERTEX_POINT ( 'NONE', #6801 ) ;
#4932 = ORIENTED_EDGE ( 'NONE', *, *, #5672, .F. ) ;
#4933 = FILL_AREA_STYLE_COLOUR ( '', #4901 ) ;
#4934 = AXIS2_PLACEMENT_3D ( 'NONE', #4479, #7363, #6819 ) ;
#4935 =( NAMED_UNIT ( * ) PLANE_ANGLE_UNIT ( ) SI_UNIT ( $, .RADIAN. ) );
#4936 = SURFACE_STYLE_FILL_AREA ( #4236 ) ;
#4937 = CARTESIAN_POINT ( 'NONE',  ( 921.5000000000000000, -27.91605907035270917, 1053.226537385427946 ) ) ;
#4938 = CARTESIAN_POINT ( 'NONE',  ( 921.5000000000000000, -26.66758519606889877, 1059.223730556090004 ) ) ;
#4939 = UNCERTAINTY_MEASURE_WITH_UNIT (LENGTH_MEASURE( 1.000000000000000082E-05 ), #1630, 'distance_accuracy_value', 'NONE');
#4940 = CARTESIAN_POINT ( 'NONE',  ( 930.0000000000000000, -1.223730556086429555, 1028.332414803930078 ) ) ;
#4941 =( GEOMETRIC_REPRESENTATION_CONTEXT ( 3 ) GLOBAL_UNCERTAINTY_ASSIGNED_CONTEXT ( ( #61 ) ) GLOBAL_UNIT_ASSIGNED_CONTEXT ( ( #503, #5803, #1598 ) ) REPRESENTATION_CONTEXT ( 'NONE', 'WORKASPACE' ) );
#4942 = EDGE_CURVE ( 'NONE', #1245, #328, #3363, .T. ) ;
#4943 = EDGE_LOOP ( 'NONE', ( #2821, #269 ) ) ;
#4944 =( LENGTH_UNIT ( ) NAMED_UNIT ( * ) SI_UNIT ( .MILLI., .METRE. ) );
#4945 = AXIS2_PLACEMENT_3D ( 'NONE', #1160, #1312, #1869 ) ;
#4946 = DIRECTION ( 'NONE',  ( 0.000000000000000000, -1.000000000000000000, 0.000000000000000000 ) ) ;
#4947 = ORIENTED_EDGE ( 'NONE', *, *, #4370, .T. ) ;
#4948 = FACE_OUTER_BOUND ( 'NONE', #6972, .T. ) ;
#4949 =( NAMED_UNIT ( * ) SI_UNIT ( $, .STERADIAN. ) SOLID_ANGLE_UNIT ( ) );
#4950 = FILL_AREA_STYLE_COLOUR ( '', #7248 ) ;
#4951 = CARTESIAN_POINT ( 'NONE',  ( 920.5000000000000000, -1.891494594644039896E-13, 1055.000000000000000 ) ) ;
#4952 = AXIS2_PLACEMENT_3D ( 'NONE', #3388, #5707, #4564 ) ;
#4953 = AXIS2_PLACEMENT_3D ( 'NONE', #6298, #2846, #5167 ) ;
#4954 = ORIENTED_EDGE ( 'NONE', *, *, #3341, .T. ) ;
#4955 = DIRECTION ( 'NONE',  ( 1.000000000000000000, 0.000000000000000000, 0.000000000000000000 ) ) ;
#4956 = CARTESIAN_POINT ( 'NONE',  ( 924.5393258426970533, 0.4950567504589660217, 1024.131613179890110 ) ) ;
#4957 =( NAMED_UNIT ( * ) SI_UNIT ( $, .STERADIAN. ) SOLID_ANGLE_UNIT ( ) );
#4958 = ORIENTED_EDGE ( 'NONE', *, *, #6481, .F. ) ;
#4959 = LINE ( 'NONE', #1583, #5842 ) ;
#4960 = FILL_AREA_STYLE_COLOUR ( '', #2275 ) ;
#4961 = CARTESIAN_POINT ( 'NONE',  ( 924.6000000000002501, -0.03531134256012628814, 1024.894538395865084 ) ) ;
#4962 = PRESENTATION_STYLE_ASSIGNMENT (( #4338 ) ) ;
#4963 = SURFACE_STYLE_FILL_AREA ( #4703 ) ;
#4964 = DIRECTION ( 'NONE',  ( -0.9135454576425182660, 0.000000000000000000, 0.4067366430759856155 ) ) ;
#4965 = FILL_AREA_STYLE ('',( #2656 ) ) ;
#4966 = SURFACE_STYLE_USAGE ( .BOTH. , #1949 ) ;
#4967 = SURFACE_STYLE_FILL_AREA ( #3809 ) ;
#4968 = EDGE_LOOP ( 'NONE', ( #1525, #3197, #5075, #5809 ) ) ;
#4969 = SURFACE_SIDE_STYLE ('',( #7432 ) ) ;
#4970 = CARTESIAN_POINT ( 'NONE',  ( 924.6000000000000227, 4.223730556086159993, 1081.667585196069922 ) ) ;
#4971 = CARTESIAN_POINT ( 'NONE',  ( 924.6000000000000227, -1.223730556086429555, 1028.332414803930078 ) ) ;
#4972 =( LENGTH_UNIT ( ) NAMED_UNIT ( * ) SI_UNIT ( .MILLI., .METRE. ) );
#4973 = SURFACE_STYLE_USAGE ( .BOTH. , #3715 ) ;
#4974 = ADVANCED_FACE ( 'NONE', ( #6255 ), #1554, .F. ) ;
#4975 = ORIENTED_EDGE ( 'NONE', *, *, #5318, .F. ) ;
#4976 = CARTESIAN_POINT ( 'NONE',  ( 919.2511829564709842, -1.889922788399789826E-13, 1055.000000000000000 ) ) ;
#4977 = DIRECTION ( 'NONE',  ( 0.000000000000000000, -0.7071067811865446862, -0.7071067811865503483 ) ) ;
#4978 = CARTESIAN_POINT ( 'NONE',  ( 930.0000000000000000, 7.223730556085990351, 1028.332414803930078 ) ) ;
#4979 = EDGE_CURVE ( 'NONE', #6966, #5900, #1278, .T. ) ;
#4980 = EDGE_CURVE ( 'NONE', #2520, #4160, #3930, .T. ) ;
#4981 = LINE ( 'NONE', #6737, #3108 ) ;
#4982 = MECHANICAL_DESIGN_GEOMETRIC_PRESENTATION_REPRESENTATION (  '', ( #6686 ), #475 ) ;
#4983 = DIRECTION ( 'NONE',  ( 0.000000000000000000, 1.000000000000000000, 0.000000000000000000 ) ) ;
#4984 = CARTESIAN_POINT ( 'NONE',  ( 923.0000000000000000, -11.13693180368849944, 1043.863068196310223 ) ) ;
#4985 = FILL_AREA_STYLE_COLOUR ( '', #2450 ) ;
#4986 = EDGE_LOOP ( 'NONE', ( #4773, #5097, #6233, #6765 ) ) ;
#4987 = AXIS2_PLACEMENT_3D ( 'NONE', #4663, #3601, #7164 ) ;
#4988 = SURFACE_STYLE_USAGE ( .BOTH. , #2680 ) ;
#4989 = ORIENTED_EDGE ( 'NONE', *, *, #393, .T. ) ;
#4990 = LINE ( 'NONE', #6177, #6703 ) ;
#4991 = EDGE_CURVE ( 'NONE', #2407, #6041, #4539, .T. ) ;
#4992 = AXIS2_PLACEMENT_3D ( 'NONE', #7134, #1334, #7060 ) ;
#4993 = FILL_AREA_STYLE_COLOUR ( '', #5858 ) ;
#4994 = DIRECTION ( 'NONE',  ( 0.000000000000000000, 1.000000000000000000, 0.000000000000000000 ) ) ;
#4995 = VECTOR ( 'NONE', #5523, 1000.000000000000000 ) ;
#4996 = SURFACE_STYLE_FILL_AREA ( #4414 ) ;
#4997 = SURFACE_STYLE_USAGE ( .BOTH. , #2688 ) ;
#4998 = AXIS2_PLACEMENT_3D ( 'NONE', #6664, #398, #249 ) ;
#4999 = SURFACE_STYLE_USAGE ( .BOTH. , #5688 ) ;
#5000 = DIRECTION ( 'NONE',  ( 0.000000000000000000, 0.000000000000000000, 1.000000000000000000 ) ) ;
#5001 = FILL_AREA_STYLE ('',( #1393 ) ) ;
#5002 = UNCERTAINTY_MEASURE_WITH_UNIT (LENGTH_MEASURE( 1.000000000000000082E-05 ), #3804, 'distance_accuracy_value', 'NONE');
#5003 = FACE_OUTER_BOUND ( 'NONE', #4753, .T. ) ;
#5004 = EDGE_LOOP ( 'NONE', ( #1689, #6081 ) ) ;
#5005 = VERTEX_POINT ( 'NONE', #2883 ) ;
#5006 = DIRECTION ( 'NONE',  ( 1.000000000000000000, 0.000000000000000000, 0.000000000000000000 ) ) ;
#5007 = FILL_AREA_STYLE_COLOUR ( '', #1590 ) ;
#5008 = PRESENTATION_STYLE_ASSIGNMENT (( #3935 ) ) ;
#5009 = AXIS2_PLACEMENT_3D ( 'NONE', #613, #2402, #1836 ) ;
#5010 = CARTESIAN_POINT ( 'NONE',  ( 924.5000000000000000, -6.939873492723515724, 1027.902220025069482 ) ) ;
#5011 = AXIS2_PLACEMENT_3D ( 'NONE', #466, #2811, #429 ) ;
#5012 = UNCERTAINTY_MEASURE_WITH_UNIT (LENGTH_MEASURE( 1.000000000000000082E-05 ), #4755, 'distance_accuracy_value', 'NONE');
#5013 = AXIS2_PLACEMENT_3D ( 'NONE', #161, #3040, #5284 ) ;
#5014 = STYLED_ITEM ( 'NONE', ( #1754 ), #4169 ) ;
#5015 = EDGE_CURVE ( 'NONE', #3778, #6195, #3486, .T. ) ;
#5016 = AXIS2_PLACEMENT_3D ( 'NONE', #181, #2503, #3088 ) ;
#5017 = VERTEX_POINT ( 'NONE', #5269 ) ;
#5018 = DIRECTION ( 'NONE',  ( -1.000000000000000000, 1.258636124801849761E-16, 0.000000000000000000 ) ) ;
#5019 = FILL_AREA_STYLE_COLOUR ( '', #7356 ) ;
#5020 = AXIS2_PLACEMENT_3D ( 'NONE', #4168, #6441, #2421 ) ;
#5021 = SURFACE_STYLE_USAGE ( .BOTH. , #5557 ) ;
#5022 = COLOUR_RGB ( '',0.2000000000000000111, 0.2000000000000000111, 0.2000000000000000111 ) ;
#5023 = PRESENTATION_LAYER_ASSIGNMENT (  '', '', ( #6112 ) ) ;
#5024 = FILL_AREA_STYLE_COLOUR ( '', #1394 ) ;
#5025 = FILL_AREA_STYLE ('',( #362 ) ) ;
#5026 = CARTESIAN_POINT ( 'NONE',  ( 919.2511829564709842, -1.889922788399789826E-13, 1055.000000000000000 ) ) ;
#5027 = ADVANCED_FACE ( 'NONE', ( #38 ), #691, .F. ) ;
#5028 = ORIENTED_EDGE ( 'NONE', *, *, #6814, .T. ) ;
#5029 =( GEOMETRIC_REPRESENTATION_CONTEXT ( 3 ) GLOBAL_UNCERTAINTY_ASSIGNED_CONTEXT ( ( #4459 ) ) GLOBAL_UNIT_ASSIGNED_CONTEXT ( ( #4670, #4163, #1296 ) ) REPRESENTATION_CONTEXT ( 'NONE', 'WORKASPACE' ) );
#5030 = CIRCLE ( 'NONE', #3458, 2.499999999999946709 ) ;
#5031 = ORIENTED_EDGE ( 'NONE', *, *, #1308, .F. ) ;
#5032 = CARTESIAN_POINT ( 'NONE',  ( 923.0000000000000000, -11.13693180368820101, 1068.636931803690004 ) ) ;
#5033 = CARTESIAN_POINT ( 'NONE',  ( 924.6000000000000227, -4.223730556086429999, 1028.332414803930078 ) ) ;
#5034 =( NAMED_UNIT ( * ) PLANE_ANGLE_UNIT ( ) SI_UNIT ( $, .RADIAN. ) );
#5035 = DIRECTION ( 'NONE',  ( 0.000000000000000000, 1.000000000000000000, 0.000000000000000000 ) ) ;
#5036 = AXIS2_PLACEMENT_3D ( 'NONE', #3975, #5730, #513 ) ;
#5037 = FILL_AREA_STYLE ('',( #2723 ) ) ;
#5038 = ADVANCED_FACE ( 'NONE', ( #2398, #577 ), #1903, .F. ) ;
#5039 = CIRCLE ( 'NONE', #1786, 2.999999999999999112 ) ;
#5040 = FILL_AREA_STYLE ('',( #336 ) ) ;
#5041 = COLOUR_RGB ( '',0.4000000000000000222, 0.4000000000000000222, 0.4000000000000000222 ) ;
#5042 = SURFACE_STYLE_FILL_AREA ( #4578 ) ;
#5043 = FACE_BOUND ( 'NONE', #6322, .T. ) ;
#5044 =( GEOMETRIC_REPRESENTATION_CONTEXT ( 3 ) GLOBAL_UNCERTAINTY_ASSIGNED_CONTEXT ( ( #2826 ) ) GLOBAL_UNIT_ASSIGNED_CONTEXT ( ( #768, #6682, #7306 ) ) REPRESENTATION_CONTEXT ( 'NONE', 'WORKASPACE' ) );
#5045 = SURFACE_SIDE_STYLE ('',( #4384 ) ) ;
#5046 = PRESENTATION_LAYER_ASSIGNMENT (  '', '', ( #5416 ) ) ;
#5047 = EDGE_LOOP ( 'NONE', ( #7122, #6019 ) ) ;
#5048 = VERTEX_POINT ( 'NONE', #539 ) ;
#5049 = CARTESIAN_POINT ( 'NONE',  ( 924.6000000000000227, 0.03531134255974339997, 1024.894538395865084 ) ) ;
#5050 = VERTEX_POINT ( 'NONE', #2991 ) ;
#5051 =( GEOMETRIC_REPRESENTATION_CONTEXT ( 3 ) GLOBAL_UNCERTAINTY_ASSIGNED_CONTEXT ( ( #3044 ) ) GLOBAL_UNIT_ASSIGNED_CONTEXT ( ( #6452, #5834, #5343 ) ) REPRESENTATION_CONTEXT ( 'NONE', 'WORKASPACE' ) );
#5052 = PRESENTATION_STYLE_ASSIGNMENT (( #5172 ) ) ;
#5053 = SURFACE_STYLE_USAGE ( .BOTH. , #3289 ) ;
#5054 =( NAMED_UNIT ( * ) PLANE_ANGLE_UNIT ( ) SI_UNIT ( $, .RADIAN. ) );
#5055 = VECTOR ( 'NONE', #879, 1000.000000000000000 ) ;
#5056 = SURFACE_STYLE_FILL_AREA ( #7438 ) ;
#5057 = AXIS2_PLACEMENT_3D ( 'NONE', #2016, #5459, #2548 ) ;
#5058 = AXIS2_PLACEMENT_3D ( 'NONE', #5323, #2550, #7048 ) ;
#5059 = ORIENTED_EDGE ( 'NONE', *, *, #5122, .T. ) ;
#5060 = SURFACE_STYLE_FILL_AREA ( #1107 ) ;
#5061 = DIRECTION ( 'NONE',  ( 0.000000000000000000, 1.000000000000000000, 0.000000000000000000 ) ) ;
#5062 = STYLED_ITEM ( 'NONE', ( #455 ), #1178 ) ;
#5063 = CIRCLE ( 'NONE', #2642, 3.000000000000000000 ) ;
#5064 = DIRECTION ( 'NONE',  ( 0.000000000000000000, 1.000000000000000000, 0.000000000000000000 ) ) ;
#5065 =( NAMED_UNIT ( * ) SI_UNIT ( $, .STERADIAN. ) SOLID_ANGLE_UNIT ( ) );
#5066 = STYLED_ITEM ( 'NONE', ( #6953 ), #5947 ) ;
#5067 = EDGE_CURVE ( 'NONE', #5458, #846, #6024, .T. ) ;
#5068 = CARTESIAN_POINT ( 'NONE',  ( 924.6000000000000227, 26.66758519606849731, 1050.776269443909996 ) ) ;
#5069 = DIRECTION ( 'NONE',  ( 0.000000000000000000, -1.000000000000000000, 0.000000000000000000 ) ) ;
#5070 = ORIENTED_EDGE ( 'NONE', *, *, #2583, .T. ) ;
#5071 = PRESENTATION_LAYER_ASSIGNMENT (  '', '', ( #4213 ) ) ;
#5072 = AXIS2_PLACEMENT_3D ( 'NONE', #5736, #517, #6169 ) ;
#5073 = FACE_OUTER_BOUND ( 'NONE', #5787, .T. ) ;
#5074 =( LENGTH_UNIT ( ) NAMED_UNIT ( * ) SI_UNIT ( .MILLI., .METRE. ) );
#5075 = ORIENTED_EDGE ( 'NONE', *, *, #3636, .T. ) ;
#5076 = CARTESIAN_POINT ( 'NONE',  ( 930.0000000000000000, -21.05717615308610391, 1067.257743492970121 ) ) ;
#5077 = PRESENTATION_STYLE_ASSIGNMENT (( #1584 ) ) ;
#5078 = FILL_AREA_STYLE_COLOUR ( '', #5149 ) ;
#5079 =( NAMED_UNIT ( * ) SI_UNIT ( $, .STERADIAN. ) SOLID_ANGLE_UNIT ( ) );
#5080 = ADVANCED_FACE ( 'NONE', ( #4297 ), #3697, .F. ) ;
#5081 = FILL_AREA_STYLE_COLOUR ( '', #425 ) ;
#5082 = CARTESIAN_POINT ( 'NONE',  ( 921.5000000000000000, 20.34035696632022550, 1038.358384849477943 ) ) ;
#5083 = MECHANICAL_DESIGN_GEOMETRIC_PRESENTATION_REPRESENTATION (  '', ( #3126 ), #4320 ) ;
#5084 = PRESENTATION_LAYER_ASSIGNMENT (  '', '', ( #4452 ) ) ;
#5085 =( NAMED_UNIT ( * ) PLANE_ANGLE_UNIT ( ) SI_UNIT ( $, .RADIAN. ) );
#5086 = MECHANICAL_DESIGN_GEOMETRIC_PRESENTATION_REPRESENTATION (  '', ( #3132 ), #2787 ) ;
#5087 = COLOUR_RGB ( '',0.2000000000000000111, 0.2000000000000000111, 0.2000000000000000111 ) ;
#5088 = FACE_OUTER_BOUND ( 'NONE', #1645, .T. ) ;
#5089 = DIRECTION ( 'NONE',  ( -1.000000000000000000, 0.000000000000000000, 0.000000000000000000 ) ) ;
#5090 = FACE_BOUND ( 'NONE', #2516, .T. ) ;
#5091 = EDGE_CURVE ( 'NONE', #2530, #548, #4218, .T. ) ;
#5092 = UNCERTAINTY_MEASURE_WITH_UNIT (LENGTH_MEASURE( 1.000000000000000082E-05 ), #255, 'distance_accuracy_value', 'NONE');
#5093 = DIRECTION ( 'NONE',  ( 1.000000000000000000, 0.000000000000000000, 0.000000000000000000 ) ) ;
#5094 = DIRECTION ( 'NONE',  ( 1.000000000000000000, 0.000000000000000000, 0.000000000000000000 ) ) ;
#5095 = CIRCLE ( 'NONE', #7047, 0.2000000000000005107 ) ;
#5096 = ORIENTED_EDGE ( 'NONE', *, *, #2087, .T. ) ;
#5097 = ORIENTED_EDGE ( 'NONE', *, *, #3595, .T. ) ;
#5098 = EDGE_LOOP ( 'NONE', ( #6596, #6442 ) ) ;
#5099 = PRESENTATION_LAYER_ASSIGNMENT (  '', '', ( #824 ) ) ;
#5100 = VERTEX_POINT ( 'NONE', #1428 ) ;
#5101 = SURFACE_STYLE_USAGE ( .BOTH. , #1734 ) ;
#5102 = FILL_AREA_STYLE_COLOUR ( '', #1430 ) ;
#5103 = UNCERTAINTY_MEASURE_WITH_UNIT (LENGTH_MEASURE( 1.000000000000000082E-05 ), #1752, 'distance_accuracy_value', 'NONE');
#5104 = SURFACE_STYLE_FILL_AREA ( #2786 ) ;
#5105 = VERTEX_POINT ( 'NONE', #1350 ) ;
#5106 = DIRECTION ( 'NONE',  ( 0.000000000000000000, 0.1564344650402246517, -0.9876883405951386585 ) ) ;
#5107 =( NAMED_UNIT ( * ) PLANE_ANGLE_UNIT ( ) SI_UNIT ( $, .RADIAN. ) );
#5108 = DIRECTION ( 'NONE',  ( -1.000000000000000000, 0.000000000000000000, 0.000000000000000000 ) ) ;
#5109 = UNCERTAINTY_MEASURE_WITH_UNIT (LENGTH_MEASURE( 1.000000000000000082E-05 ), #4673, 'distance_accuracy_value', 'NONE');
#5110 =( LENGTH_UNIT ( ) NAMED_UNIT ( * ) SI_UNIT ( .MILLI., .METRE. ) );
#5111 = PRODUCT_CONTEXT ( 'NONE', #2465, 'mechanical' ) ;
#5112 = CARTESIAN_POINT ( 'NONE',  ( 924.6000000000000227, -4.223730556086429999, 1028.332414803930078 ) ) ;
#5113 = AXIS2_PLACEMENT_3D ( 'NONE', #4368, #1377, #6706 ) ;
#5114 = ORIENTED_EDGE ( 'NONE', *, *, #1069, .F. ) ;
#5115 = EDGE_LOOP ( 'NONE', ( #2430, #3308 ) ) ;
#5116 = CARTESIAN_POINT ( 'NONE',  ( 919.5467112404664931, 0.0006219859022658256673, 1013.544666015971757 ) ) ;
#5117 = PRESENTATION_LAYER_ASSIGNMENT (  '', '', ( #3881 ) ) ;
#5118 =( NAMED_UNIT ( * ) SI_UNIT ( $, .STERADIAN. ) SOLID_ANGLE_UNIT ( ) );
#5119 = CARTESIAN_POINT ( 'NONE',  ( 921.5000000000000000, -19.09188309203730327, 1035.908116907959993 ) ) ;
#5120 = CARTESIAN_POINT ( 'NONE',  ( 924.5000000000000000, 12.25774349296719912, 1030.942823846909960 ) ) ;
#5121 = AXIS2_PLACEMENT_3D ( 'NONE', #8, #2517, #4812 ) ;
#5122 = EDGE_CURVE ( 'NONE', #3734, #6551, #260, .T. ) ;
#5123 = CYLINDRICAL_SURFACE ( 'NONE', #609, 2.750000000000000000 ) ;
#5124 =( GEOMETRIC_REPRESENTATION_CONTEXT ( 3 ) GLOBAL_UNCERTAINTY_ASSIGNED_CONTEXT ( ( #594 ) ) GLOBAL_UNIT_ASSIGNED_CONTEXT ( ( #4697, #3776, #6544 ) ) REPRESENTATION_CONTEXT ( 'NONE', 'WORKASPACE' ) );
#5125 = CARTESIAN_POINT ( 'NONE',  ( 930.0000000000000000, -12.25774349296800203, 1030.942823846909960 ) ) ;
#5126 = CYLINDRICAL_SURFACE ( 'NONE', #3949, 2.749999999999941380 ) ;
#5127 = AXIS2_PLACEMENT_3D ( 'NONE', #6047, #7062, #5450 ) ;
#5128 = CARTESIAN_POINT ( 'NONE',  ( 971.5000000000000000, -4.223730556085800281, 1081.667585196069922 ) ) ;
#5129 = PRESENTATION_STYLE_ASSIGNMENT (( #4619 ) ) ;
#5130 = SURFACE_SIDE_STYLE ('',( #2808 ) ) ;
#5131 = AXIS2_PLACEMENT_3D ( 'NONE', #3150, #5018, #1573 ) ;
#5132 = ORIENTED_EDGE ( 'NONE', *, *, #3946, .T. ) ;
#5133 = EDGE_CURVE ( 'NONE', #4387, #1459, #5985, .T. ) ;
#5134 = COLOUR_RGB ( '',0.4000000000000000222, 0.4000000000000000222, 0.4000000000000000222 ) ;
#5135 = VERTEX_POINT ( 'NONE', #5950 ) ;
#5136 = CARTESIAN_POINT ( 'NONE',  ( 921.5000000000000000, -21.54215103355532435, 1037.156590782243711 ) ) ;
#5137 = ORIENTED_EDGE ( 'NONE', *, *, #1231, .T. ) ;
#5138 = DIRECTION ( 'NONE',  ( 0.000000000000000000, 0.4539904997395713404, 0.8910065241883554643 ) ) ;
#5139 = ORIENTED_EDGE ( 'NONE', *, *, #6577, .T. ) ;
#5140 = CARTESIAN_POINT ( 'NONE',  ( 971.5000000000000000, 19.09188309203720024, 1074.091883092029775 ) ) ;
#5141 =( NAMED_UNIT ( * ) PLANE_ANGLE_UNIT ( ) SI_UNIT ( $, .RADIAN. ) );
#5142 = EDGE_CURVE ( 'NONE', #4818, #5486, #5377, .T. ) ;
#5143 = ORIENTED_EDGE ( 'NONE', *, *, #6521, .F. ) ;
#5144 =( NAMED_UNIT ( * ) PLANE_ANGLE_UNIT ( ) SI_UNIT ( $, .RADIAN. ) );
#5145 = CARTESIAN_POINT ( 'NONE',  ( 924.5393258426970533, -2.011424869617629926E-13, 1055.000000000000000 ) ) ;
#5146 = DIRECTION ( 'NONE',  ( 0.000000000000000000, -1.000000000000000000, 0.000000000000000000 ) ) ;
#5147 = DIRECTION ( 'NONE',  ( 1.000000000000000000, 0.000000000000000000, 0.000000000000000000 ) ) ;
#5148 = CIRCLE ( 'NONE', #2116, 2.749999999999999112 ) ;
#5149 = COLOUR_RGB ( '',0.2000000000000000111, 0.2000000000000000111, 0.2000000000000000111 ) ;
#5150 = MECHANICAL_DESIGN_GEOMETRIC_PRESENTATION_REPRESENTATION (  '', ( #2492 ), #6612 ) ;
#5151 = ORIENTED_EDGE ( 'NONE', *, *, #2814, .T. ) ;
#5152 =( NAMED_UNIT ( * ) SI_UNIT ( $, .STERADIAN. ) SOLID_ANGLE_UNIT ( ) );
#5153 = PRESENTATION_LAYER_ASSIGNMENT (  '', '', ( #1511 ) ) ;
#5154 = DIRECTION ( 'NONE',  ( 0.000000000000000000, 1.000000000000000000, 0.000000000000000000 ) ) ;
#5155 = ORIENTED_EDGE ( 'NONE', *, *, #7040, .T. ) ;
#5156 = DIRECTION ( 'NONE',  ( 0.000000000000000000, -1.000000000000000000, 0.000000000000000000 ) ) ;
#5157 = DIRECTION ( 'NONE',  ( 1.000000000000000000, 0.000000000000000000, 0.000000000000000000 ) ) ;
#5158 =( NAMED_UNIT ( * ) PLANE_ANGLE_UNIT ( ) SI_UNIT ( $, .RADIAN. ) );
#5159 = STYLED_ITEM ( 'NONE', ( #3536 ), #4597 ) ;
#5160 = COLOUR_RGB ( '',0.4000000000000000222, 0.4000000000000000222, 0.4000000000000000222 ) ;
#5161 = DIRECTION ( 'NONE',  ( -1.000000000000000000, 0.000000000000000000, 0.000000000000000000 ) ) ;
#5162 = FILL_AREA_STYLE_COLOUR ( '', #5291 ) ;
#5163 = SURFACE_STYLE_USAGE ( .BOTH. , #6295 ) ;
#5164 = COLOUR_RGB ( '',0.2000000000000000111, 0.2000000000000000111, 0.2000000000000000111 ) ;
#5165 = UNCERTAINTY_MEASURE_WITH_UNIT (LENGTH_MEASURE( 1.000000000000000082E-05 ), #5199, 'distance_accuracy_value', 'NONE');
#5166 = EDGE_CURVE ( 'NONE', #2795, #1784, #5176, .T. ) ;
#5167 = DIRECTION ( 'NONE',  ( 0.000000000000000000, -1.000000000000000000, 0.000000000000000000 ) ) ;
#5168 = ORIENTED_EDGE ( 'NONE', *, *, #1177, .T. ) ;
#5169 = VERTEX_POINT ( 'NONE', #875 ) ;
#5170 = VERTEX_POINT ( 'NONE', #4879 ) ;
#5171 = CARTESIAN_POINT ( 'NONE',  ( 924.6000000000000227, -26.66758519606889877, 1059.223730556090004 ) ) ;
#5172 = SURFACE_STYLE_USAGE ( .BOTH. , #3457 ) ;
#5173 = ORIENTED_EDGE ( 'NONE', *, *, #7322, .F. ) ;
#5174 = FILL_AREA_STYLE ('',( #2264 ) ) ;
#5175 =( NAMED_UNIT ( * ) SI_UNIT ( $, .STERADIAN. ) SOLID_ANGLE_UNIT ( ) );
#5176 = CIRCLE ( 'NONE', #2513, 2.999999999999999112 ) ;
#5177 = ADVANCED_FACE ( 'NONE', ( #295 ), #1281, .F. ) ;
#5178 = DIRECTION ( 'NONE',  ( 0.000000000000000000, -1.000000000000000000, 0.000000000000000000 ) ) ;
#5179 = COLOUR_RGB ( '',0.2000000000000000111, 0.2000000000000000111, 0.2000000000000000111 ) ;
#5180 = EDGE_LOOP ( 'NONE', ( #2624, #3409, #3220, #6687 ) ) ;
#5181 = SURFACE_STYLE_FILL_AREA ( #3008 ) ;
#5182 = DIRECTION ( 'NONE',  ( 0.000000000000000000, 1.000000000000000000, 0.000000000000000000 ) ) ;
#5183 = UNCERTAINTY_MEASURE_WITH_UNIT (LENGTH_MEASURE( 1.000000000000000082E-05 ), #7503, 'distance_accuracy_value', 'NONE');
#5184 = FILL_AREA_STYLE_COLOUR ( '', #3663 ) ;
#5185 = VECTOR ( 'NONE', #2804, 1000.000000000000000 ) ;
#5186 = PRESENTATION_STYLE_ASSIGNMENT (( #595 ) ) ;
#5187 =( NAMED_UNIT ( * ) PLANE_ANGLE_UNIT ( ) SI_UNIT ( $, .RADIAN. ) );
#5188 = EDGE_CURVE ( 'NONE', #4780, #3049, #6514, .T. ) ;
#5189 = EDGE_LOOP ( 'NONE', ( #6927, #3377 ) ) ;
#5190 = AXIS2_PLACEMENT_3D ( 'NONE', #6749, #7334, #5035 ) ;
#5191 = AXIS2_PLACEMENT_3D ( 'NONE', #1185, #7055, #1225 ) ;
#5192 = ORIENTED_EDGE ( 'NONE', *, *, #736, .F. ) ;
#5193 = DIRECTION ( 'NONE',  ( 0.000000000000000000, -1.000000000000000000, 0.000000000000000000 ) ) ;
#5194 = DIRECTION ( 'NONE',  ( -0.000000000000000000, 0.000000000000000000, 1.000000000000000000 ) ) ;
#5195 = CARTESIAN_POINT ( 'NONE',  ( 924.5000000000000000, -26.66758519606889877, 1050.776269443909996 ) ) ;
#5196 = CIRCLE ( 'NONE', #1553, 2.750000000000000000 ) ;
#5197 = CIRCLE ( 'NONE', #3493, 1.000000000000000888 ) ;
#5198 = DIRECTION ( 'NONE',  ( 1.000000000000000000, 0.000000000000000000, 0.000000000000000000 ) ) ;
#5199 =( LENGTH_UNIT ( ) NAMED_UNIT ( * ) SI_UNIT ( .MILLI., .METRE. ) );
#5200 = FACE_BOUND ( 'NONE', #2412, .T. ) ;
#5201 =( GEOMETRIC_REPRESENTATION_CONTEXT ( 3 ) GLOBAL_UNCERTAINTY_ASSIGNED_CONTEXT ( ( #7075 ) ) GLOBAL_UNIT_ASSIGNED_CONTEXT ( ( #3627, #7190, #2050 ) ) REPRESENTATION_CONTEXT ( 'NONE', 'WORKASPACE' ) );
#5202 =( NAMED_UNIT ( * ) SI_UNIT ( $, .STERADIAN. ) SOLID_ANGLE_UNIT ( ) );
#5203 = COLOUR_RGB ( '',0.2000000000000000111, 0.2000000000000000111, 0.2000000000000000111 ) ;
#5204 = DIRECTION ( 'NONE',  ( 0.000000000000000000, 0.8910065241883723397, 0.4539904997395379227 ) ) ;
#5205 = ORIENTED_EDGE ( 'NONE', *, *, #6279, .F. ) ;
#5206 = FILL_AREA_STYLE_COLOUR ( '', #5160 ) ;
#5207 = ORIENTED_EDGE ( 'NONE', *, *, #2591, .T. ) ;
#5208 = SURFACE_STYLE_FILL_AREA ( #2917 ) ;
#5209 = ORIENTED_EDGE ( 'NONE', *, *, #6004, .F. ) ;
#5210 = SURFACE_SIDE_STYLE ('',( #2892 ) ) ;
#5211 = AXIS2_PLACEMENT_3D ( 'NONE', #4543, #7516, #2299 ) ;
#5212 =( GEOMETRIC_REPRESENTATION_CONTEXT ( 3 ) GLOBAL_UNCERTAINTY_ASSIGNED_CONTEXT ( ( #1586 ) ) GLOBAL_UNIT_ASSIGNED_CONTEXT ( ( #3977, #5958, #1325 ) ) REPRESENTATION_CONTEXT ( 'NONE', 'WORKASPACE' ) );
#5213 = CARTESIAN_POINT ( 'NONE',  ( 930.0000000000000000, -29.66758519606889877, 1050.776269443909996 ) ) ;
#5214 = ORIENTED_EDGE ( 'NONE', *, *, #6422, .F. ) ;
#5215 = DIRECTION ( 'NONE',  ( -1.258636124801849761E-16, -1.000000000000000000, 0.000000000000000000 ) ) ;
#5216 = DIRECTION ( 'NONE',  ( 1.000000000000000000, 0.000000000000000000, 0.000000000000000000 ) ) ;
#5217 = CARTESIAN_POINT ( 'NONE',  ( 930.0000000000000000, -4.223730556086429999, 1028.332414803930078 ) ) ;
#5218 = ADVANCED_FACE ( 'NONE', ( #6873, #4408 ), #959, .F. ) ;
#5219 =( LENGTH_UNIT ( ) NAMED_UNIT ( * ) SI_UNIT ( .MILLI., .METRE. ) );
#5220 = FILL_AREA_STYLE_COLOUR ( '', #6278 ) ;
#5221 = AXIS2_PLACEMENT_3D ( 'NONE', #1957, #1816, #5932 ) ;
#5222 =( LENGTH_UNIT ( ) NAMED_UNIT ( * ) SI_UNIT ( .MILLI., .METRE. ) );
#5223 = EDGE_LOOP ( 'NONE', ( #2644, #316 ) ) ;
#5224 = EDGE_CURVE ( 'NONE', #1738, #3526, #5893, .T. ) ;
#5225 = EDGE_CURVE ( 'NONE', #658, #1217, #6634, .T. ) ;
#5226 = VERTEX_POINT ( 'NONE', #3237 ) ;
#5227 = MECHANICAL_DESIGN_GEOMETRIC_PRESENTATION_REPRESENTATION (  '', ( #3397 ), #7064 ) ;
#5228 = DIRECTION ( 'NONE',  ( 0.000000000000000000, 0.7071067811865443531, 0.7071067811865506814 ) ) ;
#5229 = EDGE_CURVE ( 'NONE', #655, #4818, #7378, .T. ) ;
#5230 = FACE_OUTER_BOUND ( 'NONE', #1930, .T. ) ;
#5231 = DIRECTION ( 'NONE',  ( -1.000000000000000000, 0.000000000000000000, 0.000000000000000000 ) ) ;
#5232 = DIRECTION ( 'NONE',  ( 0.000000000000000000, -0.4539904997395733388, -0.8910065241883543541 ) ) ;
#5233 = PRESENTATION_STYLE_ASSIGNMENT (( #1163 ) ) ;
#5234 = UNCERTAINTY_MEASURE_WITH_UNIT (LENGTH_MEASURE( 1.000000000000000082E-05 ), #1629, 'distance_accuracy_value', 'NONE');
#5235 = VECTOR ( 'NONE', #2244, 1000.000000000000000 ) ;
#5236 = ORIENTED_EDGE ( 'NONE', *, *, #4612, .F. ) ;
#5237 = DIRECTION ( 'NONE',  ( 1.000000000000000000, 0.000000000000000000, 0.000000000000000000 ) ) ;
#5238 = DIRECTION ( 'NONE',  ( 0.000000000000000000, -1.000000000000000000, 0.000000000000000000 ) ) ;
#5239 = CARTESIAN_POINT ( 'NONE',  ( 924.6000000000000227, -29.66758519606889877, 1050.776269443909996 ) ) ;
#5240 =( GEOMETRIC_REPRESENTATION_CONTEXT ( 3 ) GLOBAL_UNCERTAINTY_ASSIGNED_CONTEXT ( ( #2666 ) ) GLOBAL_UNIT_ASSIGNED_CONTEXT ( ( #7403, #5054, #2960 ) ) REPRESENTATION_CONTEXT ( 'NONE', 'WORKASPACE' ) );
#5241 = ORIENTED_EDGE ( 'NONE', *, *, #542, .F. ) ;
#5242 = CARTESIAN_POINT ( 'NONE',  ( 923.0000000000000000, 15.74999999999969802, 1055.000000000000000 ) ) ;
#5243 = DIRECTION ( 'NONE',  ( -1.000000000000000000, 0.000000000000000000, 0.000000000000000000 ) ) ;
#5244 = AXIS2_PLACEMENT_3D ( 'NONE', #3243, #5161, #456 ) ;
#5245 =( LENGTH_UNIT ( ) NAMED_UNIT ( * ) SI_UNIT ( .MILLI., .METRE. ) );
#5246 =( GEOMETRIC_REPRESENTATION_CONTEXT ( 3 ) GLOBAL_UNCERTAINTY_ASSIGNED_CONTEXT ( ( #6158 ) ) GLOBAL_UNIT_ASSIGNED_CONTEXT ( ( #3175, #2059, #1474 ) ) REPRESENTATION_CONTEXT ( 'NONE', 'WORKASPACE' ) );
#5247 = ORIENTED_EDGE ( 'NONE', *, *, #3576, .F. ) ;
#5248 =( LENGTH_UNIT ( ) NAMED_UNIT ( * ) SI_UNIT ( .MILLI., .METRE. ) );
#5249 = SURFACE_STYLE_FILL_AREA ( #2376 ) ;
#5250 = CARTESIAN_POINT ( 'NONE',  ( 924.6000000000000227, 22.09188309203650036, 1035.908116907959993 ) ) ;
#5251 = PRESENTATION_STYLE_ASSIGNMENT (( #332 ) ) ;
#5252 = EDGE_CURVE ( 'NONE', #2296, #1011, #1526, .T. ) ;
#5253 =( GEOMETRIC_REPRESENTATION_CONTEXT ( 3 ) GLOBAL_UNCERTAINTY_ASSIGNED_CONTEXT ( ( #1447 ) ) GLOBAL_UNIT_ASSIGNED_CONTEXT ( ( #128, #3074, #780 ) ) REPRESENTATION_CONTEXT ( 'NONE', 'WORKASPACE' ) );
#5254 = ORIENTED_EDGE ( 'NONE', *, *, #866, .T. ) ;
#5255 =( LENGTH_UNIT ( ) NAMED_UNIT ( * ) SI_UNIT ( .MILLI., .METRE. ) );
#5256 = FILL_AREA_STYLE ('',( #7452 ) ) ;
#5257 = ORIENTED_EDGE ( 'NONE', *, *, #5252, .F. ) ;
#5258 =( LENGTH_UNIT ( ) NAMED_UNIT ( * ) SI_UNIT ( .MILLI., .METRE. ) );
#5259 = AXIS2_PLACEMENT_3D ( 'NONE', #4575, #6292, #5833 ) ;
#5260 = AXIS2_PLACEMENT_3D ( 'NONE', #2893, #1736, #6270 ) ;
#5261 = SURFACE_STYLE_USAGE ( .BOTH. , #72 ) ;
#5262 = CARTESIAN_POINT ( 'NONE',  ( 942.4931468039650326, -1.919175963709589834E-13, 1055.000000000000000 ) ) ;
#5263 = PRESENTATION_STYLE_ASSIGNMENT (( #5648 ) ) ;
#5264 = EDGE_CURVE ( 'NONE', #5618, #4667, #6260, .T. ) ;
#5265 = ORIENTED_EDGE ( 'NONE', *, *, #2981, .T. ) ;
#5266 = AXIS2_PLACEMENT_3D ( 'NONE', #6817, #983, #5182 ) ;
#5267 = CARTESIAN_POINT ( 'NONE',  ( 924.5393258426970533, 30.87235634126948014, 1055.000000000000000 ) ) ;
#5268 =( NAMED_UNIT ( * ) PLANE_ANGLE_UNIT ( ) SI_UNIT ( $, .RADIAN. ) );
#5269 = CARTESIAN_POINT ( 'NONE',  ( 923.0000000000000000, -11.13693180368849944, 1041.363068196310223 ) ) ;
#5270 = FACE_OUTER_BOUND ( 'NONE', #3411, .T. ) ;
#5271 = DIRECTION ( 'NONE',  ( 0.000000000000000000, 0.000000000000000000, 1.000000000000000000 ) ) ;
#5272 = CIRCLE ( 'NONE', #6866, 2.500000000000000444 ) ;
#5273 =( NAMED_UNIT ( * ) SI_UNIT ( $, .STERADIAN. ) SOLID_ANGLE_UNIT ( ) );
#5274 = EDGE_CURVE ( 'NONE', #7188, #4044, #1042, .T. ) ;
#5275 = STYLED_ITEM ( 'NONE', ( #4819 ), #3752 ) ;
#5276 = ADVANCED_FACE ( 'NONE', ( #7375 ), #3944, .T. ) ;
#5277 = EDGE_LOOP ( 'NONE', ( #5567, #6493, #7487, #700 ) ) ;
#5278 = ORIENTED_EDGE ( 'NONE', *, *, #3384, .T. ) ;
#5279 = CARTESIAN_POINT ( 'NONE',  ( 921.5000000000000000, 24.48737093194633019, 1045.458399443666622 ) ) ;
#5280 = COLOUR_RGB ( '',0.2000000000000000111, 0.2000000000000000111, 0.2000000000000000111 ) ;
#5281 = CIRCLE ( 'NONE', #3799, 2.499999999999946709 ) ;
#5282 = ORIENTED_EDGE ( 'NONE', *, *, #7522, .F. ) ;
#5283 = CARTESIAN_POINT ( 'NONE',  ( 923.0000000000000000, 11.13693180368799851, 1043.863068196310223 ) ) ;
#5284 = DIRECTION ( 'NONE',  ( 0.000000000000000000, 0.8910065241883723397, 0.4539904997395379227 ) ) ;
#5285 = CARTESIAN_POINT ( 'NONE',  ( 924.6000000000000227, -23.66758519606889877, 1059.223730556090004 ) ) ;
#5286 = PRESENTATION_STYLE_ASSIGNMENT (( #2965 ) ) ;
#5287 =( GEOMETRIC_REPRESENTATION_CONTEXT ( 3 ) GLOBAL_UNCERTAINTY_ASSIGNED_CONTEXT ( ( #2884 ) ) GLOBAL_UNIT_ASSIGNED_CONTEXT ( ( #6934, #2302, #2856 ) ) REPRESENTATION_CONTEXT ( 'NONE', 'WORKASPACE' ) );
#5288 = ORIENTED_EDGE ( 'NONE', *, *, #4790, .F. ) ;
#5289 = DIRECTION ( 'NONE',  ( -1.000000000000000000, 0.000000000000000000, 0.000000000000000000 ) ) ;
#5290 = FACE_OUTER_BOUND ( 'NONE', #1072, .T. ) ;
#5291 = COLOUR_RGB ( '',0.4000000000000000222, 0.4000000000000000222, 0.4000000000000000222 ) ;
#5292 = CYLINDRICAL_SURFACE ( 'NONE', #1819, 2.999999999999999112 ) ;
#5293 = DIRECTION ( 'NONE',  ( 0.000000000000000000, -1.000000000000000000, 0.000000000000000000 ) ) ;
#5294 = STYLED_ITEM ( 'NONE', ( #3321 ), #772 ) ;
#5295 = CIRCLE ( 'NONE', #3942, 30.52933015970059927 ) ;
#5296 = ORIENTED_EDGE ( 'NONE', *, *, #2840, .F. ) ;
#5297 =( GEOMETRIC_REPRESENTATION_CONTEXT ( 3 ) GLOBAL_UNCERTAINTY_ASSIGNED_CONTEXT ( ( #3947 ) ) GLOBAL_UNIT_ASSIGNED_CONTEXT ( ( #1088, #6256, #3889 ) ) REPRESENTATION_CONTEXT ( 'NONE', 'WORKASPACE' ) );
#5298 = VERTEX_POINT ( 'NONE', #3434 ) ;
#5299 = FACE_OUTER_BOUND ( 'NONE', #5386, .T. ) ;
#5300 = STYLED_ITEM ( 'NONE', ( #516 ), #5436 ) ;
#5301 = FACE_OUTER_BOUND ( 'NONE', #3815, .T. ) ;
#5302 = PRESENTATION_LAYER_ASSIGNMENT (  '', '', ( #6398 ) ) ;
#5303 = ORIENTED_EDGE ( 'NONE', *, *, #5091, .F. ) ;
#5304 = MECHANICAL_DESIGN_GEOMETRIC_PRESENTATION_REPRESENTATION (  '', ( #7392 ), #3219 ) ;
#5305 = SURFACE_SIDE_STYLE ('',( #7035 ) ) ;
#5306 = SURFACE_STYLE_FILL_AREA ( #2988 ) ;
#5307 = CYLINDRICAL_SURFACE ( 'NONE', #7382, 2.749999999999944489 ) ;
#5308 = EDGE_CURVE ( 'NONE', #2600, #104, #5295, .T. ) ;
#5309 = DIRECTION ( 'NONE',  ( 1.000000000000000000, 0.000000000000000000, 0.000000000000000000 ) ) ;
#5310 = PRESENTATION_LAYER_ASSIGNMENT (  '', '', ( #1057 ) ) ;
#5311 = CARTESIAN_POINT ( 'NONE',  ( 921.5000000000000000, 12.25774349296719912, 1030.942823846909960 ) ) ;
#5312 = APPLICATION_CONTEXT ( 'automotive_design' ) ;
#5313 = CARTESIAN_POINT ( 'NONE',  ( 924.5000000000000000, 17.84340921775259758, 1033.457848966442043 ) ) ;
#5314 = FILL_AREA_STYLE_COLOUR ( '', #377 ) ;
#5315 = COLOUR_RGB ( '',0.4000000000000000222, 0.4000000000000000222, 0.4000000000000000222 ) ;
#5316 = CIRCLE ( 'NONE', #5072, 9.799999999999998934 ) ;
#5317 = EDGE_CURVE ( 'NONE', #1329, #2832, #1825, .T. ) ;
#5318 = EDGE_CURVE ( 'NONE', #7069, #3387, #419, .T. ) ;
#5319 = ORIENTED_EDGE ( 'NONE', *, *, #7435, .F. ) ;
#5320 = DIRECTION ( 'NONE',  ( 0.000000000000000000, -1.000000000000000000, 0.000000000000000000 ) ) ;
#5321 = DIRECTION ( 'NONE',  ( -1.000000000000000000, 0.000000000000000000, 0.000000000000000000 ) ) ;
#5322 = DIRECTION ( 'NONE',  ( 0.000000000000000000, -1.000000000000000000, 0.000000000000000000 ) ) ;
#5323 = CARTESIAN_POINT ( 'NONE',  ( 921.5000000000000000, -24.05717615308610391, 1067.257743492970121 ) ) ;
#5324 = FILL_AREA_STYLE ('',( #2485 ) ) ;
#5325 = ORIENTED_EDGE ( 'NONE', *, *, #3595, .F. ) ;
#5326 = FILL_AREA_STYLE_COLOUR ( '', #3798 ) ;
#5327 = COLOUR_RGB ( '',0.4000000000000000222, 0.4000000000000000222, 0.4000000000000000222 ) ;
#5328 = AXIS2_PLACEMENT_3D ( 'NONE', #3235, #2117, #4406 ) ;
#5329 = DIRECTION ( 'NONE',  ( 0.000000000000000000, 1.000000000000000000, 0.000000000000000000 ) ) ;
#5330 = SURFACE_STYLE_USAGE ( .BOTH. , #7057 ) ;
#5331 = AXIS2_PLACEMENT_3D ( 'NONE', #1453, #4242, #3755 ) ;
#5332 = EDGE_LOOP ( 'NONE', ( #3757, #5878 ) ) ;
#5333 = PRESENTATION_STYLE_ASSIGNMENT (( #4988 ) ) ;
#5334 = EDGE_LOOP ( 'NONE', ( #3597, #2027, #2521, #2812 ) ) ;
#5335 = CIRCLE ( 'NONE', #1837, 19.50000000000000000 ) ;
#5336 = PRESENTATION_STYLE_ASSIGNMENT (( #680 ) ) ;
#5337 = SURFACE_STYLE_FILL_AREA ( #1270 ) ;
#5338 = FILL_AREA_STYLE_COLOUR ( '', #4728 ) ;
#5339 = ORIENTED_EDGE ( 'NONE', *, *, #1019, .T. ) ;
#5340 = STYLED_ITEM ( 'NONE', ( #3861 ), #563 ) ;
#5341 = PLANE ( 'NONE',  #305 ) ;
#5342 = DIRECTION ( 'NONE',  ( 1.000000000000000000, 0.000000000000000000, 0.000000000000000000 ) ) ;
#5343 =( NAMED_UNIT ( * ) SI_UNIT ( $, .STERADIAN. ) SOLID_ANGLE_UNIT ( ) );
#5344 = FILL_AREA_STYLE ('',( #6499 ) ) ;
#5345 = COLOUR_RGB ( '',0.2000000000000000111, 0.2000000000000000111, 0.2000000000000000111 ) ;
#5346 = ADVANCED_FACE ( 'NONE', ( #6049 ), #6394, .F. ) ;
#5347 = ORIENTED_EDGE ( 'NONE', *, *, #3860, .F. ) ;
#5348 = DIRECTION ( 'NONE',  ( 0.000000000000000000, -0.7071067811865446862, -0.7071067811865503483 ) ) ;
#5349 = CYLINDRICAL_SURFACE ( 'NONE', #906, 2.499999999999946709 ) ;
#5350 = ORIENTED_EDGE ( 'NONE', *, *, #1591, .F. ) ;
#5351 = SURFACE_SIDE_STYLE ('',( #1879 ) ) ;
#5352 = LINE ( 'NONE', #4193, #2713 ) ;
#5353 = LINE ( 'NONE', #122, #193 ) ;
#5354 = EDGE_CURVE ( 'NONE', #467, #185, #831, .T. ) ;
#5355 = ORIENTED_EDGE ( 'NONE', *, *, #7469, .F. ) ;
#5356 =( NAMED_UNIT ( * ) SI_UNIT ( $, .STERADIAN. ) SOLID_ANGLE_UNIT ( ) );
#5357 = CARTESIAN_POINT ( 'NONE',  ( 923.6000000000000227, -30.52933015970080177, 1055.000000000000000 ) ) ;
#5358 = PRESENTATION_STYLE_ASSIGNMENT (( #1887 ) ) ;
#5359 = DIRECTION ( 'NONE',  ( 1.000000000000000000, 0.000000000000000000, 0.000000000000000000 ) ) ;
#5360 = AXIS2_PLACEMENT_3D ( 'NONE', #4866, #830, #4207 ) ;
#5361 = DIRECTION ( 'NONE',  ( 0.000000000000000000, -1.000000000000000000, 0.000000000000000000 ) ) ;
#5362 = EDGE_CURVE ( 'NONE', #4086, #7091, #4981, .T. ) ;
#5363 = ORIENTED_EDGE ( 'NONE', *, *, #2491, .T. ) ;
#5364 = PLANE ( 'NONE',  #5131 ) ;
#5365 = AXIS2_PLACEMENT_3D ( 'NONE', #718, #6630, #3050 ) ;
#5366 = ORIENTED_EDGE ( 'NONE', *, *, #969, .T. ) ;
#5367 = DIRECTION ( 'NONE',  ( -1.000000000000000000, 0.000000000000000000, 0.000000000000000000 ) ) ;
#5368 = FILL_AREA_STYLE_COLOUR ( '', #1537 ) ;
#5369 = PRESENTATION_STYLE_ASSIGNMENT (( #2464 ) ) ;
#5370 = CARTESIAN_POINT ( 'NONE',  ( 921.5000000000000000, -24.05717615308610391, 1067.257743492970121 ) ) ;
#5371 = MECHANICAL_DESIGN_GEOMETRIC_PRESENTATION_REPRESENTATION (  '', ( #3429 ), #6353 ) ;
#5372 = ORIENTED_EDGE ( 'NONE', *, *, #2974, .F. ) ;
#5373 = CARTESIAN_POINT ( 'NONE',  ( 920.1416456863189524, -0.6390067315924209401, 1014.049929217579916 ) ) ;
#5374 = PRESENTATION_STYLE_ASSIGNMENT (( #3096 ) ) ;
#5375 = ORIENTED_EDGE ( 'NONE', *, *, #2869, .F. ) ;
#5376 = CIRCLE ( 'NONE', #17, 2.999999999999999112 ) ;
#5377 = LINE ( 'NONE', #3770, #7505 ) ;
#5378 = DIRECTION ( 'NONE',  ( 1.000000000000000000, 0.000000000000000000, 0.000000000000000000 ) ) ;
#5379 = UNCERTAINTY_MEASURE_WITH_UNIT (LENGTH_MEASURE( 1.000000000000000082E-05 ), #907, 'distance_accuracy_value', 'NONE');
#5380 = SURFACE_STYLE_USAGE ( .BOTH. , #112 ) ;
#5381 = CIRCLE ( 'NONE', #6982, 2.750000000000000000 ) ;
#5382 = STYLED_ITEM ( 'NONE', ( #1339 ), #3584 ) ;
#5383 = DIRECTION ( 'NONE',  ( 1.000000000000000000, 0.000000000000000000, 0.000000000000000000 ) ) ;
#5384 = SURFACE_STYLE_USAGE ( .BOTH. , #1321 ) ;
#5385 = LINE ( 'NONE', #47, #4179 ) ;
#5386 = EDGE_LOOP ( 'NONE', ( #7430, #4007, #7477, #7021 ) ) ;
#5387 = FILL_AREA_STYLE_COLOUR ( '', #5041 ) ;
#5388 = DIRECTION ( 'NONE',  ( 0.000000000000000000, -1.000000000000000000, 0.000000000000000000 ) ) ;
#5389 =( GEOMETRIC_REPRESENTATION_CONTEXT ( 3 ) GLOBAL_UNCERTAINTY_ASSIGNED_CONTEXT ( ( #6218 ) ) GLOBAL_UNIT_ASSIGNED_CONTEXT ( ( #6744, #4333, #2647 ) ) REPRESENTATION_CONTEXT ( 'NONE', 'WORKASPACE' ) );
#5390 = CARTESIAN_POINT ( 'NONE',  ( 924.6000000000000227, 19.09188309203670286, 1074.091883092039780 ) ) ;
#5391 = ADVANCED_FACE ( 'NONE', ( #6167 ), #6783, .T. ) ;
#5392 = CIRCLE ( 'NONE', #2127, 2.750000000000004885 ) ;
#5393 = FACE_OUTER_BOUND ( 'NONE', #3230, .T. ) ;
#5394 = PRESENTATION_LAYER_ASSIGNMENT (  '', '', ( #2011 ) ) ;
#5395 =( GEOMETRIC_REPRESENTATION_CONTEXT ( 3 ) GLOBAL_UNCERTAINTY_ASSIGNED_CONTEXT ( ( #6377 ) ) GLOBAL_UNIT_ASSIGNED_CONTEXT ( ( #4382, #421, #6186 ) ) REPRESENTATION_CONTEXT ( 'NONE', 'WORKASPACE' ) );
#5396 = VERTEX_POINT ( 'NONE', #4012 ) ;
#5397 = DIRECTION ( 'NONE',  ( -1.000000000000000000, 0.000000000000000000, 0.000000000000000000 ) ) ;
#5398 = LINE ( 'NONE', #666, #4104 ) ;
#5399 = UNCERTAINTY_MEASURE_WITH_UNIT (LENGTH_MEASURE( 1.000000000000000082E-05 ), #1551, 'distance_accuracy_value', 'NONE');
#5400 = DIRECTION ( 'NONE',  ( 1.000000000000000000, 0.000000000000000000, 0.000000000000000000 ) ) ;
#5401 = EDGE_CURVE ( 'NONE', #4119, #6036, #3951, .T. ) ;
#5402 = CIRCLE ( 'NONE', #7239, 2.749999999999999112 ) ;
#5403 = AXIS2_PLACEMENT_3D ( 'NONE', #4837, #832, #220 ) ;
#5404 = ORIENTED_EDGE ( 'NONE', *, *, #2981, .F. ) ;
#5405 = AXIS2_PLACEMENT_3D ( 'NONE', #1127, #5754, #6375 ) ;
#5406 = SURFACE_STYLE_FILL_AREA ( #1860 ) ;
#5407 = DIRECTION ( 'NONE',  ( 0.000000000000000000, 1.000000000000000000, 0.000000000000000000 ) ) ;
#5408 = DIRECTION ( 'NONE',  ( 0.000000000000000000, 1.000000000000000000, 0.000000000000000000 ) ) ;
#5409 = VERTEX_POINT ( 'NONE', #5285 ) ;
#5410 = DIRECTION ( 'NONE',  ( 1.000000000000000000, 0.000000000000000000, 0.000000000000000000 ) ) ;
#5411 = ADVANCED_FACE ( 'NONE', ( #5734 ), #6310, .F. ) ;
#5412 = VECTOR ( 'NONE', #1877, 1000.000000000000000 ) ;
#5413 = FILL_AREA_STYLE_COLOUR ( '', #4553 ) ;
#5414 =( NAMED_UNIT ( * ) PLANE_ANGLE_UNIT ( ) SI_UNIT ( $, .RADIAN. ) );
#5415 = CARTESIAN_POINT ( 'NONE',  ( 930.0000000000000000, -11.13693180368849944, 1041.363068196310223 ) ) ;
#5416 = STYLED_ITEM ( 'NONE', ( #376 ), #1901 ) ;
#5417 = ORIENTED_EDGE ( 'NONE', *, *, #6460, .F. ) ;
#5418 = CARTESIAN_POINT ( 'NONE',  ( 924.6000000000000227, -12.25774349296800203, 1030.942823846909960 ) ) ;
#5419 = CARTESIAN_POINT ( 'NONE',  ( 924.5000000000000000, 21.54215103355522487, 1072.843409217746057 ) ) ;
#5420 = PRESENTATION_LAYER_ASSIGNMENT (  '', '', ( #7015 ) ) ;
#5421 = ORIENTED_EDGE ( 'NONE', *, *, #1460, .T. ) ;
#5422 = PRESENTATION_STYLE_ASSIGNMENT (( #1383 ) ) ;
#5423 = LINE ( 'NONE', #762, #4187 ) ;
#5424 = AXIS2_PLACEMENT_3D ( 'NONE', #7377, #3506, #2379 ) ;
#5425 = CIRCLE ( 'NONE', #2157, 40.95505617977519819 ) ;
#5426 =( NAMED_UNIT ( * ) SI_UNIT ( $, .STERADIAN. ) SOLID_ANGLE_UNIT ( ) );
#5427 = VECTOR ( 'NONE', #1545, 1000.000000000000000 ) ;
#5428 = PRESENTATION_STYLE_ASSIGNMENT (( #1433 ) ) ;
#5429 = VECTOR ( 'NONE', #2799, 1000.000000000000000 ) ;
#5430 = PRESENTATION_STYLE_ASSIGNMENT (( #926 ) ) ;
#5431 = EDGE_LOOP ( 'NONE', ( #3832, #6162 ) ) ;
#5432 =( NAMED_UNIT ( * ) SI_UNIT ( $, .STERADIAN. ) SOLID_ANGLE_UNIT ( ) );
#5433 = CIRCLE ( 'NONE', #1549, 2.999999999999999112 ) ;
#5434 =( LENGTH_UNIT ( ) NAMED_UNIT ( * ) SI_UNIT ( .MILLI., .METRE. ) );
#5435 = CYLINDRICAL_SURFACE ( 'NONE', #3844, 2.749999999999998668 ) ;
#5436 = ADVANCED_FACE ( 'NONE', ( #1773 ), #11, .T. ) ;
#5437 = ORIENTED_EDGE ( 'NONE', *, *, #653, .F. ) ;
#5438 = CARTESIAN_POINT ( 'NONE',  ( 921.5000000000000000, 26.66758519606849731, 1059.223730556090004 ) ) ;
#5439 = LINE ( 'NONE', #818, #4850 ) ;
#5440 =( LENGTH_UNIT ( ) NAMED_UNIT ( * ) SI_UNIT ( .MILLI., .METRE. ) );
#5441 = UNCERTAINTY_MEASURE_WITH_UNIT (LENGTH_MEASURE( 1.000000000000000082E-05 ), #1679, 'distance_accuracy_value', 'NONE');
#5442 = CIRCLE ( 'NONE', #4329, 25.00000000000000000 ) ;
#5443 = CARTESIAN_POINT ( 'NONE',  ( 923.6000000000000227, -2.010242600179049728E-13, 1055.000000000000000 ) ) ;
#5444 = EDGE_CURVE ( 'NONE', #2615, #4931, #6271, .T. ) ;
#5445 = ORIENTED_EDGE ( 'NONE', *, *, #7293, .T. ) ;
#5446 = COLOUR_RGB ( '',0.4000000000000000222, 0.4000000000000000222, 0.4000000000000000222 ) ;
#5447 = CARTESIAN_POINT ( 'NONE',  ( 919.8308011524693484, 0.4029131133331925740, 1013.686888659545161 ) ) ;
#5448 = DIRECTION ( 'NONE',  ( 1.000000000000000000, 0.000000000000000000, 0.000000000000000000 ) ) ;
#5449 = ORIENTED_EDGE ( 'NONE', *, *, #1354, .T. ) ;
#5450 = DIRECTION ( 'NONE',  ( 0.000000000000000000, -0.4539904997395672881, 0.8910065241883574627 ) ) ;
#5451 = FACE_BOUND ( 'NONE', #4722, .T. ) ;
#5452 = PRESENTATION_STYLE_ASSIGNMENT (( #5977 ) ) ;
#5453 = CIRCLE ( 'NONE', #2552, 2.750000000000000000 ) ;
#5454 = EDGE_CURVE ( 'NONE', #2194, #1167, #5700, .T. ) ;
#5455 = ORIENTED_EDGE ( 'NONE', *, *, #1261, .F. ) ;
#5456 =( LENGTH_UNIT ( ) NAMED_UNIT ( * ) SI_UNIT ( .MILLI., .METRE. ) );
#5457 = STYLED_ITEM ( 'NONE', ( #5667 ), #259 ) ;
#5458 = VERTEX_POINT ( 'NONE', #1216 ) ;
#5459 = DIRECTION ( 'NONE',  ( 1.000000000000000000, -2.198461434901300061E-16, 0.000000000000000000 ) ) ;
#5460 = CARTESIAN_POINT ( 'NONE',  ( 925.6000000000000227, -1.897913638880529876E-13, 1055.000000000000000 ) ) ;
#5461 = CIRCLE ( 'NONE', #5823, 2.499999999999946709 ) ;
#5462 = EDGE_CURVE ( 'NONE', #6933, #4233, #3375, .T. ) ;
#5463 = CARTESIAN_POINT ( 'NONE',  ( 971.5000000000000000, -27.91605907035267720, 1053.226537385427946 ) ) ;
#5464 = ORIENTED_EDGE ( 'NONE', *, *, #6943, .F. ) ;
#5465 = FILL_AREA_STYLE ('',( #4345 ) ) ;
#5466 =( LENGTH_UNIT ( ) NAMED_UNIT ( * ) SI_UNIT ( .MILLI., .METRE. ) );
#5467 = ORIENTED_EDGE ( 'NONE', *, *, #3867, .F. ) ;
#5468 = ORIENTED_EDGE ( 'NONE', *, *, #418, .F. ) ;
#5469 =( NAMED_UNIT ( * ) SI_UNIT ( $, .STERADIAN. ) SOLID_ANGLE_UNIT ( ) );
#5470 = CARTESIAN_POINT ( 'NONE',  ( 919.5467569988815058, -0.004383359214268947070, 1013.544680618679195 ) ) ;
#5471 = VECTOR ( 'NONE', #1482, 1000.000000000000000 ) ;
#5472 = UNCERTAINTY_MEASURE_WITH_UNIT (LENGTH_MEASURE( 1.000000000000000082E-05 ), #1934, 'distance_accuracy_value', 'NONE');
#5473 = ORIENTED_EDGE ( 'NONE', *, *, #4665, .T. ) ;
#5474 = DIRECTION ( 'NONE',  ( -1.000000000000000000, 0.000000000000000000, 0.000000000000000000 ) ) ;
#5475 = ORIENTED_EDGE ( 'NONE', *, *, #6131, .T. ) ;
#5476 = PRESENTATION_STYLE_ASSIGNMENT (( #319 ) ) ;
#5477 = STYLED_ITEM ( 'NONE', ( #5788 ), #2715 ) ;
#5478 = FILL_AREA_STYLE ('',( #5413 ) ) ;
#5479 = EDGE_CURVE ( 'NONE', #658, #6, #4881, .T. ) ;
#5480 = CIRCLE ( 'NONE', #3169, 3.000000000000000000 ) ;
#5481 = FACE_OUTER_BOUND ( 'NONE', #12, .T. ) ;
#5482 = FACE_OUTER_BOUND ( 'NONE', #1582, .T. ) ;
#5483 = FACE_BOUND ( 'NONE', #7013, .T. ) ;
#5484 = FILL_AREA_STYLE_COLOUR ( '', #6417 ) ;
#5485 =( LENGTH_UNIT ( ) NAMED_UNIT ( * ) SI_UNIT ( .MILLI., .METRE. ) );
#5486 = VERTEX_POINT ( 'NONE', #3164 ) ;
#5487 = CARTESIAN_POINT ( 'NONE',  ( 930.0000000000000000, 9.257743492967700050, 1079.057176153090040 ) ) ;
#5488 = EDGE_CURVE ( 'NONE', #3408, #5660, #1672, .T. ) ;
#5489 = CARTESIAN_POINT ( 'NONE',  ( 921.5000000000000000, -27.05717615308610036, 1042.742256507029879 ) ) ;
#5490 =( NAMED_UNIT ( * ) PLANE_ANGLE_UNIT ( ) SI_UNIT ( $, .RADIAN. ) );
#5491 = DIRECTION ( 'NONE',  ( -1.000000000000000000, 1.258636124801849761E-16, 0.000000000000000000 ) ) ;
#5492 = SURFACE_SIDE_STYLE ('',( #844 ) ) ;
#5493 = VERTEX_POINT ( 'NONE', #5489 ) ;
#5494 = CARTESIAN_POINT ( 'NONE',  ( 942.4931468039650326, -1.919175963709589834E-13, 1055.000000000000000 ) ) ;
#5495 = AXIS2_PLACEMENT_3D ( 'NONE', #6415, #4651, #1200 ) ;
#5496 =( GEOMETRIC_REPRESENTATION_CONTEXT ( 3 ) GLOBAL_UNCERTAINTY_ASSIGNED_CONTEXT ( ( #7174 ) ) GLOBAL_UNIT_ASSIGNED_CONTEXT ( ( #5258, #2980, #3547 ) ) REPRESENTATION_CONTEXT ( 'NONE', 'WORKASPACE' ) );
#5497 = VECTOR ( 'NONE', #4516, 1000.000000000000000 ) ;
#5498 = ORIENTED_EDGE ( 'NONE', *, *, #4991, .T. ) ;
#5499 =( LENGTH_UNIT ( ) NAMED_UNIT ( * ) SI_UNIT ( .MILLI., .METRE. ) );
#5500 = FILL_AREA_STYLE ('',( #5007 ) ) ;
#5501 = LINE ( 'NONE', #895, #4284 ) ;
#5502 = MECHANICAL_DESIGN_GEOMETRIC_PRESENTATION_REPRESENTATION (  '', ( #3794 ), #520 ) ;
#5503 = CIRCLE ( 'NONE', #4526, 2.999999999999999112 ) ;
#5504 = MECHANICAL_DESIGN_GEOMETRIC_PRESENTATION_REPRESENTATION (  '', ( #1267 ), #5395 ) ;
#5505 = ORIENTED_EDGE ( 'NONE', *, *, #5826, .T. ) ;
#5506 =( GEOMETRIC_REPRESENTATION_CONTEXT ( 3 ) GLOBAL_UNCERTAINTY_ASSIGNED_CONTEXT ( ( #1506 ) ) GLOBAL_UNIT_ASSIGNED_CONTEXT ( ( #6084, #7529, #5065 ) ) REPRESENTATION_CONTEXT ( 'NONE', 'WORKASPACE' ) );
#5507 = CARTESIAN_POINT ( 'NONE',  ( 921.5000000000000000, 19.09188309203640088, 1035.908116907959993 ) ) ;
#5508 =( GEOMETRIC_REPRESENTATION_CONTEXT ( 3 ) GLOBAL_UNCERTAINTY_ASSIGNED_CONTEXT ( ( #424 ) ) GLOBAL_UNIT_ASSIGNED_CONTEXT ( ( #4468, #2569, #4865 ) ) REPRESENTATION_CONTEXT ( 'NONE', 'WORKASPACE' ) );
#5509 = ORIENTED_EDGE ( 'NONE', *, *, #4307, .T. ) ;
#5510 = DIRECTION ( 'NONE',  ( 0.000000000000000000, -1.000000000000000000, 0.000000000000000000 ) ) ;
#5511 = DIRECTION ( 'NONE',  ( 0.000000000000000000, -1.000000000000000000, 0.000000000000000000 ) ) ;
#5512 = PRESENTATION_STYLE_ASSIGNMENT (( #5021 ) ) ;
#5513 = DIRECTION ( 'NONE',  ( 0.000000000000000000, 1.000000000000000000, 0.000000000000000000 ) ) ;
#5514 = SURFACE_SIDE_STYLE ('',( #6087 ) ) ;
#5515 = SURFACE_SIDE_STYLE ('',( #3191 ) ) ;
#5516 = DIRECTION ( 'NONE',  ( 1.000000000000000000, 0.000000000000000000, 0.000000000000000000 ) ) ;
#5517 = MECHANICAL_DESIGN_GEOMETRIC_PRESENTATION_REPRESENTATION (  '', ( #3578 ), #6509 ) ;
#5518 = VERTEX_POINT ( 'NONE', #3005 ) ;
#5519 = EDGE_CURVE ( 'NONE', #7286, #3586, #3821, .T. ) ;
#5520 = LINE ( 'NONE', #6603, #81 ) ;
#5521 = PRESENTATION_STYLE_ASSIGNMENT (( #1581 ) ) ;
#5522 = ORIENTED_EDGE ( 'NONE', *, *, #3642, .F. ) ;
#5523 = DIRECTION ( 'NONE',  ( -1.000000000000000000, 0.000000000000000000, 0.000000000000000000 ) ) ;
#5524 = DIRECTION ( 'NONE',  ( -1.000000000000000000, 0.000000000000000000, 0.000000000000000000 ) ) ;
#5525 = PLANE ( 'NONE',  #1633 ) ;
#5526 = SURFACE_SIDE_STYLE ('',( #6678 ) ) ;
#5527 = STYLED_ITEM ( 'NONE', ( #5422 ), #5080 ) ;
#5528 = CARTESIAN_POINT ( 'NONE',  ( 925.0000000000000000, -1.906009104440549693E-13, 1070.750000000000000 ) ) ;
#5529 = DIRECTION ( 'NONE',  ( 1.000000000000000000, 0.000000000000000000, 0.000000000000000000 ) ) ;
#5530 = VECTOR ( 'NONE', #3997, 1000.000000000000000 ) ;
#5531 =( GEOMETRIC_REPRESENTATION_CONTEXT ( 3 ) GLOBAL_UNCERTAINTY_ASSIGNED_CONTEXT ( ( #3402 ) ) GLOBAL_UNIT_ASSIGNED_CONTEXT ( ( #2923, #6857, #3531 ) ) REPRESENTATION_CONTEXT ( 'NONE', 'WORKASPACE' ) );
#5532 = ADVANCED_FACE ( 'NONE', ( #3240 ), #3568, .T. ) ;
#5533 =( NAMED_UNIT ( * ) SI_UNIT ( $, .STERADIAN. ) SOLID_ANGLE_UNIT ( ) );
#5534 = CARTESIAN_POINT ( 'NONE',  ( 924.5393258426970533, -0.4950567504594161061, 1024.131613179890110 ) ) ;
#5535 = FILL_AREA_STYLE_COLOUR ( '', #5179 ) ;
#5536 = COLOUR_RGB ( '',0.4000000000000000222, 0.4000000000000000222, 0.4000000000000000222 ) ;
#5537 = CIRCLE ( 'NONE', #7520, 2.749999999999999112 ) ;
#5538 = SURFACE_SIDE_STYLE ('',( #4238 ) ) ;
#5539 = ORIENTED_EDGE ( 'NONE', *, *, #1224, .F. ) ;
#5540 = EDGE_CURVE ( 'NONE', #355, #5708, #6022, .T. ) ;
#5541 = ORIENTED_EDGE ( 'NONE', *, *, #1566, .T. ) ;
#5542 = DIRECTION ( 'NONE',  ( 0.7911535738303736576, -0.4999999999999997780, -0.3522442655536463518 ) ) ;
#5543 = EDGE_CURVE ( 'NONE', #860, #1390, #5537, .T. ) ;
#5544 =( GEOMETRIC_REPRESENTATION_CONTEXT ( 3 ) GLOBAL_UNCERTAINTY_ASSIGNED_CONTEXT ( ( #5968 ) ) GLOBAL_UNIT_ASSIGNED_CONTEXT ( ( #4035, #4108, #2983 ) ) REPRESENTATION_CONTEXT ( 'NONE', 'WORKASPACE' ) );
#5545 = DIRECTION ( 'NONE',  ( 0.000000000000000000, -1.000000000000000000, 0.000000000000000000 ) ) ;
#5546 = MECHANICAL_DESIGN_GEOMETRIC_PRESENTATION_REPRESENTATION (  '', ( #3828 ), #3910 ) ;
#5547 = PRESENTATION_STYLE_ASSIGNMENT (( #7354 ) ) ;
#5548 = UNCERTAINTY_MEASURE_WITH_UNIT (LENGTH_MEASURE( 1.000000000000000082E-05 ), #5846, 'distance_accuracy_value', 'NONE');
#5549 = DIRECTION ( 'NONE',  ( 0.000000000000000000, 0.000000000000000000, 1.000000000000000000 ) ) ;
#5550 = COLOUR_RGB ( '',0.2000000000000000111, 0.2000000000000000111, 0.2000000000000000111 ) ;
#5551 = PRESENTATION_LAYER_ASSIGNMENT (  '', '', ( #4321 ) ) ;
#5552 = ADVANCED_FACE ( 'NONE', ( #841 ), #4918, .T. ) ;
#5553 = EDGE_LOOP ( 'NONE', ( #1895, #1540, #3972, #5303 ) ) ;
#5554 =( GEOMETRIC_REPRESENTATION_CONTEXT ( 3 ) GLOBAL_UNCERTAINTY_ASSIGNED_CONTEXT ( ( #7228 ) ) GLOBAL_UNIT_ASSIGNED_CONTEXT ( ( #4614, #3484, #2359 ) ) REPRESENTATION_CONTEXT ( 'NONE', 'WORKASPACE' ) );
#5555 = DIRECTION ( 'NONE',  ( 0.000000000000000000, -1.000000000000000000, 0.000000000000000000 ) ) ;
#5556 = PRESENTATION_STYLE_ASSIGNMENT (( #1968 ) ) ;
#5557 = SURFACE_SIDE_STYLE ('',( #2080 ) ) ;
#5558 = DIRECTION ( 'NONE',  ( 1.000000000000000000, 0.000000000000000000, 0.000000000000000000 ) ) ;
#5559 =( NAMED_UNIT ( * ) SI_UNIT ( $, .STERADIAN. ) SOLID_ANGLE_UNIT ( ) );
#5560 = DIRECTION ( 'NONE',  ( 0.000000000000000000, -1.000000000000000000, 0.000000000000000000 ) ) ;
#5561 = SURFACE_SIDE_STYLE ('',( #4840 ) ) ;
#5562 = STYLED_ITEM ( 'NONE', ( #3158 ), #7097 ) ;
#5563 = MECHANICAL_DESIGN_GEOMETRIC_PRESENTATION_REPRESENTATION (  '', ( #1319 ), #3244 ) ;
#5564 =( NAMED_UNIT ( * ) SI_UNIT ( $, .STERADIAN. ) SOLID_ANGLE_UNIT ( ) );
#5565 = CARTESIAN_POINT ( 'NONE',  ( 921.5000000000000000, 19.09188309203650036, 1035.908116907959993 ) ) ;
#5566 = FILL_AREA_STYLE_COLOUR ( '', #695 ) ;
#5567 = ORIENTED_EDGE ( 'NONE', *, *, #5857, .T. ) ;
#5568 = CARTESIAN_POINT ( 'NONE',  ( 919.5613167987351062, 0.06893551719419145629, 1013.549328984422800 ) ) ;
#5569 = DIRECTION ( 'NONE',  ( 0.000000000000000000, -1.000000000000000000, 0.000000000000000000 ) ) ;
#5570 = CARTESIAN_POINT ( 'NONE',  ( 921.5000000000000000, -26.66758519606889877, 1059.223730556090004 ) ) ;
#5571 = PRESENTATION_STYLE_ASSIGNMENT (( #1741 ) ) ;
#5572 = PRESENTATION_LAYER_ASSIGNMENT (  '', '', ( #1319 ) ) ;
#5573 = FACE_OUTER_BOUND ( 'NONE', #1015, .T. ) ;
#5574 = FILL_AREA_STYLE ('',( #4412 ) ) ;
#5575 =( NAMED_UNIT ( * ) PLANE_ANGLE_UNIT ( ) SI_UNIT ( $, .RADIAN. ) );
#5576 =( LENGTH_UNIT ( ) NAMED_UNIT ( * ) SI_UNIT ( .MILLI., .METRE. ) );
#5577 =( NAMED_UNIT ( * ) SI_UNIT ( $, .STERADIAN. ) SOLID_ANGLE_UNIT ( ) );
#5578 = DIRECTION ( 'NONE',  ( 0.000000000000000000, -1.000000000000000000, 0.000000000000000000 ) ) ;
#5579 = VECTOR ( 'NONE', #522, 1000.000000000000000 ) ;
#5580 = EDGE_CURVE ( 'NONE', #248, #1427, #1805, .T. ) ;
#5581 = CYLINDRICAL_SURFACE ( 'NONE', #3831, 2.999999999999999112 ) ;
#5582 = PRESENTATION_STYLE_ASSIGNMENT (( #3743 ) ) ;
#5583 = VERTEX_POINT ( 'NONE', #6875 ) ;
#5584 = EDGE_LOOP ( 'NONE', ( #6652, #7433 ) ) ;
#5585 = LINE ( 'NONE', #6223, #4398 ) ;
#5586 = MECHANICAL_DESIGN_GEOMETRIC_PRESENTATION_REPRESENTATION (  '', ( #4605 ), #6127 ) ;
#5587 = PRESENTATION_STYLE_ASSIGNMENT (( #2629 ) ) ;
#5588 = FILL_AREA_STYLE_COLOUR ( '', #4411 ) ;
#5589 =( LENGTH_UNIT ( ) NAMED_UNIT ( * ) SI_UNIT ( .MILLI., .METRE. ) );
#5590 = EDGE_CURVE ( 'NONE', #4423, #4063, #5605, .T. ) ;
#5591 = EDGE_LOOP ( 'NONE', ( #4027, #6149, #7295, #430 ) ) ;
#5592 = FILL_AREA_STYLE_COLOUR ( '', #1481 ) ;
#5593 = CARTESIAN_POINT ( 'NONE',  ( 924.6000000000000227, -1.896655002755729855E-13, 1055.000000000000000 ) ) ;
#5594 = EDGE_CURVE ( 'NONE', #3540, #2754, #2881, .T. ) ;
#5595 = COLOUR_RGB ( '',0.4000000000000000222, 0.4000000000000000222, 0.4000000000000000222 ) ;
#5596 = FILL_AREA_STYLE_COLOUR ( '', #6091 ) ;
#5597 = DIRECTION ( 'NONE',  ( -1.000000000000000000, 0.000000000000000000, 0.000000000000000000 ) ) ;
#5598 = ORIENTED_EDGE ( 'NONE', *, *, #340, .T. ) ;
#5599 = MECHANICAL_DESIGN_GEOMETRIC_PRESENTATION_REPRESENTATION (  '', ( #113 ), #5240 ) ;
#5600 = DIRECTION ( 'NONE',  ( 1.000000000000000000, 0.000000000000000000, 0.000000000000000000 ) ) ;
#5601 = EDGE_LOOP ( 'NONE', ( #1563, #1878, #2014, #1133 ) ) ;
#5602 = CARTESIAN_POINT ( 'NONE',  ( 921.5000000000000000, 6.673998497603653490, 1029.580888678213796 ) ) ;
#5603 = AXIS2_PLACEMENT_3D ( 'NONE', #4241, #537, #4830 ) ;
#5604 = DIRECTION ( 'NONE',  ( -1.000000000000000000, 1.258636124801849761E-16, 0.000000000000000000 ) ) ;
#5605 = LINE ( 'NONE', #2203, #5427 ) ;
#5606 = DIRECTION ( 'NONE',  ( 0.000000000000000000, 0.1564344650402259007, 0.9876883405951384365 ) ) ;
#5607 = LINE ( 'NONE', #6061, #4765 ) ;
#5608 = AXIS2_PLACEMENT_3D ( 'NONE', #7499, #5825, #6407 ) ;
#5609 = PLANE ( 'NONE',  #5742 ) ;
#5610 = LINE ( 'NONE', #2802, #5764 ) ;
#5611 = CARTESIAN_POINT ( 'NONE',  ( 921.5000000000000000, -24.05717615308610391, 1042.742256507029879 ) ) ;
#5612 = UNCERTAINTY_MEASURE_WITH_UNIT (LENGTH_MEASURE( 1.000000000000000082E-05 ), #2575, 'distance_accuracy_value', 'NONE');
#5613 =( LENGTH_UNIT ( ) NAMED_UNIT ( * ) SI_UNIT ( .MILLI., .METRE. ) );
#5614 = ADVANCED_BREP_SHAPE_REPRESENTATION ( 'J6', ( #7093, #1400 ), #5506 ) ;
#5615 = ORIENTED_EDGE ( 'NONE', *, *, #6695, .F. ) ;
#5616 = ORIENTED_EDGE ( 'NONE', *, *, #5540, .T. ) ;
#5617 = DIRECTION ( 'NONE',  ( 0.000000000000000000, 1.000000000000000000, 0.000000000000000000 ) ) ;
#5618 = VERTEX_POINT ( 'NONE', #2837 ) ;
#5619 = DIRECTION ( 'NONE',  ( -1.000000000000000000, 0.000000000000000000, 0.000000000000000000 ) ) ;
#5620 = DIRECTION ( 'NONE',  ( 0.000000000000000000, 1.000000000000000000, 0.000000000000000000 ) ) ;
#5621 = ADVANCED_FACE ( 'NONE', ( #6913 ), #4524, .T. ) ;
#5622 = STYLED_ITEM ( 'NONE', ( #2403 ), #3994 ) ;
#5623 = UNCERTAINTY_MEASURE_WITH_UNIT (LENGTH_MEASURE( 1.000000000000000082E-05 ), #5768, 'distance_accuracy_value', 'NONE');
#5624 = FACE_OUTER_BOUND ( 'NONE', #4943, .T. ) ;
#5625 = VECTOR ( 'NONE', #6894, 1000.000000000000000 ) ;
#5626 =( GEOMETRIC_REPRESENTATION_CONTEXT ( 3 ) GLOBAL_UNCERTAINTY_ASSIGNED_CONTEXT ( ( #5165 ) ) GLOBAL_UNIT_ASSIGNED_CONTEXT ( ( #5199, #1161, #574 ) ) REPRESENTATION_CONTEXT ( 'NONE', 'WORKASPACE' ) );
#5627 = AXIS2_PLACEMENT_3D ( 'NONE', #4568, #2835, #5156 ) ;
#5628 = EDGE_LOOP ( 'NONE', ( #1535, #2778, #982, #7512 ) ) ;
#5629 = CARTESIAN_POINT ( 'NONE',  ( 971.5000000000000000, 26.66758519606860034, 1050.776269443909996 ) ) ;
#5630 = DIRECTION ( 'NONE',  ( -1.000000000000000000, 0.000000000000000000, 0.000000000000000000 ) ) ;
#5631 = EDGE_CURVE ( 'NONE', #6933, #4308, #4310, .T. ) ;
#5632 = DIRECTION ( 'NONE',  ( 1.000000000000000000, 0.000000000000000000, 0.000000000000000000 ) ) ;
#5633 = DIRECTION ( 'NONE',  ( 0.000000000000000000, 1.000000000000000000, 0.000000000000000000 ) ) ;
#5634 = VECTOR ( 'NONE', #4608, 1000.000000000000000 ) ;
#5635 = PRESENTATION_LAYER_ASSIGNMENT (  '', '', ( #1777 ) ) ;
#5636 = SURFACE_STYLE_FILL_AREA ( #988 ) ;
#5637 = CYLINDRICAL_SURFACE ( 'NONE', #5710, 2.750000000000059508 ) ;
#5638 = ORIENTED_EDGE ( 'NONE', *, *, #3954, .F. ) ;
#5639 = AXIS2_PLACEMENT_3D ( 'NONE', #3380, #5630, #2824 ) ;
#5640 = ADVANCED_FACE ( 'NONE', ( #5573, #999 ), #6328, .F. ) ;
#5641 = CARTESIAN_POINT ( 'NONE',  ( 921.5000000000000000, -25.41911132178508481, 1048.326001502392046 ) ) ;
#5642 = FILL_AREA_STYLE ('',( #1462 ) ) ;
#5643 = EDGE_LOOP ( 'NONE', ( #5964, #4464 ) ) ;
#5644 = PLANE ( 'NONE',  #5608 ) ;
#5645 = CARTESIAN_POINT ( 'NONE',  ( 924.5000000000000000, -12.25774349296740162, 1079.057176153080036 ) ) ;
#5646 = CARTESIAN_POINT ( 'NONE',  ( 971.5000000000000000, 24.05717615308569890, 1042.742256507029879 ) ) ;
#5647 = AXIS2_PLACEMENT_3D ( 'NONE', #2783, #2263, #6082 ) ;
#5648 = SURFACE_STYLE_USAGE ( .BOTH. , #3883 ) ;
#5649 = FACE_OUTER_BOUND ( 'NONE', #2670, .T. ) ;
#5650 = PLANE ( 'NONE',  #2132 ) ;
#5651 = CIRCLE ( 'NONE', #45, 2.999999999999999112 ) ;
#5652 = CARTESIAN_POINT ( 'NONE',  ( 921.5000000000000000, -9.541600556331790273, 1030.512629068049364 ) ) ;
#5653 = DIRECTION ( 'NONE',  ( 0.000000000000000000, -0.4539904997395733388, -0.8910065241883543541 ) ) ;
#5654 = ORIENTED_EDGE ( 'NONE', *, *, #4498, .T. ) ;
#5655 = ORIENTED_EDGE ( 'NONE', *, *, #6751, .T. ) ;
#5656 = CARTESIAN_POINT ( 'NONE',  ( 930.0000000000000000, -27.05717615308610036, 1042.742256507029879 ) ) ;
#5657 = ORIENTED_EDGE ( 'NONE', *, *, #7322, .T. ) ;
#5658 = STYLED_ITEM ( 'NONE', ( #5753 ), #835 ) ;
#5659 = COLOUR_RGB ( '',0.2000000000000000111, 0.2000000000000000111, 0.2000000000000000111 ) ;
#5660 = VERTEX_POINT ( 'NONE', #40 ) ;
#5661 = FILL_AREA_STYLE_COLOUR ( '', #4366 ) ;
#5662 = LINE ( 'NONE', #6893, #560 ) ;
#5663 = CYLINDRICAL_SURFACE ( 'NONE', #1881, 2.750000000000060840 ) ;
#5664 = VECTOR ( 'NONE', #170, 1000.000000000000000 ) ;
#5665 = STYLED_ITEM ( 'NONE', ( #5802 ), #5718 ) ;
#5666 = ORIENTED_EDGE ( 'NONE', *, *, #2551, .F. ) ;
#5667 = PRESENTATION_STYLE_ASSIGNMENT (( #7563 ) ) ;
#5668 = DIRECTION ( 'NONE',  ( -0.000000000000000000, -0.000000000000000000, -1.000000000000000000 ) ) ;
#5669 = SURFACE_SIDE_STYLE ('',( #5777 ) ) ;
#5670 =( NAMED_UNIT ( * ) PLANE_ANGLE_UNIT ( ) SI_UNIT ( $, .RADIAN. ) );
#5671 =( NAMED_UNIT ( * ) SI_UNIT ( $, .STERADIAN. ) SOLID_ANGLE_UNIT ( ) );
#5672 = EDGE_CURVE ( 'NONE', #5100, #6926, #1417, .T. ) ;
#5673 = ORIENTED_EDGE ( 'NONE', *, *, #3716, .F. ) ;
#5674 = PRESENTATION_LAYER_ASSIGNMENT (  '', '', ( #1431 ) ) ;
#5675 = CARTESIAN_POINT ( 'NONE',  ( 924.5000000000000000, -14.20228714123039815, 1077.112632504816929 ) ) ;
#5676 = SURFACE_STYLE_USAGE ( .BOTH. , #6243 ) ;
#5677 = EDGE_LOOP ( 'NONE', ( #6905, #1976, #2026, #7203 ) ) ;
#5678 = PLANE ( 'NONE',  #1745 ) ;
#5679 = CARTESIAN_POINT ( 'NONE',  ( 925.6000000000000227, -1.897913638880529876E-13, 1055.000000000000000 ) ) ;
#5680 = DIRECTION ( 'NONE',  ( 0.000000000000000000, 0.000000000000000000, 1.000000000000000000 ) ) ;
#5681 = CARTESIAN_POINT ( 'NONE',  ( 924.5000000000000000, -24.48737093194652203, 1064.541600556333606 ) ) ;
#5682 = COLOUR_RGB ( '',0.2000000000000000111, 0.2000000000000000111, 0.2000000000000000111 ) ;
#5683 = CARTESIAN_POINT ( 'NONE',  ( 971.5000000000000000, 26.23739041720797616, 1053.492412380546739 ) ) ;
#5684 = EDGE_CURVE ( 'NONE', #6926, #5694, #182, .T. ) ;
#5685 =( NAMED_UNIT ( * ) SI_UNIT ( $, .STERADIAN. ) SOLID_ANGLE_UNIT ( ) );
#5686 =( LENGTH_UNIT ( ) NAMED_UNIT ( * ) SI_UNIT ( .MILLI., .METRE. ) );
#5687 = CIRCLE ( 'NONE', #7167, 2.999999999999999112 ) ;
#5688 = SURFACE_SIDE_STYLE ('',( #1048 ) ) ;
#5689 = CARTESIAN_POINT ( 'NONE',  ( 930.0000000000000000, 19.49999999999980815, 1055.000000000000000 ) ) ;
#5690 = UNCERTAINTY_MEASURE_WITH_UNIT (LENGTH_MEASURE( 1.000000000000000082E-05 ), #3604, 'distance_accuracy_value', 'NONE');
#5691 = EDGE_CURVE ( 'NONE', #4317, #1868, #291, .T. ) ;
#5692 = FACE_OUTER_BOUND ( 'NONE', #7562, .T. ) ;
#5693 = ORIENTED_EDGE ( 'NONE', *, *, #3216, .F. ) ;
#5694 = VERTEX_POINT ( 'NONE', #6421 ) ;
#5695 = DIRECTION ( 'NONE',  ( 0.000000000000000000, 1.000000000000000000, 0.000000000000000000 ) ) ;
#5696 = ORIENTED_EDGE ( 'NONE', *, *, #1354, .F. ) ;
#5697 = CARTESIAN_POINT ( 'NONE',  ( 924.6000000000000227, 20.77214424038529827, 1054.456033238290047 ) ) ;
#5698 = DIRECTION ( 'NONE',  ( 1.000000000000000000, 0.000000000000000000, 0.000000000000000000 ) ) ;
#5699 = VERTEX_POINT ( 'NONE', #4290 ) ;
#5700 = LINE ( 'NONE', #2339, #3348 ) ;
#5701 = CIRCLE ( 'NONE', #711, 2.499999999999946709 ) ;
#5702 = VERTEX_POINT ( 'NONE', #3723 ) ;
#5703 = FILL_AREA_STYLE ('',( #6940 ) ) ;
#5704 = UNCERTAINTY_MEASURE_WITH_UNIT (LENGTH_MEASURE( 1.000000000000000082E-05 ), #4896, 'distance_accuracy_value', 'NONE');
#5705 = DIRECTION ( 'NONE',  ( 0.000000000000000000, -1.000000000000000000, 0.000000000000000000 ) ) ;
#5706 = ORIENTED_EDGE ( 'NONE', *, *, #2070, .T. ) ;
#5707 = DIRECTION ( 'NONE',  ( 1.000000000000000000, 0.000000000000000000, 0.000000000000000000 ) ) ;
#5708 = VERTEX_POINT ( 'NONE', #6566 ) ;
#5709 = EDGE_CURVE ( 'NONE', #2568, #1603, #3523, .T. ) ;
#5710 = AXIS2_PLACEMENT_3D ( 'NONE', #2235, #7494, #7447 ) ;
#5711 = SURFACE_STYLE_USAGE ( .BOTH. , #2798 ) ;
#5712 =( NAMED_UNIT ( * ) SI_UNIT ( $, .STERADIAN. ) SOLID_ANGLE_UNIT ( ) );
#5713 = FACE_OUTER_BOUND ( 'NONE', #5677, .T. ) ;
#5714 = CIRCLE ( 'NONE', #5121, 2.750000000000060840 ) ;
#5715 = PRESENTATION_STYLE_ASSIGNMENT (( #1678 ) ) ;
#5716 = PRESENTATION_LAYER_ASSIGNMENT (  '', '', ( #1865 ) ) ;
#5717 = DIRECTION ( 'NONE',  ( 1.000000000000000000, 0.000000000000000000, 0.000000000000000000 ) ) ;
#5718 = ADVANCED_FACE ( 'NONE', ( #2400 ), #2330, .F. ) ;
#5719 = FILL_AREA_STYLE_COLOUR ( '', #2515 ) ;
#5720 = AXIS2_PLACEMENT_3D ( 'NONE', #2161, #6245, #294 ) ;
#5721 = DIRECTION ( 'NONE',  ( 1.000000000000000000, 0.000000000000000000, 0.000000000000000000 ) ) ;
#5722 = CARTESIAN_POINT ( 'NONE',  ( 971.5000000000000000, 12.25774349296719912, 1030.942823846909960 ) ) ;
#5723 = FILL_AREA_STYLE ('',( #2775 ) ) ;
#5724 = STYLED_ITEM ( 'NONE', ( #244 ), #187 ) ;
#5725 = EDGE_LOOP ( 'NONE', ( #1847, #1692 ) ) ;
#5726 = AXIS2_PLACEMENT_3D ( 'NONE', #7325, #2109, #2042 ) ;
#5727 = ORIENTED_EDGE ( 'NONE', *, *, #5672, .T. ) ;
#5728 = SURFACE_STYLE_USAGE ( .BOTH. , #6301 ) ;
#5729 = CARTESIAN_POINT ( 'NONE',  ( 921.5000000000000000, -4.223730556086869647, 1028.332414803930078 ) ) ;
#5730 = DIRECTION ( 'NONE',  ( 1.000000000000000000, 0.000000000000000000, 0.000000000000000000 ) ) ;
#5731 = EDGE_CURVE ( 'NONE', #163, #328, #672, .T. ) ;
#5732 = EDGE_LOOP ( 'NONE', ( #2780, #4206 ) ) ;
#5733 = DIRECTION ( 'NONE',  ( 1.000000000000000000, 0.000000000000000000, 0.000000000000000000 ) ) ;
#5734 = FACE_OUTER_BOUND ( 'NONE', #2003, .T. ) ;
#5735 = AXIS2_PLACEMENT_3D ( 'NONE', #2452, #5855, #3645 ) ;
#5736 = CARTESIAN_POINT ( 'NONE',  ( 924.0000000000000000, -1.895899821080849943E-13, 1055.000000000000000 ) ) ;
#5737 = EDGE_LOOP ( 'NONE', ( #1414, #1336, #635, #3981 ) ) ;
#5738 = SURFACE_SIDE_STYLE ('',( #5060 ) ) ;
#5739 = AXIS2_PLACEMENT_3D ( 'NONE', #4593, #6309, #6936 ) ;
#5740 = DIRECTION ( 'NONE',  ( -1.000000000000000000, 0.000000000000000000, 0.000000000000000000 ) ) ;
#5741 =( NAMED_UNIT ( * ) SI_UNIT ( $, .STERADIAN. ) SOLID_ANGLE_UNIT ( ) );
#5742 = AXIS2_PLACEMENT_3D ( 'NONE', #380, #2768, #3204 ) ;
#5743 =( GEOMETRIC_REPRESENTATION_CONTEXT ( 3 ) GLOBAL_UNCERTAINTY_ASSIGNED_CONTEXT ( ( #3182 ) ) GLOBAL_UNIT_ASSIGNED_CONTEXT ( ( #3271, #7376, #997 ) ) REPRESENTATION_CONTEXT ( 'NONE', 'WORKASPACE' ) );
#5744 = ORIENTED_EDGE ( 'NONE', *, *, #6899, .F. ) ;
#5745 = ORIENTED_EDGE ( 'NONE', *, *, #6918, .T. ) ;
#5746 = LINE ( 'NONE', #5862, #4868 ) ;
#5747 = CARTESIAN_POINT ( 'NONE',  ( 921.5000000000000000, 9.541600556331591321, 1079.487370931940859 ) ) ;
#5748 = LINE ( 'NONE', #534, #5634 ) ;
#5749 = CARTESIAN_POINT ( 'NONE',  ( 924.5000000000000000, -6.673998497603823132, 1080.419111321786204 ) ) ;
#5750 =( GEOMETRIC_REPRESENTATION_CONTEXT ( 3 ) GLOBAL_UNCERTAINTY_ASSIGNED_CONTEXT ( ( #2951 ) ) GLOBAL_UNIT_ASSIGNED_CONTEXT ( ( #6976, #667, #626 ) ) REPRESENTATION_CONTEXT ( 'NONE', 'WORKASPACE' ) );
#5751 =( GEOMETRIC_REPRESENTATION_CONTEXT ( 3 ) GLOBAL_UNCERTAINTY_ASSIGNED_CONTEXT ( ( #501 ) ) GLOBAL_UNIT_ASSIGNED_CONTEXT ( ( #1434, #1984, #6064 ) ) REPRESENTATION_CONTEXT ( 'NONE', 'WORKASPACE' ) );
#5752 = SURFACE_STYLE_USAGE ( .BOTH. , #4528 ) ;
#5753 = PRESENTATION_STYLE_ASSIGNMENT (( #7114 ) ) ;
#5754 = DIRECTION ( 'NONE',  ( -1.000000000000000000, 1.258636124801849761E-16, 0.000000000000000000 ) ) ;
#5755 = CARTESIAN_POINT ( 'NONE',  ( 924.6000000000000227, -9.257743492968002030, 1030.942823846909960 ) ) ;
#5756 = UNCERTAINTY_MEASURE_WITH_UNIT (LENGTH_MEASURE( 1.000000000000000082E-05 ), #1762, 'distance_accuracy_value', 'NONE');
#5757 = DIRECTION ( 'NONE',  ( 0.000000000000000000, -1.000000000000000000, 0.000000000000000000 ) ) ;
#5758 = PRESENTATION_STYLE_ASSIGNMENT (( #3449 ) ) ;
#5759 = SURFACE_STYLE_USAGE ( .BOTH. , #5130 ) ;
#5760 = EDGE_CURVE ( 'NONE', #3049, #7224, #4910, .T. ) ;
#5761 = AXIS2_PLACEMENT_3D ( 'NONE', #1087, #1722, #4458 ) ;
#5762 = ORIENTED_EDGE ( 'NONE', *, *, #7483, .T. ) ;
#5763 = DIRECTION ( 'NONE',  ( 1.000000000000000000, 0.000000000000000000, 0.000000000000000000 ) ) ;
#5764 = VECTOR ( 'NONE', #1636, 1000.000000000000000 ) ;
#5765 = ORIENTED_EDGE ( 'NONE', *, *, #4991, .F. ) ;
#5766 = PRESENTATION_STYLE_ASSIGNMENT (( #1059 ) ) ;
#5767 = SURFACE_STYLE_FILL_AREA ( #7556 ) ;
#5768 =( LENGTH_UNIT ( ) NAMED_UNIT ( * ) SI_UNIT ( .MILLI., .METRE. ) );
#5769 = VECTOR ( 'NONE', #226, 1000.000000000000000 ) ;
#5770 = EDGE_CURVE ( 'NONE', #7277, #4065, #1685, .T. ) ;
#5771 = ADVANCED_FACE ( 'NONE', ( #4325 ), #1457, .F. ) ;
#5772 = VECTOR ( 'NONE', #688, 1000.000000000000000 ) ;
#5773 = VERTEX_POINT ( 'NONE', #1661 ) ;
#5774 = FILL_AREA_STYLE_COLOUR ( '', #2012 ) ;
#5775 =( GEOMETRIC_REPRESENTATION_CONTEXT ( 3 ) GLOBAL_UNCERTAINTY_ASSIGNED_CONTEXT ( ( #4278 ) ) GLOBAL_UNIT_ASSIGNED_CONTEXT ( ( #1186, #5187, #6361 ) ) REPRESENTATION_CONTEXT ( 'NONE', 'WORKASPACE' ) );
#5776 = DIRECTION ( 'NONE',  ( -1.000000000000000000, 0.000000000000000000, 0.000000000000000000 ) ) ;
#5777 = SURFACE_STYLE_FILL_AREA ( #1109 ) ;
#5778 = AXIS2_PLACEMENT_3D ( 'NONE', #6399, #6181, #4994 ) ;
#5779 = DIRECTION ( 'NONE',  ( 0.000000000000000000, 1.000000000000000000, 0.000000000000000000 ) ) ;
#5780 = STYLED_ITEM ( 'NONE', ( #2410 ), #5552 ) ;
#5781 = EDGE_CURVE ( 'NONE', #1727, #761, #2292, .T. ) ;
#5782 = ORIENTED_EDGE ( 'NONE', *, *, #5479, .F. ) ;
#5783 = AXIS2_PLACEMENT_3D ( 'NONE', #3993, #6212, #6329 ) ;
#5784 =( NAMED_UNIT ( * ) PLANE_ANGLE_UNIT ( ) SI_UNIT ( $, .RADIAN. ) );
#5785 = AXIS2_PLACEMENT_3D ( 'NONE', #4061, #6317, #7491 ) ;
#5786 = PLANE ( 'NONE',  #3376 ) ;
#5787 = EDGE_LOOP ( 'NONE', ( #258, #3287, #1450, #952 ) ) ;
#5788 = PRESENTATION_STYLE_ASSIGNMENT (( #3392 ) ) ;
#5789 = CARTESIAN_POINT ( 'NONE',  ( 840.0000000000000000, -1.905020620145609748E-13, 1055.000000000000000 ) ) ;
#5790 = FILL_AREA_STYLE_COLOUR ( '', #3189 ) ;
#5791 = CARTESIAN_POINT ( 'NONE',  ( 971.5000000000000000, -12.25774349296740162, 1079.057176153080036 ) ) ;
#5792 = FILL_AREA_STYLE_COLOUR ( '', #2645 ) ;
#5793 = MECHANICAL_DESIGN_GEOMETRIC_PRESENTATION_REPRESENTATION (  '', ( #4314 ), #4941 ) ;
#5794 = FACE_OUTER_BOUND ( 'NONE', #3304, .T. ) ;
#5795 = AXIS2_PLACEMENT_3D ( 'NONE', #6397, #5108, #3504 ) ;
#5796 = AXIS2_PLACEMENT_3D ( 'NONE', #2046, #868, #3091 ) ;
#5797 = CARTESIAN_POINT ( 'NONE',  ( 920.0777560348850557, -0.6261413459830129646, 1013.924692733772190 ) ) ;
#5798 =( NAMED_UNIT ( * ) PLANE_ANGLE_UNIT ( ) SI_UNIT ( $, .RADIAN. ) );
#5799 = STYLED_ITEM ( 'NONE', ( #35 ), #6955 ) ;
#5800 = FILL_AREA_STYLE ('',( #4145 ) ) ;
#5801 = AXIS2_PLACEMENT_3D ( 'NONE', #3672, #5996, #773 ) ;
#5802 = PRESENTATION_STYLE_ASSIGNMENT (( #6013 ) ) ;
#5803 =( NAMED_UNIT ( * ) PLANE_ANGLE_UNIT ( ) SI_UNIT ( $, .RADIAN. ) );
#5804 = CIRCLE ( 'NONE', #5795, 2.499999999999998668 ) ;
#5805 = ORIENTED_EDGE ( 'NONE', *, *, #5590, .F. ) ;
#5806 = FILL_AREA_STYLE ('',( #5314 ) ) ;
#5807 = CARTESIAN_POINT ( 'NONE',  ( 930.0000000000000000, -11.13693180368820101, 1063.636931803690004 ) ) ;
#5808 =( NAMED_UNIT ( * ) SI_UNIT ( $, .STERADIAN. ) SOLID_ANGLE_UNIT ( ) );
#5809 = ORIENTED_EDGE ( 'NONE', *, *, #359, .F. ) ;
#5810 =( NAMED_UNIT ( * ) PLANE_ANGLE_UNIT ( ) SI_UNIT ( $, .RADIAN. ) );
#5811 = ADVANCED_FACE ( 'NONE', ( #2932 ), #1179, .T. ) ;
#5812 =( GEOMETRIC_REPRESENTATION_CONTEXT ( 3 ) GLOBAL_UNCERTAINTY_ASSIGNED_CONTEXT ( ( #6210 ) ) GLOBAL_UNIT_ASSIGNED_CONTEXT ( ( #3412, #3456, #6120 ) ) REPRESENTATION_CONTEXT ( 'NONE', 'WORKASPACE' ) );
#5813 = DIRECTION ( 'NONE',  ( 0.000000000000000000, 0.9876883405951439876, 0.1564344650401914560 ) ) ;
#5814 = AXIS2_PLACEMENT_3D ( 'NONE', #1735, #1100, #1652 ) ;
#5815 = DIRECTION ( 'NONE',  ( -1.000000000000000000, 0.000000000000000000, 0.000000000000000000 ) ) ;
#5816 = EDGE_LOOP ( 'NONE', ( #4150, #4598 ) ) ;
#5817 = DIRECTION ( 'NONE',  ( 0.000000000000000000, 0.9876883405951312200, -0.1564344650402722803 ) ) ;
#5818 = AXIS2_PLACEMENT_3D ( 'NONE', #5357, #3070, #125 ) ;
#5819 = CARTESIAN_POINT ( 'NONE',  ( 924.5000000000000000, -14.97388642960500960, 1031.373018625770783 ) ) ;
#5820 = DIRECTION ( 'NONE',  ( -1.000000000000000000, 0.000000000000000000, 0.000000000000000000 ) ) ;
#5821 = EDGE_CURVE ( 'NONE', #6613, #6193, #2169, .T. ) ;
#5822 = EDGE_LOOP ( 'NONE', ( #1153, #5265, #4141, #3912 ) ) ;
#5823 = AXIS2_PLACEMENT_3D ( 'NONE', #310, #2696, #7207 ) ;
#5824 = ORIENTED_EDGE ( 'NONE', *, *, #2104, .F. ) ;
#5825 = DIRECTION ( 'NONE',  ( 1.000000000000000000, 0.000000000000000000, 0.000000000000000000 ) ) ;
#5826 = EDGE_CURVE ( 'NONE', #3879, #6355, #4744, .T. ) ;
#5827 = CARTESIAN_POINT ( 'NONE',  ( 924.6000000000000227, -2.011501236303849749E-13, 1055.000000000000000 ) ) ;
#5828 = DIRECTION ( 'NONE',  ( 0.000000000000000000, -1.000000000000000000, 0.000000000000000000 ) ) ;
#5829 = AXIS2_PLACEMENT_3D ( 'NONE', #7068, #3053, #683 ) ;
#5830 = CARTESIAN_POINT ( 'NONE',  ( 921.5000000000000000, -14.20228714123039815, 1077.112632504816929 ) ) ;
#5831 = CARTESIAN_POINT ( 'NONE',  ( 921.5000000000000000, 16.09188309203650036, 1035.908116907959993 ) ) ;
#5832 = VECTOR ( 'NONE', #3146, 1000.000000000000000 ) ;
#5833 = DIRECTION ( 'NONE',  ( 0.000000000000000000, 0.8910065241883723397, -0.4539904997395379782 ) ) ;
#5834 =( NAMED_UNIT ( * ) PLANE_ANGLE_UNIT ( ) SI_UNIT ( $, .RADIAN. ) );
#5835 =( NAMED_UNIT ( * ) PLANE_ANGLE_UNIT ( ) SI_UNIT ( $, .RADIAN. ) );
#5836 =( NAMED_UNIT ( * ) PLANE_ANGLE_UNIT ( ) SI_UNIT ( $, .RADIAN. ) );
#5837 = UNCERTAINTY_MEASURE_WITH_UNIT (LENGTH_MEASURE( 1.000000000000000082E-05 ), #4760, 'distance_accuracy_value', 'NONE');
#5838 = CARTESIAN_POINT ( 'NONE',  ( 921.5000000000000000, 12.25774349296749932, 1030.942823846909960 ) ) ;
#5839 = ORIENTED_EDGE ( 'NONE', *, *, #2215, .F. ) ;
#5840 = FACE_OUTER_BOUND ( 'NONE', #851, .T. ) ;
#5841 = LINE ( 'NONE', #5956, #4674 ) ;
#5842 = VECTOR ( 'NONE', #6713, 1000.000000000000000 ) ;
#5843 = EDGE_LOOP ( 'NONE', ( #5192, #7449, #6939, #1517 ) ) ;
#5844 = CARTESIAN_POINT ( 'NONE',  ( 921.5000000000000000, -9.257743492968002030, 1079.057176153090040 ) ) ;
#5845 = DIRECTION ( 'NONE',  ( 0.000000000000000000, 1.000000000000000000, 0.000000000000000000 ) ) ;
#5846 =( LENGTH_UNIT ( ) NAMED_UNIT ( * ) SI_UNIT ( .MILLI., .METRE. ) );
#5847 =( GEOMETRIC_REPRESENTATION_CONTEXT ( 3 ) GLOBAL_UNCERTAINTY_ASSIGNED_CONTEXT ( ( #1297 ) ) GLOBAL_UNIT_ASSIGNED_CONTEXT ( ( #4454, #379, #5685 ) ) REPRESENTATION_CONTEXT ( 'NONE', 'WORKASPACE' ) );
#5848 = DIRECTION ( 'NONE',  ( 1.000000000000000000, 0.000000000000000000, 0.000000000000000000 ) ) ;
#5849 = CONICAL_SURFACE ( 'NONE', #4873, 10.00000000000000000, 0.7853981625000003852 ) ;
#5850 = ADVANCED_FACE ( 'NONE', ( #208 ), #100, .T. ) ;
#5851 = VERTEX_POINT ( 'NONE', #7467 ) ;
#5852 =( NAMED_UNIT ( * ) PLANE_ANGLE_UNIT ( ) SI_UNIT ( $, .RADIAN. ) );
#5853 = CARTESIAN_POINT ( 'NONE',  ( 921.5000000000000000, 26.66758519606849731, 1059.223730556090004 ) ) ;
#5854 = UNCERTAINTY_MEASURE_WITH_UNIT (LENGTH_MEASURE( 1.000000000000000082E-05 ), #1000, 'distance_accuracy_value', 'NONE');
#5855 = DIRECTION ( 'NONE',  ( 1.000000000000000000, 0.000000000000000000, 0.000000000000000000 ) ) ;
#5856 = DIRECTION ( 'NONE',  ( 1.000000000000000000, 0.000000000000000000, 0.000000000000000000 ) ) ;
#5857 = EDGE_CURVE ( 'NONE', #4758, #2978, #5433, .T. ) ;
#5858 = COLOUR_RGB ( '',0.2000000000000000111, 0.2000000000000000111, 0.2000000000000000111 ) ;
#5859 = EDGE_LOOP ( 'NONE', ( #3855, #6129, #4483, #6850 ) ) ;
#5860 = SURFACE_STYLE_USAGE ( .BOTH. , #2939 ) ;
#5861 = ORIENTED_EDGE ( 'NONE', *, *, #2078, .T. ) ;
#5862 = CARTESIAN_POINT ( 'NONE',  ( 930.0000000000000000, -11.13693180368820101, 1068.636931803690004 ) ) ;
#5863 = STYLED_ITEM ( 'NONE', ( #1101 ), #3278 ) ;
#5864 = CARTESIAN_POINT ( 'NONE',  ( 923.0000000000000000, 15.74999999999969802, 1057.499999999999773 ) ) ;
#5865 = FILL_AREA_STYLE ('',( #7029 ) ) ;
#5866 = FILL_AREA_STYLE ('',( #5338 ) ) ;
#5867 = PRESENTATION_LAYER_ASSIGNMENT (  '', '', ( #2492 ) ) ;
#5868 = EDGE_CURVE ( 'NONE', #3174, #554, #4813, .T. ) ;
#5869 = EDGE_LOOP ( 'NONE', ( #486, #6307, #7331, #3007 ) ) ;
#5870 = EDGE_CURVE ( 'NONE', #1868, #4317, #5916, .T. ) ;
#5871 = CIRCLE ( 'NONE', #3567, 2.999999999999999112 ) ;
#5872 = DIRECTION ( 'NONE',  ( 0.000000000000000000, 1.000000000000000000, 0.000000000000000000 ) ) ;
#5873 = DIRECTION ( 'NONE',  ( 0.000000000000000000, 1.000000000000000000, 0.000000000000000000 ) ) ;
#5874 =( NAMED_UNIT ( * ) SI_UNIT ( $, .STERADIAN. ) SOLID_ANGLE_UNIT ( ) );
#5875 = DIRECTION ( 'NONE',  ( 0.000000000000000000, -1.000000000000000000, 0.000000000000000000 ) ) ;
#5876 = MECHANICAL_DESIGN_GEOMETRIC_PRESENTATION_REPRESENTATION (  '', ( #5159 ), #5750 ) ;
#5877 = PRESENTATION_STYLE_ASSIGNMENT (( #4766 ) ) ;
#5878 = ORIENTED_EDGE ( 'NONE', *, *, #6422, .T. ) ;
#5879 = AXIS2_PLACEMENT_3D ( 'NONE', #5722, #4581, #6219 ) ;
#5880 = ORIENTED_EDGE ( 'NONE', *, *, #5868, .F. ) ;
#5881 = SURFACE_SIDE_STYLE ('',( #1168 ) ) ;
#5882 = MECHANICAL_DESIGN_GEOMETRIC_PRESENTATION_REPRESENTATION (  '', ( #1031 ), #1516 ) ;
#5883 =( NAMED_UNIT ( * ) SI_UNIT ( $, .STERADIAN. ) SOLID_ANGLE_UNIT ( ) );
#5884 = VERTEX_POINT ( 'NONE', #2355 ) ;
#5885 = LINE ( 'NONE', #659, #4125 ) ;
#5886 = DIRECTION ( 'NONE',  ( 0.000000000000000000, 1.000000000000000000, 0.000000000000000000 ) ) ;
#5887 = DIRECTION ( 'NONE',  ( 1.000000000000000000, 0.000000000000000000, 0.000000000000000000 ) ) ;
#5888 = CARTESIAN_POINT ( 'NONE',  ( 929.5000000000000000, -10.00000000000019185, 1055.000000000000000 ) ) ;
#5889 =( GEOMETRIC_REPRESENTATION_CONTEXT ( 3 ) GLOBAL_UNCERTAINTY_ASSIGNED_CONTEXT ( ( #1960 ) ) GLOBAL_UNIT_ASSIGNED_CONTEXT ( ( #6758, #928, #4531 ) ) REPRESENTATION_CONTEXT ( 'NONE', 'WORKASPACE' ) );
#5890 = VERTEX_POINT ( 'NONE', #1195 ) ;
#5891 = DIRECTION ( 'NONE',  ( 0.000000000000000000, 1.000000000000000000, 0.000000000000000000 ) ) ;
#5892 =( NAMED_UNIT ( * ) SI_UNIT ( $, .STERADIAN. ) SOLID_ANGLE_UNIT ( ) );
#5893 = CIRCLE ( 'NONE', #1793, 2.749999999999999112 ) ;
#5894 = CARTESIAN_POINT ( 'NONE',  ( 920.1416456863189524, -2.005889790507489945E-13, 1055.000000000000000 ) ) ;
#5895 = PRESENTATION_STYLE_ASSIGNMENT (( #20 ) ) ;
#5896 = AXIS2_PLACEMENT_3D ( 'NONE', #5528, #1466, #2652 ) ;
#5897 = EDGE_LOOP ( 'NONE', ( #892, #5257, #3211, #2478 ) ) ;
#5898 =( NAMED_UNIT ( * ) SI_UNIT ( $, .STERADIAN. ) SOLID_ANGLE_UNIT ( ) );
#5899 = CARTESIAN_POINT ( 'NONE',  ( 923.0000000000000000, -11.13693180368820101, 1066.136931803690004 ) ) ;
#5900 = VERTEX_POINT ( 'NONE', #7067 ) ;
#5901 = CARTESIAN_POINT ( 'NONE',  ( 924.6000000000000227, -15.25774349296800025, 1079.057176153090040 ) ) ;
#5902 = FACE_BOUND ( 'NONE', #3496, .T. ) ;
#5903 = COLOUR_RGB ( '',0.2000000000000000111, 0.2000000000000000111, 0.2000000000000000111 ) ;
#5904 = EDGE_CURVE ( 'NONE', #1497, #6300, #3549, .T. ) ;
#5905 = SURFACE_SIDE_STYLE ('',( #5337 ) ) ;
#5906 = CARTESIAN_POINT ( 'NONE',  ( 971.5000000000000000, -9.541600556331790273, 1030.512629068049364 ) ) ;
#5907 =( NAMED_UNIT ( * ) SI_UNIT ( $, .STERADIAN. ) SOLID_ANGLE_UNIT ( ) );
#5908 = EDGE_LOOP ( 'NONE', ( #4217, #324, #1814, #4926 ) ) ;
#5909 = AXIS2_PLACEMENT_3D ( 'NONE', #3188, #1491, #7257 ) ;
#5910 = DIRECTION ( 'NONE',  ( 1.000000000000000000, 0.000000000000000000, 0.000000000000000000 ) ) ;
#5911 = DIRECTION ( 'NONE',  ( 0.000000000000000000, -1.000000000000000000, 0.000000000000000000 ) ) ;
#5912 = FACE_BOUND ( 'NONE', #4545, .T. ) ;
#5913 = CIRCLE ( 'NONE', #4188, 20.00000000000000000 ) ;
#5914 = SURFACE_STYLE_USAGE ( .BOTH. , #3590 ) ;
#5915 = EDGE_CURVE ( 'NONE', #890, #5458, #431, .T. ) ;
#5916 = CIRCLE ( 'NONE', #800, 2.999999999999999112 ) ;
#5917 = EDGE_LOOP ( 'NONE', ( #7044, #6240, #564, #1614 ) ) ;
#5918 = CARTESIAN_POINT ( 'NONE',  ( 971.5000000000000000, -4.223730556086869647, 1028.332414803930078 ) ) ;
#5919 = AXIS2_PLACEMENT_3D ( 'NONE', #573, #5910, #687 ) ;
#5920 =( GEOMETRIC_REPRESENTATION_CONTEXT ( 3 ) GLOBAL_UNCERTAINTY_ASSIGNED_CONTEXT ( ( #5612 ) ) GLOBAL_UNIT_ASSIGNED_CONTEXT ( ( #2575, #3796, #2082 ) ) REPRESENTATION_CONTEXT ( 'NONE', 'WORKASPACE' ) );
#5921 = CARTESIAN_POINT ( 'NONE',  ( 921.5000000000000000, 1.223730556086159993, 1081.667585196069922 ) ) ;
#5922 = VERTEX_POINT ( 'NONE', #6490 ) ;
#5923 = DIRECTION ( 'NONE',  ( 1.000000000000000000, 0.000000000000000000, 0.000000000000000000 ) ) ;
#5924 = LINE ( 'NONE', #3039, #3247 ) ;
#5925 = DIRECTION ( 'NONE',  ( 1.000000000000000000, 0.000000000000000000, 0.000000000000000000 ) ) ;
#5926 = EDGE_CURVE ( 'NONE', #863, #3210, #1789, .T. ) ;
#5927 =( NAMED_UNIT ( * ) SI_UNIT ( $, .STERADIAN. ) SOLID_ANGLE_UNIT ( ) );
#5928 = AXIS2_PLACEMENT_3D ( 'NONE', #7135, #5448, #5407 ) ;
#5929 = MECHANICAL_DESIGN_GEOMETRIC_PRESENTATION_REPRESENTATION (  '', ( #1703 ), #6546 ) ;
#5930 = ORIENTED_EDGE ( 'NONE', *, *, #6999, .T. ) ;
#5931 = CARTESIAN_POINT ( 'NONE',  ( 971.5000000000000000, 12.25774349296820098, 1079.057176153080036 ) ) ;
#5932 = DIRECTION ( 'NONE',  ( 0.000000000000000000, -0.9876883405951312200, 0.1564344650402722803 ) ) ;
#5933 = SURFACE_STYLE_FILL_AREA ( #3609 ) ;
#5934 = PRESENTATION_LAYER_ASSIGNMENT (  '', '', ( #3854 ) ) ;
#5935 = CIRCLE ( 'NONE', #2660, 2.749999999999999112 ) ;
#5936 = UNCERTAINTY_MEASURE_WITH_UNIT (LENGTH_MEASURE( 1.000000000000000082E-05 ), #765, 'distance_accuracy_value', 'NONE');
#5937 = DIRECTION ( 'NONE',  ( 0.000000000000000000, -0.9876883405951439876, -0.1564344650401914560 ) ) ;
#5938 = DIRECTION ( 'NONE',  ( 1.000000000000000000, 0.000000000000000000, 0.000000000000000000 ) ) ;
#5939 = CARTESIAN_POINT ( 'NONE',  ( 921.5000000000000000, -4.223730556086429999, 1081.667585196069922 ) ) ;
#5940 = ORIENTED_EDGE ( 'NONE', *, *, #987, .T. ) ;
#5941 = CARTESIAN_POINT ( 'NONE',  ( 923.0000000000000000, -11.13693180368849944, 1046.363068196309996 ) ) ;
#5942 = ORIENTED_EDGE ( 'NONE', *, *, #3956, .T. ) ;
#5943 = SURFACE_STYLE_FILL_AREA ( #3621 ) ;
#5944 = DIRECTION ( 'NONE',  ( 0.000000000000000000, 1.000000000000000000, 0.000000000000000000 ) ) ;
#5945 = DIRECTION ( 'NONE',  ( 0.000000000000000000, 1.000000000000000000, 0.000000000000000000 ) ) ;
#5946 = ORIENTED_EDGE ( 'NONE', *, *, #3629, .F. ) ;
#5947 = ADVANCED_FACE ( 'NONE', ( #6993 ), #107, .F. ) ;
#5948 = CARTESIAN_POINT ( 'NONE',  ( 919.9854590766567526, -0.5614360168131183881, 1013.809043600232940 ) ) ;
#5949 = VERTEX_POINT ( 'NONE', #1310 ) ;
#5950 = CARTESIAN_POINT ( 'NONE',  ( 924.6000000000000227, 16.09188309203670286, 1074.091883092039780 ) ) ;
#5951 = CYLINDRICAL_SURFACE ( 'NONE', #4563, 3.000000000000000888 ) ;
#5952 =( LENGTH_UNIT ( ) NAMED_UNIT ( * ) SI_UNIT ( .MILLI., .METRE. ) );
#5953 = ADVANCED_FACE ( 'NONE', ( #2389 ), #4720, .F. ) ;
#5954 =( NAMED_UNIT ( * ) SI_UNIT ( $, .STERADIAN. ) SOLID_ANGLE_UNIT ( ) );
#5955 = SURFACE_STYLE_USAGE ( .BOTH. , #5492 ) ;
#5956 = CARTESIAN_POINT ( 'NONE',  ( 971.5000000000000000, -23.62698137422527012, 1069.973886429606864 ) ) ;
#5957 = ORIENTED_EDGE ( 'NONE', *, *, #6762, .T. ) ;
#5958 =( NAMED_UNIT ( * ) PLANE_ANGLE_UNIT ( ) SI_UNIT ( $, .RADIAN. ) );
#5959 = CARTESIAN_POINT ( 'NONE',  ( 920.1416456863189524, -0.6390067315924209401, 1014.049929217579916 ) ) ;
#5960 = STYLED_ITEM ( 'NONE', ( #6770 ), #2251 ) ;
#5961 =( NAMED_UNIT ( * ) PLANE_ANGLE_UNIT ( ) SI_UNIT ( $, .RADIAN. ) );
#5962 = ADVANCED_FACE ( 'NONE', ( #1342 ), #4328, .F. ) ;
#5963 = AXIS2_PLACEMENT_3D ( 'NONE', #2920, #618, #4154 ) ;
#5964 = ORIENTED_EDGE ( 'NONE', *, *, #3810, .T. ) ;
#5965 = CARTESIAN_POINT ( 'NONE',  ( 930.0000000000000000, -11.13693180368820101, 1066.136931803690004 ) ) ;
#5966 = STYLED_ITEM ( 'NONE', ( #4342 ), #77 ) ;
#5967 = CYLINDRICAL_SURFACE ( 'NONE', #5735, 2.749999999999940048 ) ;
#5968 = UNCERTAINTY_MEASURE_WITH_UNIT (LENGTH_MEASURE( 1.000000000000000082E-05 ), #4035, 'distance_accuracy_value', 'NONE');
#5969 = MECHANICAL_DESIGN_GEOMETRIC_PRESENTATION_REPRESENTATION (  '', ( #5477 ), #852 ) ;
#5970 = CARTESIAN_POINT ( 'NONE',  ( 921.5000000000000000, 26.23739041720798681, 1053.492412380546739 ) ) ;
#5971 = ORIENTED_EDGE ( 'NONE', *, *, #6618, .F. ) ;
#5972 =( NAMED_UNIT ( * ) SI_UNIT ( $, .STERADIAN. ) SOLID_ANGLE_UNIT ( ) );
#5973 = FACE_OUTER_BOUND ( 'NONE', #1397, .T. ) ;
#5974 = EDGE_LOOP ( 'NONE', ( #1344, #1608 ) ) ;
#5975 = DIRECTION ( 'NONE',  ( 0.000000000000000000, -1.000000000000000000, 0.000000000000000000 ) ) ;
#5976 = CARTESIAN_POINT ( 'NONE',  ( 925.0000000000000000, -2.500000000000190514, 1070.750000000000000 ) ) ;
#5977 = SURFACE_STYLE_USAGE ( .BOTH. , #3762 ) ;
#5978 = DIRECTION ( 'NONE',  ( 0.000000000000000000, 0.7071067811865443531, 0.7071067811865506814 ) ) ;
#5979 = PRESENTATION_LAYER_ASSIGNMENT (  '', '', ( #7218 ) ) ;
#5980 = ORIENTED_EDGE ( 'NONE', *, *, #3673, .F. ) ;
#5981 = LINE ( 'NONE', #6092, #2179 ) ;
#5982 = COLOUR_RGB ( '',0.2000000000000000111, 0.2000000000000000111, 0.2000000000000000111 ) ;
#5983 = AXIS2_PLACEMENT_3D ( 'NONE', #4465, #2663, #6151 ) ;
#5984 = ORIENTED_EDGE ( 'NONE', *, *, #2797, .T. ) ;
#5985 = LINE ( 'NONE', #6536, #3813 ) ;
#5986 = AXIS2_PLACEMENT_3D ( 'NONE', #2659, #7393, #5361 ) ;
#5987 = VECTOR ( 'NONE', #5289, 1000.000000000000000 ) ;
#5988 = PRESENTATION_STYLE_ASSIGNMENT (( #4343 ) ) ;
#5989 = PRESENTATION_LAYER_ASSIGNMENT (  '', '', ( #1012 ) ) ;
#5990 = ORIENTED_EDGE ( 'NONE', *, *, #5488, .T. ) ;
#5991 = FACE_BOUND ( 'NONE', #4185, .T. ) ;
#5992 = SURFACE_SIDE_STYLE ('',( #3138 ) ) ;
#5993 = COLOUR_RGB ( '',0.2000000000000000111, 0.2000000000000000111, 0.2000000000000000111 ) ;
#5994 = CIRCLE ( 'NONE', #6496, 2.500000000000000444 ) ;
#5995 = EDGE_CURVE ( 'NONE', #6172, #1767, #6651, .T. ) ;
#5996 = DIRECTION ( 'NONE',  ( 1.000000000000000000, 0.000000000000000000, 0.000000000000000000 ) ) ;
#5997 = EDGE_LOOP ( 'NONE', ( #508, #3970 ) ) ;
#5998 =( NAMED_UNIT ( * ) SI_UNIT ( $, .STERADIAN. ) SOLID_ANGLE_UNIT ( ) );
#5999 = CARTESIAN_POINT ( 'NONE',  ( 930.0000000000000000, 11.13693180368799851, 1043.863068196310223 ) ) ;
#6000 =( NAMED_UNIT ( * ) PLANE_ANGLE_UNIT ( ) SI_UNIT ( $, .RADIAN. ) );
#6001 = UNCERTAINTY_MEASURE_WITH_UNIT (LENGTH_MEASURE( 1.000000000000000082E-05 ), #2907, 'distance_accuracy_value', 'NONE');
#6002 = CIRCLE ( 'NONE', #157, 2.999999999999999112 ) ;
#6003 = ADVANCED_FACE ( 'NONE', ( #5482 ), #1493, .F. ) ;
#6004 = EDGE_CURVE ( 'NONE', #3351, #748, #4797, .T. ) ;
#6005 = ORIENTED_EDGE ( 'NONE', *, *, #2993, .T. ) ;
#6006 = DIRECTION ( 'NONE',  ( -0.9135454576425182660, 0.000000000000000000, 0.4067366430759856155 ) ) ;
#6007 = CARTESIAN_POINT ( 'NONE',  ( 921.5000000000000000, 12.25774349296770183, 1079.057176153090040 ) ) ;
#6008 = DIRECTION ( 'NONE',  ( 0.000000000000000000, -1.000000000000000000, 0.000000000000000000 ) ) ;
#6009 = ORIENTED_EDGE ( 'NONE', *, *, #5015, .F. ) ;
#6010 =( NAMED_UNIT ( * ) SI_UNIT ( $, .STERADIAN. ) SOLID_ANGLE_UNIT ( ) );
#6011 = PRESENTATION_LAYER_ASSIGNMENT (  '', '', ( #7256 ) ) ;
#6012 = FILL_AREA_STYLE_COLOUR ( '', #4401 ) ;
#6013 = SURFACE_STYLE_USAGE ( .BOTH. , #1164 ) ;
#6014 = FACE_BOUND ( 'NONE', #2793, .T. ) ;
#6015 = ADVANCED_FACE ( 'NONE', ( #6569 ), #2539, .F. ) ;
#6016 = CARTESIAN_POINT ( 'NONE',  ( 924.5000000000000000, -27.09777997492942347, 1061.939873492716742 ) ) ;
#6017 = PRESENTATION_LAYER_ASSIGNMENT (  '', '', ( #5527 ) ) ;
#6018 = DIRECTION ( 'NONE',  ( 0.000000000000000000, -0.8910065241883721177, 0.4539904997395385333 ) ) ;
#6019 = ORIENTED_EDGE ( 'NONE', *, *, #359, .T. ) ;
#6020 = MECHANICAL_DESIGN_GEOMETRIC_PRESENTATION_REPRESENTATION (  '', ( #6143 ), #7261 ) ;
#6021 = SURFACE_STYLE_FILL_AREA ( #4912 ) ;
#6022 = CIRCLE ( 'NONE', #5058, 2.999999999999999112 ) ;
#6023 = ORIENTED_EDGE ( 'NONE', *, *, #41, .F. ) ;
#6024 = LINE ( 'NONE', #7226, #6135 ) ;
#6025 = DIRECTION ( 'NONE',  ( 1.000000000000000000, 0.000000000000000000, 0.000000000000000000 ) ) ;
#6026 =( NAMED_UNIT ( * ) PLANE_ANGLE_UNIT ( ) SI_UNIT ( $, .RADIAN. ) );
#6027 = PRESENTATION_LAYER_ASSIGNMENT (  '', '', ( #1801 ) ) ;
#6028 =( GEOMETRIC_REPRESENTATION_CONTEXT ( 3 ) GLOBAL_UNCERTAINTY_ASSIGNED_CONTEXT ( ( #6473 ) ) GLOBAL_UNIT_ASSIGNED_CONTEXT ( ( #1492, #5414, #5559 ) ) REPRESENTATION_CONTEXT ( 'NONE', 'WORKASPACE' ) );
#6029 = CARTESIAN_POINT ( 'NONE',  ( 927.4985471023289847, 14.21698773227710078, 1051.661431731910170 ) ) ;
#6030 =( GEOMETRIC_REPRESENTATION_CONTEXT ( 3 ) GLOBAL_UNCERTAINTY_ASSIGNED_CONTEXT ( ( #2362 ) ) GLOBAL_UNIT_ASSIGNED_CONTEXT ( ( #806, #6026, #6679 ) ) REPRESENTATION_CONTEXT ( 'NONE', 'WORKASPACE' ) );
#6031 = FILL_AREA_STYLE_COLOUR ( '', #4031 ) ;
#6032 = CIRCLE ( 'NONE', #1038, 2.749999999999999112 ) ;
#6033 = ORIENTED_EDGE ( 'NONE', *, *, #1893, .F. ) ;
#6034 =( GEOMETRIC_REPRESENTATION_CONTEXT ( 3 ) GLOBAL_UNCERTAINTY_ASSIGNED_CONTEXT ( ( #782 ) ) GLOBAL_UNIT_ASSIGNED_CONTEXT ( ( #4821, #6000, #779 ) ) REPRESENTATION_CONTEXT ( 'NONE', 'WORKASPACE' ) );
#6035 = AXIS2_PLACEMENT_3D ( 'NONE', #1328, #1882, #1913 ) ;
#6036 = VERTEX_POINT ( 'NONE', #4054 ) ;
#6037 = SURFACE_STYLE_USAGE ( .BOTH. , #3712 ) ;
#6038 = EDGE_CURVE ( 'NONE', #6563, #4562, #6281, .T. ) ;
#6039 = SURFACE_STYLE_USAGE ( .BOTH. , #939 ) ;
#6040 = UNCERTAINTY_MEASURE_WITH_UNIT (LENGTH_MEASURE( 1.000000000000000082E-05 ), #5245, 'distance_accuracy_value', 'NONE');
#6041 = VERTEX_POINT ( 'NONE', #3874 ) ;
#6042 =( GEOMETRIC_REPRESENTATION_CONTEXT ( 3 ) GLOBAL_UNCERTAINTY_ASSIGNED_CONTEXT ( ( #4618 ) ) GLOBAL_UNIT_ASSIGNED_CONTEXT ( ( #292, #4914, #2717 ) ) REPRESENTATION_CONTEXT ( 'NONE', 'WORKASPACE' ) );
#6043 = EDGE_CURVE ( 'NONE', #6696, #2194, #307, .T. ) ;
#6044 = DIRECTION ( 'NONE',  ( 0.000000000000000000, 1.000000000000000000, 0.000000000000000000 ) ) ;
#6045 = FACE_BOUND ( 'NONE', #901, .T. ) ;
#6046 = ORIENTED_EDGE ( 'NONE', *, *, #4229, .T. ) ;
#6047 = CARTESIAN_POINT ( 'NONE',  ( 971.5000000000000000, -26.66758519606889877, 1050.776269443909996 ) ) ;
#6048 = FACE_OUTER_BOUND ( 'NONE', #1132, .T. ) ;
#6049 = FACE_OUTER_BOUND ( 'NONE', #164, .T. ) ;
#6050 = FACE_BOUND ( 'NONE', #5115, .T. ) ;
#6051 = FILL_AREA_STYLE ('',( #3727 ) ) ;
#6052 = AXIS2_PLACEMENT_3D ( 'NONE', #6699, #3649, #6562 ) ;
#6053 = EDGE_LOOP ( 'NONE', ( #6588, #2603, #4232, #3696 ) ) ;
#6054 = EDGE_CURVE ( 'NONE', #655, #2381, #3829, .T. ) ;
#6055 = SURFACE_STYLE_USAGE ( .BOTH. , #4843 ) ;
#6056 = FILL_AREA_STYLE_COLOUR ( '', #5993 ) ;
#6057 = MECHANICAL_DESIGN_GEOMETRIC_PRESENTATION_REPRESENTATION (  '', ( #824 ), #6311 ) ;
#6058 = ORIENTED_EDGE ( 'NONE', *, *, #1460, .F. ) ;
#6059 =( LENGTH_UNIT ( ) NAMED_UNIT ( * ) SI_UNIT ( .MILLI., .METRE. ) );
#6060 = DIRECTION ( 'NONE',  ( 0.000000000000000000, 0.7071067811865437980, -0.7071067811865513475 ) ) ;
#6061 = CARTESIAN_POINT ( 'NONE',  ( 930.0000000000000000, -2.220446049250309799E-13, 1041.750000000000000 ) ) ;
#6062 = AXIS2_PLACEMENT_3D ( 'NONE', #7094, #6513, #4669 ) ;
#6063 = DIRECTION ( 'NONE',  ( 0.000000000000000000, 0.000000000000000000, 1.000000000000000000 ) ) ;
#6064 =( NAMED_UNIT ( * ) SI_UNIT ( $, .STERADIAN. ) SOLID_ANGLE_UNIT ( ) );
#6065 = AXIS2_PLACEMENT_3D ( 'NONE', #5311, #43, #4221 ) ;
#6066 = ORIENTED_EDGE ( 'NONE', *, *, #2619, .F. ) ;
#6067 = FILL_AREA_STYLE ('',( #5387 ) ) ;
#6068 = FILL_AREA_STYLE_COLOUR ( '', #6201 ) ;
#6069 = FACE_BOUND ( 'NONE', #1650, .T. ) ;
#6070 = VECTOR ( 'NONE', #2540, 1000.000000000000000 ) ;
#6071 = ORIENTED_EDGE ( 'NONE', *, *, #453, .F. ) ;
#6072 = EDGE_LOOP ( 'NONE', ( #775, #3740, #7471, #5214 ) ) ;
#6073 = SURFACE_STYLE_FILL_AREA ( #5500 ) ;
#6074 = LINE ( 'NONE', #4312, #3720 ) ;
#6075 = UNCERTAINTY_MEASURE_WITH_UNIT (LENGTH_MEASURE( 1.000000000000000082E-05 ), #4784, 'distance_accuracy_value', 'NONE');
#6076 = ADVANCED_FACE ( 'NONE', ( #1577 ), #3420, .T. ) ;
#6077 = COLOUR_RGB ( '',0.2000000000000000111, 0.2000000000000000111, 0.2000000000000000111 ) ;
#6078 = ORIENTED_EDGE ( 'NONE', *, *, #1944, .F. ) ;
#6079 = AXIS2_PLACEMENT_3D ( 'NONE', #3170, #7197, #2056 ) ;
#6080 = PRESENTATION_STYLE_ASSIGNMENT (( #4358 ) ) ;
#6081 = ORIENTED_EDGE ( 'NONE', *, *, #2529, .T. ) ;
#6082 = DIRECTION ( 'NONE',  ( 0.000000000000000000, 1.000000000000000000, 0.000000000000000000 ) ) ;
#6083 = DIRECTION ( 'NONE',  ( 1.000000000000000000, 0.000000000000000000, 0.000000000000000000 ) ) ;
#6084 =( LENGTH_UNIT ( ) NAMED_UNIT ( * ) SI_UNIT ( .MILLI., .METRE. ) );
#6085 = FILL_AREA_STYLE_COLOUR ( '', #6892 ) ;
#6086 = SURFACE_SIDE_STYLE ('',( #251 ) ) ;
#6087 = SURFACE_STYLE_FILL_AREA ( #6633 ) ;
#6088 = DIRECTION ( 'NONE',  ( 1.000000000000000000, 0.000000000000000000, 0.000000000000000000 ) ) ;
#6089 = EDGE_CURVE ( 'NONE', #2481, #4049, #5316, .T. ) ;
#6090 = MECHANICAL_DESIGN_GEOMETRIC_PRESENTATION_REPRESENTATION (  '', ( #1 ), #737 ) ;
#6091 = COLOUR_RGB ( '',0.2000000000000000111, 0.2000000000000000111, 0.2000000000000000111 ) ;
#6092 = CARTESIAN_POINT ( 'NONE',  ( 971.5000000000000000, 9.541600556331591321, 1079.487370931940859 ) ) ;
#6093 = FILL_AREA_STYLE ('',( #915 ) ) ;
#6094 = DIRECTION ( 'NONE',  ( 0.000000000000000000, -1.000000000000000000, 0.000000000000000000 ) ) ;
#6095 = EDGE_LOOP ( 'NONE', ( #3283, #5942, #7059, #3561 ) ) ;
#6096 = FACE_OUTER_BOUND ( 'NONE', #2006, .T. ) ;
#6097 = CARTESIAN_POINT ( 'NONE',  ( 924.6000000000000227, -12.25774349296800203, 1079.057176153090040 ) ) ;
#6098 = CARTESIAN_POINT ( 'NONE',  ( 924.6000000000000227, 15.25774349296770183, 1079.057176153090040 ) ) ;
#6099 = CARTESIAN_POINT ( 'NONE',  ( 924.5000000000000000, 24.05717615308569890, 1042.742256507029879 ) ) ;
#6100 = EDGE_CURVE ( 'NONE', #4475, #7150, #5197, .T. ) ;
#6101 = EDGE_CURVE ( 'NONE', #1858, #6620, #3012, .T. ) ;
#6102 =( GEOMETRIC_REPRESENTATION_CONTEXT ( 3 ) GLOBAL_UNCERTAINTY_ASSIGNED_CONTEXT ( ( #5623 ) ) GLOBAL_UNIT_ASSIGNED_CONTEXT ( ( #5768, #1770, #3338 ) ) REPRESENTATION_CONTEXT ( 'NONE', 'WORKASPACE' ) );
#6103 = FILL_AREA_STYLE_COLOUR ( '', #4628 ) ;
#6104 = FILL_AREA_STYLE_COLOUR ( '', #3065 ) ;
#6105 = MECHANICAL_DESIGN_GEOMETRIC_PRESENTATION_REPRESENTATION (  '', ( #1140 ), #2245 ) ;
#6106 = CARTESIAN_POINT ( 'NONE',  ( 924.6000000000000227, -24.05717615308610391, 1042.742256507029879 ) ) ;
#6107 = VERTEX_POINT ( 'NONE', #3006 ) ;
#6108 = CARTESIAN_POINT ( 'NONE',  ( 924.6000000000000227, -1.914153048322863915E-13, 1024.894538395877817 ) ) ;
#6109 = PRESENTATION_LAYER_ASSIGNMENT (  '', '', ( #4273 ) ) ;
#6110 = CARTESIAN_POINT ( 'NONE',  ( 921.5000000000000000, 12.25774349296820098, 1079.057176153080036 ) ) ;
#6111 = FILL_AREA_STYLE_COLOUR ( '', #153 ) ;
#6112 = STYLED_ITEM ( 'NONE', ( #2897 ), #3665 ) ;
#6113 = CARTESIAN_POINT ( 'NONE',  ( 930.0000000000000000, -2.220446049250309799E-13, 1041.750000000000000 ) ) ;
#6114 = DIRECTION ( 'NONE',  ( 1.000000000000000000, 0.000000000000000000, 0.000000000000000000 ) ) ;
#6115 = SURFACE_STYLE_USAGE ( .BOTH. , #353 ) ;
#6116 = PRESENTATION_LAYER_ASSIGNMENT (  '', '', ( #1894 ) ) ;
#6117 = PRESENTATION_LAYER_ASSIGNMENT (  '', '', ( #5622 ) ) ;
#6118 = ORIENTED_EDGE ( 'NONE', *, *, #2445, .F. ) ;
#6119 = SURFACE_STYLE_USAGE ( .BOTH. , #2702 ) ;
#6120 =( NAMED_UNIT ( * ) SI_UNIT ( $, .STERADIAN. ) SOLID_ANGLE_UNIT ( ) );
#6121 = MECHANICAL_DESIGN_GEOMETRIC_PRESENTATION_REPRESENTATION (  '', ( #3093 ), #5508 ) ;
#6122 = SURFACE_STYLE_USAGE ( .BOTH. , #5515 ) ;
#6123 = SURFACE_STYLE_FILL_AREA ( #2679 ) ;
#6124 = COLOUR_RGB ( '',0.2000000000000000111, 0.2000000000000000111, 0.2000000000000000111 ) ;
#6125 = DIRECTION ( 'NONE',  ( 0.000000000000000000, 1.000000000000000000, 0.000000000000000000 ) ) ;
#6126 = DIRECTION ( 'NONE',  ( 0.000000000000000000, -1.000000000000000000, 0.000000000000000000 ) ) ;
#6127 =( GEOMETRIC_REPRESENTATION_CONTEXT ( 3 ) GLOBAL_UNCERTAINTY_ASSIGNED_CONTEXT ( ( #2312 ) ) GLOBAL_UNIT_ASSIGNED_CONTEXT ( ( #5, #1247, #5808 ) ) REPRESENTATION_CONTEXT ( 'NONE', 'WORKASPACE' ) );
#6128 = SURFACE_SIDE_STYLE ('',( #408 ) ) ;
#6129 = ORIENTED_EDGE ( 'NONE', *, *, #3156, .T. ) ;
#6130 = CARTESIAN_POINT ( 'NONE',  ( 919.5467112853355047, -4.127166807903402707E-07, 1013.544666041327446 ) ) ;
#6131 = EDGE_CURVE ( 'NONE', #4475, #5518, #1289, .T. ) ;
#6132 = FILL_AREA_STYLE_COLOUR ( '', #1664 ) ;
#6133 = SURFACE_SIDE_STYLE ('',( #2089 ) ) ;
#6134 =( NAMED_UNIT ( * ) SI_UNIT ( $, .STERADIAN. ) SOLID_ANGLE_UNIT ( ) );
#6135 = VECTOR ( 'NONE', #7151, 1000.000000000000000 ) ;
#6136 = PRESENTATION_STYLE_ASSIGNMENT (( #1252 ) ) ;
#6137 = SURFACE_STYLE_USAGE ( .BOTH. , #4882 ) ;
#6138 = PRESENTATION_LAYER_ASSIGNMENT (  '', '', ( #6520 ) ) ;
#6139 = SURFACE_SIDE_STYLE ('',( #3274 ) ) ;
#6140 = PRESENTATION_STYLE_ASSIGNMENT (( #2094 ) ) ;
#6141 = FILL_AREA_STYLE ('',( #5535 ) ) ;
#6142 = EDGE_CURVE ( 'NONE', #7277, #4308, #5353, .T. ) ;
#6143 = STYLED_ITEM ( 'NONE', ( #4416 ), #878 ) ;
#6144 = DIRECTION ( 'NONE',  ( -1.000000000000000000, 0.000000000000000000, 0.000000000000000000 ) ) ;
#6145 = STYLED_ITEM ( 'NONE', ( #720 ), #1395 ) ;
#6146 = CARTESIAN_POINT ( 'NONE',  ( 930.0000000000000000, -2.220446049250309799E-13, 1039.250000000000000 ) ) ;
#6147 = DIRECTION ( 'NONE',  ( -1.000000000000000000, 1.258636124801849761E-16, 0.000000000000000000 ) ) ;
#6148 = TOROIDAL_SURFACE ( 'NONE', #5778, 9.799999999999998934, 0.2000000000000000111 ) ;
#6149 = ORIENTED_EDGE ( 'NONE', *, *, #7185, .T. ) ;
#6150 = ORIENTED_EDGE ( 'NONE', *, *, #7087, .T. ) ;
#6151 = DIRECTION ( 'NONE',  ( 0.000000000000000000, 1.000000000000000000, 0.000000000000000000 ) ) ;
#6152 = MECHANICAL_DESIGN_GEOMETRIC_PRESENTATION_REPRESENTATION (  '', ( #6529 ), #2411 ) ;
#6153 = DIRECTION ( 'NONE',  ( 0.000000000000000000, 0.000000000000000000, -1.000000000000000000 ) ) ;
#6154 = CARTESIAN_POINT ( 'NONE',  ( 971.5000000000000000, -19.09188309203659983, 1074.091883092029775 ) ) ;
#6155 = EDGE_CURVE ( 'NONE', #548, #2567, #2890, .T. ) ;
#6156 = SURFACE_STYLE_FILL_AREA ( #3863 ) ;
#6157 = FACE_OUTER_BOUND ( 'NONE', #5601, .T. ) ;
#6158 = UNCERTAINTY_MEASURE_WITH_UNIT (LENGTH_MEASURE( 1.000000000000000082E-05 ), #3175, 'distance_accuracy_value', 'NONE');
#6159 = DIRECTION ( 'NONE',  ( 1.000000000000000000, 0.000000000000000000, 0.000000000000000000 ) ) ;
#6160 = MECHANICAL_DESIGN_GEOMETRIC_PRESENTATION_REPRESENTATION (  '', ( #6538 ), #67 ) ;
#6161 = AXIS2_PLACEMENT_3D ( 'NONE', #4938, #4354, #1405 ) ;
#6162 = ORIENTED_EDGE ( 'NONE', *, *, #4736, .T. ) ;
#6163 = CARTESIAN_POINT ( 'NONE',  ( 930.0000000000000000, 12.25774349296749932, 1030.942823846909960 ) ) ;
#6164 = FILL_AREA_STYLE ('',( #247 ) ) ;
#6165 = PLANE ( 'NONE',  #4637 ) ;
#6166 = CARTESIAN_POINT ( 'NONE',  ( 942.4931468039650326, -25.00000000000019185, 1055.000000000000000 ) ) ;
#6167 = FACE_OUTER_BOUND ( 'NONE', #4344, .T. ) ;
#6168 =( NAMED_UNIT ( * ) SI_UNIT ( $, .STERADIAN. ) SOLID_ANGLE_UNIT ( ) );
#6169 = DIRECTION ( 'NONE',  ( 0.000000000000000000, 1.000000000000000000, 0.000000000000000000 ) ) ;
#6170 = MECHANICAL_DESIGN_GEOMETRIC_PRESENTATION_REPRESENTATION (  '', ( #3735 ), #812 ) ;
#6171 =( GEOMETRIC_REPRESENTATION_CONTEXT ( 3 ) GLOBAL_UNCERTAINTY_ASSIGNED_CONTEXT ( ( #1759 ) ) GLOBAL_UNIT_ASSIGNED_CONTEXT ( ( #5485, #6674, #485 ) ) REPRESENTATION_CONTEXT ( 'NONE', 'WORKASPACE' ) );
#6172 = VERTEX_POINT ( 'NONE', #1845 ) ;
#6173 = FILL_AREA_STYLE_COLOUR ( '', #5327 ) ;
#6174 = CARTESIAN_POINT ( 'NONE',  ( 924.6000000000000227, -0.1000000000001910055, 1024.828660585990065 ) ) ;
#6175 = PRESENTATION_STYLE_ASSIGNMENT (( #1500 ) ) ;
#6176 = ORIENTED_EDGE ( 'NONE', *, *, #5826, .F. ) ;
#6177 = CARTESIAN_POINT ( 'NONE',  ( 971.5000000000000000, -14.97388642960500960, 1031.373018625770783 ) ) ;
#6178 = CIRCLE ( 'NONE', #2903, 90.00000000000000000 ) ;
#6179 = FILL_AREA_STYLE_COLOUR ( '', #4676 ) ;
#6180 = SURFACE_STYLE_USAGE ( .BOTH. , #6248 ) ;
#6181 = DIRECTION ( 'NONE',  ( 1.000000000000000000, 0.000000000000000000, 0.000000000000000000 ) ) ;
#6182 =( GEOMETRIC_REPRESENTATION_CONTEXT ( 3 ) GLOBAL_UNCERTAINTY_ASSIGNED_CONTEXT ( ( #1905 ) ) GLOBAL_UNIT_ASSIGNED_CONTEXT ( ( #4972, #4051, #4592 ) ) REPRESENTATION_CONTEXT ( 'NONE', 'WORKASPACE' ) );
#6183 = PRESENTATION_STYLE_ASSIGNMENT (( #3841 ) ) ;
#6184 = CARTESIAN_POINT ( 'NONE',  ( 924.5000000000000000, -24.05717615308590140, 1067.257743492970121 ) ) ;
#6185 = EDGE_CURVE ( 'NONE', #4732, #7271, #4442, .T. ) ;
#6186 =( NAMED_UNIT ( * ) SI_UNIT ( $, .STERADIAN. ) SOLID_ANGLE_UNIT ( ) );
#6187 =( NAMED_UNIT ( * ) SI_UNIT ( $, .STERADIAN. ) SOLID_ANGLE_UNIT ( ) );
#6188 =( LENGTH_UNIT ( ) NAMED_UNIT ( * ) SI_UNIT ( .MILLI., .METRE. ) );
#6189 = SURFACE_SIDE_STYLE ('',( #3850 ) ) ;
#6190 = CIRCLE ( 'NONE', #5818, 1.000000000000000888 ) ;
#6191 = CARTESIAN_POINT ( 'NONE',  ( 971.5000000000000000, -4.223730556085800281, 1081.667585196069922 ) ) ;
#6192 = EDGE_CURVE ( 'NONE', #3694, #4915, #1187, .T. ) ;
#6193 = VERTEX_POINT ( 'NONE', #1952 ) ;
#6194 = DIRECTION ( 'NONE',  ( 0.000000000000000000, 1.000000000000000000, 0.000000000000000000 ) ) ;
#6195 = VERTEX_POINT ( 'NONE', #4814 ) ;
#6196 = DIRECTION ( 'NONE',  ( 0.000000000000000000, -1.000000000000000000, 0.000000000000000000 ) ) ;
#6197 =( LENGTH_UNIT ( ) NAMED_UNIT ( * ) SI_UNIT ( .MILLI., .METRE. ) );
#6198 = ADVANCED_FACE ( 'NONE', ( #5393 ), #735, .F. ) ;
#6199 = VERTEX_POINT ( 'NONE', #162 ) ;
#6200 = LINE ( 'NONE', #4434, #21 ) ;
#6201 = COLOUR_RGB ( '',0.2000000000000000111, 0.2000000000000000111, 0.2000000000000000111 ) ;
#6202 = SURFACE_STYLE_FILL_AREA ( #6823 ) ;
#6203 = CIRCLE ( 'NONE', #3532, 2.749999999999999112 ) ;
#6204 = CARTESIAN_POINT ( 'NONE',  ( 929.5000000000000000, 9.999999999999809930, 1055.000000000000000 ) ) ;
#6205 = CARTESIAN_POINT ( 'NONE',  ( 923.0000000000000000, 11.13693180368799851, 1068.636931803690004 ) ) ;
#6206 = VERTEX_POINT ( 'NONE', #55 ) ;
#6207 = CARTESIAN_POINT ( 'NONE',  ( 924.5000000000000000, 4.223730556085629750, 1028.332414803930078 ) ) ;
#6208 =( NAMED_UNIT ( * ) PLANE_ANGLE_UNIT ( ) SI_UNIT ( $, .RADIAN. ) );
#6209 = CARTESIAN_POINT ( 'NONE',  ( 921.5000000000000000, 27.09777997492921742, 1048.060126507273253 ) ) ;
#6210 = UNCERTAINTY_MEASURE_WITH_UNIT (LENGTH_MEASURE( 1.000000000000000082E-05 ), #3412, 'distance_accuracy_value', 'NONE');
#6211 = DIRECTION ( 'NONE',  ( 0.000000000000000000, 1.000000000000000000, 0.000000000000000000 ) ) ;
#6212 = DIRECTION ( 'NONE',  ( 1.000000000000000000, 0.000000000000000000, 0.000000000000000000 ) ) ;
#6213 = SURFACE_SIDE_STYLE ('',( #6954 ) ) ;
#6214 = VECTOR ( 'NONE', #532, 1000.000000000000000 ) ;
#6215 =( LENGTH_UNIT ( ) NAMED_UNIT ( * ) SI_UNIT ( .MILLI., .METRE. ) );
#6216 = FACE_BOUND ( 'NONE', #1292, .T. ) ;
#6217 = EDGE_CURVE ( 'NONE', #3734, #3351, #3615, .T. ) ;
#6218 = UNCERTAINTY_MEASURE_WITH_UNIT (LENGTH_MEASURE( 1.000000000000000082E-05 ), #6744, 'distance_accuracy_value', 'NONE');
#6219 = DIRECTION ( 'NONE',  ( 0.000000000000000000, -0.7071067811865446862, -0.7071067811865503483 ) ) ;
#6220 = STYLED_ITEM ( 'NONE', ( #2667 ), #3117 ) ;
#6221 = ORIENTED_EDGE ( 'NONE', *, *, #4942, .F. ) ;
#6222 = ORIENTED_EDGE ( 'NONE', *, *, #4136, .F. ) ;
#6223 = CARTESIAN_POINT ( 'NONE',  ( 971.5000000000000000, 20.34035696632020063, 1038.358384849477943 ) ) ;
#6224 = EDGE_LOOP ( 'NONE', ( #596, #6870 ) ) ;
#6225 = SURFACE_STYLE_USAGE ( .BOTH. , #2260 ) ;
#6226 = VERTEX_POINT ( 'NONE', #3109 ) ;
#6227 = COLOUR_RGB ( '',0.4000000000000000222, 0.4000000000000000222, 0.4000000000000000222 ) ;
#6228 = UNCERTAINTY_MEASURE_WITH_UNIT (LENGTH_MEASURE( 1.000000000000000082E-05 ), #265, 'distance_accuracy_value', 'NONE');
#6229 = ADVANCED_FACE ( 'NONE', ( #1990 ), #5435, .T. ) ;
#6230 = AXIS2_PLACEMENT_3D ( 'NONE', #620, #7165, #1214 ) ;
#6231 = AXIS2_PLACEMENT_3D ( 'NONE', #1617, #6234, #6314 ) ;
#6232 = MECHANICAL_DESIGN_GEOMETRIC_PRESENTATION_REPRESENTATION (  '', ( #4899 ), #7345 ) ;
#6233 = ORIENTED_EDGE ( 'NONE', *, *, #2176, .F. ) ;
#6234 = DIRECTION ( 'NONE',  ( 1.000000000000000000, 0.000000000000000000, 0.000000000000000000 ) ) ;
#6235 = CARTESIAN_POINT ( 'NONE',  ( 921.5000000000000000, 24.05717615308580193, 1067.257743492970121 ) ) ;
#6236 = FILL_AREA_STYLE_COLOUR ( '', #363 ) ;
#6237 = ADVANCED_FACE ( 'NONE', ( #6069, #3209 ), #1514, .T. ) ;
#6238 = DIRECTION ( 'NONE',  ( 1.000000000000000000, 0.000000000000000000, 0.000000000000000000 ) ) ;
#6239 = AXIS2_PLACEMENT_3D ( 'NONE', #2375, #3466, #5891 ) ;
#6240 = ORIENTED_EDGE ( 'NONE', *, *, #3673, .T. ) ;
#6241 = PRESENTATION_LAYER_ASSIGNMENT (  '', '', ( #4534 ) ) ;
#6242 = CARTESIAN_POINT ( 'NONE',  ( 924.6000000000000227, 20.99999999999981171, 1055.000000000000000 ) ) ;
#6243 = SURFACE_SIDE_STYLE ('',( #4682 ) ) ;
#6244 = ORIENTED_EDGE ( 'NONE', *, *, #1418, .F. ) ;
#6245 = DIRECTION ( 'NONE',  ( 1.000000000000000000, 0.000000000000000000, 0.000000000000000000 ) ) ;
#6246 = ADVANCED_FACE ( 'NONE', ( #4420 ), #3176, .F. ) ;
#6247 = DIRECTION ( 'NONE',  ( 1.000000000000000000, 0.000000000000000000, 0.000000000000000000 ) ) ;
#6248 = SURFACE_SIDE_STYLE ('',( #6286 ) ) ;
#6249 = CARTESIAN_POINT ( 'NONE',  ( 924.5000000000000000, 12.25774349296820098, 1079.057176153080036 ) ) ;
#6250 = STYLED_ITEM ( 'NONE', ( #3322 ), #4930 ) ;
#6251 = LINE ( 'NONE', #3395, #6321 ) ;
#6252 = CARTESIAN_POINT ( 'NONE',  ( 971.5000000000000000, 4.223730556086679577, 1081.667585196069922 ) ) ;
#6253 = SURFACE_STYLE_FILL_AREA ( #5040 ) ;
#6254 = COLOUR_RGB ( '',0.2000000000000000111, 0.2000000000000000111, 0.2000000000000000111 ) ;
#6255 = FACE_OUTER_BOUND ( 'NONE', #308, .T. ) ;
#6256 =( NAMED_UNIT ( * ) PLANE_ANGLE_UNIT ( ) SI_UNIT ( $, .RADIAN. ) );
#6257 = PRESENTATION_STYLE_ASSIGNMENT (( #2805 ) ) ;
#6258 = COLOUR_RGB ( '',0.2000000000000000111, 0.2000000000000000111, 0.2000000000000000111 ) ;
#6259 = CARTESIAN_POINT ( 'NONE',  ( 921.5000000000000000, -26.66758519606889877, 1050.776269443909996 ) ) ;
#6260 = CIRCLE ( 'NONE', #1162, 3.000000000000000000 ) ;
#6261 = ORIENTED_EDGE ( 'NONE', *, *, #3394, .F. ) ;
#6262 = ORIENTED_EDGE ( 'NONE', *, *, #4921, .T. ) ;
#6263 = CARTESIAN_POINT ( 'NONE',  ( 930.0000000000000000, -11.13693180368820101, 1063.636931803690004 ) ) ;
#6264 =( GEOMETRIC_REPRESENTATION_CONTEXT ( 3 ) GLOBAL_UNCERTAINTY_ASSIGNED_CONTEXT ( ( #668 ) ) GLOBAL_UNIT_ASSIGNED_CONTEXT ( ( #1902, #5798, #5874 ) ) REPRESENTATION_CONTEXT ( 'NONE', 'WORKASPACE' ) );
#6265 = SURFACE_STYLE_FILL_AREA ( #3934 ) ;
#6266 = ORIENTED_EDGE ( 'NONE', *, *, #1856, .F. ) ;
#6267 = FILL_AREA_STYLE ('',( #3460 ) ) ;
#6268 = VECTOR ( 'NONE', #2677, 1000.000000000000000 ) ;
#6269 = FACE_OUTER_BOUND ( 'NONE', #6846, .T. ) ;
#6270 = DIRECTION ( 'NONE',  ( 0.000000000000000000, 1.000000000000000000, 0.000000000000000000 ) ) ;
#6271 = LINE ( 'NONE', #4595, #1045 ) ;
#6272 = PRESENTATION_LAYER_ASSIGNMENT (  '', '', ( #546 ) ) ;
#6273 = AXIS2_PLACEMENT_3D ( 'NONE', #2707, #908, #5633 ) ;
#6274 = EDGE_CURVE ( 'NONE', #4117, #1973, #4525, .T. ) ;
#6275 = ORIENTED_EDGE ( 'NONE', *, *, #6999, .F. ) ;
#6276 = CARTESIAN_POINT ( 'NONE',  ( 924.5000000000000000, -26.23739041720818221, 1056.507587619443484 ) ) ;
#6277 = DIRECTION ( 'NONE',  ( 1.000000000000000000, 0.000000000000000000, 0.000000000000000000 ) ) ;
#6278 = COLOUR_RGB ( '',0.2000000000000000111, 0.2000000000000000111, 0.2000000000000000111 ) ;
#6279 = EDGE_CURVE ( 'NONE', #2381, #5486, #6420, .T. ) ;
#6280 = ORIENTED_EDGE ( 'NONE', *, *, #6907, .T. ) ;
#6281 = CIRCLE ( 'NONE', #3232, 2.999999999999999112 ) ;
#6282 =( LENGTH_UNIT ( ) NAMED_UNIT ( * ) SI_UNIT ( .MILLI., .METRE. ) );
#6283 = VERTEX_POINT ( 'NONE', #2253 ) ;
#6284 = SURFACE_SIDE_STYLE ('',( #1155 ) ) ;
#6285 = DIRECTION ( 'NONE',  ( 0.000000000000000000, 1.000000000000000000, 0.000000000000000000 ) ) ;
#6286 = SURFACE_STYLE_FILL_AREA ( #331 ) ;
#6287 =( LENGTH_UNIT ( ) NAMED_UNIT ( * ) SI_UNIT ( .MILLI., .METRE. ) );
#6288 = DIRECTION ( 'NONE',  ( 0.000000000000000000, -1.000000000000000000, 0.000000000000000000 ) ) ;
#6289 = AXIS2_PLACEMENT_3D ( 'NONE', #3812, #6147, #6649 ) ;
#6290 = EDGE_CURVE ( 'NONE', #6629, #1092, #1937, .T. ) ;
#6291 = SURFACE_STYLE_USAGE ( .BOTH. , #3961 ) ;
#6292 = DIRECTION ( 'NONE',  ( 1.000000000000000000, 0.000000000000000000, 0.000000000000000000 ) ) ;
#6293 = AXIS2_PLACEMENT_3D ( 'NONE', #7080, #3666, #5348 ) ;
#6294 = DIRECTION ( 'NONE',  ( 1.000000000000000000, 0.000000000000000000, 0.000000000000000000 ) ) ;
#6295 = SURFACE_SIDE_STYLE ('',( #3965 ) ) ;
#6296 = UNCERTAINTY_MEASURE_WITH_UNIT (LENGTH_MEASURE( 1.000000000000000082E-05 ), #1104, 'distance_accuracy_value', 'NONE');
#6297 = CYLINDRICAL_SURFACE ( 'NONE', #5879, 2.750000000000008882 ) ;
#6298 = CARTESIAN_POINT ( 'NONE',  ( 930.0000000000000000, -26.66758519606889877, 1050.776269443909996 ) ) ;
#6299 = ORIENTED_EDGE ( 'NONE', *, *, #2114, .F. ) ;
#6300 = VERTEX_POINT ( 'NONE', #1644 ) ;
#6301 = SURFACE_SIDE_STYLE ('',( #3973 ) ) ;
#6302 = ORIENTED_EDGE ( 'NONE', *, *, #4370, .F. ) ;
#6303 = FACE_OUTER_BOUND ( 'NONE', #1605, .T. ) ;
#6304 =( NAMED_UNIT ( * ) PLANE_ANGLE_UNIT ( ) SI_UNIT ( $, .RADIAN. ) );
#6305 = SURFACE_SIDE_STYLE ('',( #938 ) ) ;
#6306 =( GEOMETRIC_REPRESENTATION_CONTEXT ( 3 ) GLOBAL_UNCERTAINTY_ASSIGNED_CONTEXT ( ( #7566 ) ) GLOBAL_UNIT_ASSIGNED_CONTEXT ( ( #4944, #946, #211 ) ) REPRESENTATION_CONTEXT ( 'NONE', 'WORKASPACE' ) );
#6307 = ORIENTED_EDGE ( 'NONE', *, *, #507, .T. ) ;
#6308 = SURFACE_SIDE_STYLE ('',( #4547 ) ) ;
#6309 = DIRECTION ( 'NONE',  ( 1.000000000000000000, 0.000000000000000000, 0.000000000000000000 ) ) ;
#6310 = CYLINDRICAL_SURFACE ( 'NONE', #4428, 2.499999999999946709 ) ;
#6311 =( GEOMETRIC_REPRESENTATION_CONTEXT ( 3 ) GLOBAL_UNCERTAINTY_ASSIGNED_CONTEXT ( ( #127 ) ) GLOBAL_UNIT_ASSIGNED_CONTEXT ( ( #1331, #589, #5892 ) ) REPRESENTATION_CONTEXT ( 'NONE', 'WORKASPACE' ) );
#6312 = ORIENTED_EDGE ( 'NONE', *, *, #5731, .T. ) ;
#6313 = FILL_AREA_STYLE ('',( #4599 ) ) ;
#6314 = DIRECTION ( 'NONE',  ( 0.000000000000000000, 1.000000000000000000, 0.000000000000000000 ) ) ;
#6315 = UNCERTAINTY_MEASURE_WITH_UNIT (LENGTH_MEASURE( 1.000000000000000082E-05 ), #2829, 'distance_accuracy_value', 'NONE');
#6316 = CARTESIAN_POINT ( 'NONE',  ( 924.6000000000000227, 4.223730556085990351, 1028.332414803930078 ) ) ;
#6317 = DIRECTION ( 'NONE',  ( 1.000000000000000000, 0.000000000000000000, 0.000000000000000000 ) ) ;
#6318 =( GEOMETRIC_REPRESENTATION_CONTEXT ( 3 ) GLOBAL_UNCERTAINTY_ASSIGNED_CONTEXT ( ( #4477 ) ) GLOBAL_UNIT_ASSIGNED_CONTEXT ( ( #579, #6963, #5273 ) ) REPRESENTATION_CONTEXT ( 'NONE', 'WORKASPACE' ) );
#6319 = EDGE_CURVE ( 'NONE', #2978, #4758, #7038, .T. ) ;
#6320 = SURFACE_STYLE_FILL_AREA ( #2110 ) ;
#6321 = VECTOR ( 'NONE', #1675, 1000.000000000000000 ) ;
#6322 = EDGE_LOOP ( 'NONE', ( #447, #2733 ) ) ;
#6323 = FILL_AREA_STYLE ('',( #448 ) ) ;
#6324 = VERTEX_POINT ( 'NONE', #4004 ) ;
#6325 = STYLED_ITEM ( 'NONE', ( #3336 ), #2317 ) ;
#6326 =( NAMED_UNIT ( * ) SI_UNIT ( $, .STERADIAN. ) SOLID_ANGLE_UNIT ( ) );
#6327 = ADVANCED_FACE ( 'NONE', ( #5692 ), #504, .F. ) ;
#6328 = PLANE ( 'NONE',  #1677 ) ;
#6329 = DIRECTION ( 'NONE',  ( 0.000000000000000000, 0.000000000000000000, -1.000000000000000000 ) ) ;
#6330 = DIRECTION ( 'NONE',  ( 0.000000000000000000, 1.000000000000000000, 0.000000000000000000 ) ) ;
#6331 = CIRCLE ( 'NONE', #1353, 2.749999999999999112 ) ;
#6332 = CARTESIAN_POINT ( 'NONE',  ( 921.5000000000000000, -4.223730556086429999, 1028.332414803930078 ) ) ;
#6333 =( NAMED_UNIT ( * ) SI_UNIT ( $, .STERADIAN. ) SOLID_ANGLE_UNIT ( ) );
#6334 =( GEOMETRIC_REPRESENTATION_CONTEXT ( 3 ) GLOBAL_UNCERTAINTY_ASSIGNED_CONTEXT ( ( #2451 ) ) GLOBAL_UNIT_ASSIGNED_CONTEXT ( ( #2020, #6644, #5954 ) ) REPRESENTATION_CONTEXT ( 'NONE', 'WORKASPACE' ) );
#6335 =( NAMED_UNIT ( * ) PLANE_ANGLE_UNIT ( ) SI_UNIT ( $, .RADIAN. ) );
#6336 = CARTESIAN_POINT ( 'NONE',  ( 930.0000000000000000, -11.13693180368849944, 1043.863068196310223 ) ) ;
#6337 = ADVANCED_FACE ( 'NONE', ( #1091 ), #3406, .F. ) ;
#6338 = CIRCLE ( 'NONE', #4630, 2.500000000000000444 ) ;
#6339 = ADVANCED_FACE ( 'NONE', ( #2648 ), #327, .T. ) ;
#6340 = DIRECTION ( 'NONE',  ( 1.000000000000000000, 0.000000000000000000, 0.000000000000000000 ) ) ;
#6341 = SURFACE_SIDE_STYLE ('',( #4002 ) ) ;
#6342 = DIRECTION ( 'NONE',  ( 0.000000000000000000, 1.000000000000000000, 0.000000000000000000 ) ) ;
#6343 = ORIENTED_EDGE ( 'NONE', *, *, #4511, .T. ) ;
#6344 = AXIS2_PLACEMENT_3D ( 'NONE', #4020, #2930, #5705 ) ;
#6345 = EDGE_LOOP ( 'NONE', ( #7373, #4083 ) ) ;
#6346 = ORIENTED_EDGE ( 'NONE', *, *, #5122, .F. ) ;
#6347 = SURFACE_SIDE_STYLE ('',( #3790 ) ) ;
#6348 = VERTEX_POINT ( 'NONE', #4445 ) ;
#6349 =( NAMED_UNIT ( * ) SI_UNIT ( $, .STERADIAN. ) SOLID_ANGLE_UNIT ( ) );
#6350 = CARTESIAN_POINT ( 'NONE',  ( 921.5000000000000000, -23.62698137422528077, 1069.973886429606864 ) ) ;
#6351 = EDGE_CURVE ( 'NONE', #2891, #599, #1440, .T. ) ;
#6352 = SURFACE_SIDE_STYLE ('',( #6937 ) ) ;
#6353 =( GEOMETRIC_REPRESENTATION_CONTEXT ( 3 ) GLOBAL_UNCERTAINTY_ASSIGNED_CONTEXT ( ( #4391 ) ) GLOBAL_UNIT_ASSIGNED_CONTEXT ( ( #312, #823, #3255 ) ) REPRESENTATION_CONTEXT ( 'NONE', 'WORKASPACE' ) );
#6354 = SURFACE_SIDE_STYLE ('',( #2152 ) ) ;
#6355 = VERTEX_POINT ( 'NONE', #6205 ) ;
#6356 = COLOUR_RGB ( '',0.4000000000000000222, 0.4000000000000000222, 0.4000000000000000222 ) ;
#6357 = LINE ( 'NONE', #395, #5579 ) ;
#6358 = COLOUR_RGB ( '',0.2000000000000000111, 0.2000000000000000111, 0.2000000000000000111 ) ;
#6359 = DIRECTION ( 'NONE',  ( 0.000000000000000000, 0.000000000000000000, 1.000000000000000000 ) ) ;
#6360 =( NAMED_UNIT ( * ) SI_UNIT ( $, .STERADIAN. ) SOLID_ANGLE_UNIT ( ) );
#6361 =( NAMED_UNIT ( * ) SI_UNIT ( $, .STERADIAN. ) SOLID_ANGLE_UNIT ( ) );
#6362 = AXIS2_PLACEMENT_3D ( 'NONE', #6106, #3852, #3208 ) ;
#6363 = SURFACE_SIDE_STYLE ('',( #527 ) ) ;
#6364 = PRESENTATION_LAYER_ASSIGNMENT (  '', '', ( #4768 ) ) ;
#6365 = ORIENTED_EDGE ( 'NONE', *, *, #2924, .F. ) ;
#6366 = CARTESIAN_POINT ( 'NONE',  ( 924.5000000000000000, 19.09188309203640088, 1035.908116907959993 ) ) ;
#6367 = ORIENTED_EDGE ( 'NONE', *, *, #4315, .T. ) ;
#6368 = CARTESIAN_POINT ( 'NONE',  ( 921.5000000000000000, -22.09188309203699774, 1074.091883092039780 ) ) ;
#6369 = FACE_OUTER_BOUND ( 'NONE', #5628, .T. ) ;
#6370 = DIRECTION ( 'NONE',  ( 1.000000000000000000, 0.000000000000000000, 0.000000000000000000 ) ) ;
#6371 = CARTESIAN_POINT ( 'NONE',  ( 924.5000000000000000, -4.223730556086869647, 1028.332414803930078 ) ) ;
#6372 = ADVANCED_FACE ( 'NONE', ( #3196 ), #4372, .T. ) ;
#6373 = CARTESIAN_POINT ( 'NONE',  ( 919.8594190122892087, -0.4329898069295676777, 1013.708506939987160 ) ) ;
#6374 = PRESENTATION_STYLE_ASSIGNMENT (( #1313 ) ) ;
#6375 = DIRECTION ( 'NONE',  ( 0.000000000000000000, 0.000000000000000000, 1.000000000000000000 ) ) ;
#6376 = FILL_AREA_STYLE ('',( #39 ) ) ;
#6377 = UNCERTAINTY_MEASURE_WITH_UNIT (LENGTH_MEASURE( 1.000000000000000082E-05 ), #4382, 'distance_accuracy_value', 'NONE');
#6378 = EDGE_CURVE ( 'NONE', #5699, #7214, #6661, .T. ) ;
#6379 = ORIENTED_EDGE ( 'NONE', *, *, #2406, .F. ) ;
#6380 = DIRECTION ( 'NONE',  ( 0.000000000000000000, 1.000000000000000000, 0.000000000000000000 ) ) ;
#6381 = LINE ( 'NONE', #4660, #3738 ) ;
#6382 = SURFACE_STYLE_FILL_AREA ( #7005 ) ;
#6383 = CIRCLE ( 'NONE', #4417, 2.749999999999940048 ) ;
#6384 = EDGE_LOOP ( 'NONE', ( #1824, #4134, #6671, #5638 ) ) ;
#6385 = FILL_AREA_STYLE_COLOUR ( '', #1656 ) ;
#6386 = FILL_AREA_STYLE_COLOUR ( '', #6358 ) ;
#6387 = DIRECTION ( 'NONE',  ( 1.000000000000000000, 0.000000000000000000, 0.000000000000000000 ) ) ;
#6388 = AXIS2_PLACEMENT_3D ( 'NONE', #5645, #4376, #7456 ) ;
#6389 = DIRECTION ( 'NONE',  ( 1.000000000000000000, 0.000000000000000000, 0.000000000000000000 ) ) ;
#6390 =( GEOMETRIC_REPRESENTATION_CONTEXT ( 3 ) GLOBAL_UNCERTAINTY_ASSIGNED_CONTEXT ( ( #6941 ) ) GLOBAL_UNIT_ASSIGNED_CONTEXT ( ( #1241, #5836, #725 ) ) REPRESENTATION_CONTEXT ( 'NONE', 'WORKASPACE' ) );
#6391 = ADVANCED_FACE ( 'NONE', ( #449 ), #5786, .T. ) ;
#6392 = ORIENTED_EDGE ( 'NONE', *, *, #2774, .T. ) ;
#6393 = CARTESIAN_POINT ( 'NONE',  ( 923.0000000000000000, -2.217384432252441547E-13, 1036.750000000000000 ) ) ;
#6394 = TOROIDAL_SURFACE ( 'NONE', #1411, 21.00000000000000000, 1.000000000000000000 ) ;
#6395 = FACE_OUTER_BOUND ( 'NONE', #2888, .T. ) ;
#6396 = DIRECTION ( 'NONE',  ( 0.000000000000000000, -1.000000000000000000, 0.000000000000000000 ) ) ;
#6397 = CARTESIAN_POINT ( 'NONE',  ( 930.0000000000000000, 15.74999999999969802, 1055.000000000000000 ) ) ;
#6398 = STYLED_ITEM ( 'NONE', ( #3736 ), #1037 ) ;
#6399 = CARTESIAN_POINT ( 'NONE',  ( 924.2000000000000455, -1.896151548305809998E-13, 1055.000000000000000 ) ) ;
#6400 = PRESENTATION_LAYER_ASSIGNMENT (  '', '', ( #7389 ) ) ;
#6401 = CARTESIAN_POINT ( 'NONE',  ( 920.5000000000000000, 19.00000000000000000, 1055.000000000000000 ) ) ;
#6402 = COLOUR_RGB ( '',0.4000000000000000222, 0.4000000000000000222, 0.4000000000000000222 ) ;
#6403 = ORIENTED_EDGE ( 'NONE', *, *, #5543, .F. ) ;
#6404 = MECHANICAL_DESIGN_GEOMETRIC_PRESENTATION_REPRESENTATION (  '', ( #5062 ), #184 ) ;
#6405 = MECHANICAL_DESIGN_GEOMETRIC_PRESENTATION_REPRESENTATION (  '', ( #6647 ), #1423 ) ;
#6406 = ORIENTED_EDGE ( 'NONE', *, *, #1361, .T. ) ;
#6407 = DIRECTION ( 'NONE',  ( 0.000000000000000000, 1.000000000000000000, 0.000000000000000000 ) ) ;
#6408 =( LENGTH_UNIT ( ) NAMED_UNIT ( * ) SI_UNIT ( .MILLI., .METRE. ) );
#6409 =( NAMED_UNIT ( * ) SI_UNIT ( $, .STERADIAN. ) SOLID_ANGLE_UNIT ( ) );
#6410 = FILL_AREA_STYLE ('',( #5792 ) ) ;
#6411 =( NAMED_UNIT ( * ) SI_UNIT ( $, .STERADIAN. ) SOLID_ANGLE_UNIT ( ) );
#6412 = AXIS2_PLACEMENT_3D ( 'NONE', #4265, #1989, #339 ) ;
#6413 = STYLED_ITEM ( 'NONE', ( #7559 ), #6015 ) ;
#6414 = DIRECTION ( 'NONE',  ( 1.000000000000000000, 0.000000000000000000, 0.000000000000000000 ) ) ;
#6415 = CARTESIAN_POINT ( 'NONE',  ( 942.4931468039650326, -1.919175963709589834E-13, 1055.000000000000000 ) ) ;
#6416 = FACE_OUTER_BOUND ( 'NONE', #173, .T. ) ;
#6417 = COLOUR_RGB ( '',0.2000000000000000111, 0.2000000000000000111, 0.2000000000000000111 ) ;
#6418 =( LENGTH_UNIT ( ) NAMED_UNIT ( * ) SI_UNIT ( .MILLI., .METRE. ) );
#6419 = SURFACE_STYLE_FILL_AREA ( #5344 ) ;
#6420 = CIRCLE ( 'NONE', #2777, 2.999999999999999112 ) ;
#6421 = CARTESIAN_POINT ( 'NONE',  ( 924.5393258426970533, 0.4950567504589660217, 1024.131613179890110 ) ) ;
#6422 = EDGE_CURVE ( 'NONE', #5005, #2037, #5687, .T. ) ;
#6423 = PLANE ( 'NONE',  #5009 ) ;
#6424 = STYLED_ITEM ( 'NONE', ( #7137 ), #6439 ) ;
#6425 = FILL_AREA_STYLE ('',( #7118 ) ) ;
#6426 = CYLINDRICAL_SURFACE ( 'NONE', #155, 2.750000000000059064 ) ;
#6427 = EDGE_LOOP ( 'NONE', ( #5209, #1712, #5059, #4851 ) ) ;
#6428 = DIRECTION ( 'NONE',  ( 0.4067366430757995976, 0.000000000000000000, 0.9135454576426011997 ) ) ;
#6429 = DIRECTION ( 'NONE',  ( 0.000000000000000000, 0.8910065241883723397, -0.4539904997395379782 ) ) ;
#6430 = MECHANICAL_DESIGN_GEOMETRIC_PRESENTATION_REPRESENTATION (  '', ( #1571 ), #1709 ) ;
#6431 = FILL_AREA_STYLE ('',( #586 ) ) ;
#6432 = EDGE_CURVE ( 'NONE', #5135, #3552, #86, .T. ) ;
#6433 =( NAMED_UNIT ( * ) PLANE_ANGLE_UNIT ( ) SI_UNIT ( $, .RADIAN. ) );
#6434 = ORIENTED_EDGE ( 'NONE', *, *, #3946, .F. ) ;
#6435 = FILL_AREA_STYLE ('',( #5774 ) ) ;
#6436 = CARTESIAN_POINT ( 'NONE',  ( 921.5000000000000000, -24.05717615308610391, 1042.742256507029879 ) ) ;
#6437 = DIRECTION ( 'NONE',  ( 0.000000000000000000, -1.000000000000000000, 0.000000000000000000 ) ) ;
#6438 = DIRECTION ( 'NONE',  ( -1.000000000000000000, 0.000000000000000000, 0.000000000000000000 ) ) ;
#6439 = ADVANCED_FACE ( 'NONE', ( #3018 ), #213, .T. ) ;
#6440 = MECHANICAL_DESIGN_GEOMETRIC_PRESENTATION_REPRESENTATION (  '', ( #6809 ), #7560 ) ;
#6441 = DIRECTION ( 'NONE',  ( -1.000000000000000000, 0.000000000000000000, 0.000000000000000000 ) ) ;
#6442 = ORIENTED_EDGE ( 'NONE', *, *, #6038, .T. ) ;
#6443 = SURFACE_STYLE_FILL_AREA ( #1823 ) ;
#6444 = ORIENTED_EDGE ( 'NONE', *, *, #297, .T. ) ;
#6445 = LINE ( 'NONE', #4607, #6214 ) ;
#6446 = CARTESIAN_POINT ( 'NONE',  ( 971.5000000000000000, -20.34035696632039603, 1071.641615150511825 ) ) ;
#6447 = AXIS2_PLACEMENT_3D ( 'NONE', #6570, #7326, #6018 ) ;
#6448 = DIRECTION ( 'NONE',  ( 1.000000000000000000, 0.000000000000000000, 0.000000000000000000 ) ) ;
#6449 = ORIENTED_EDGE ( 'NONE', *, *, #268, .F. ) ;
#6450 = DIRECTION ( 'NONE',  ( 1.000000000000000000, 0.000000000000000000, 0.000000000000000000 ) ) ;
#6451 = FILL_AREA_STYLE ('',( #2946 ) ) ;
#6452 =( LENGTH_UNIT ( ) NAMED_UNIT ( * ) SI_UNIT ( .MILLI., .METRE. ) );
#6453 = DIRECTION ( 'NONE',  ( 1.000000000000000000, 0.000000000000000000, 0.000000000000000000 ) ) ;
#6454 =( LENGTH_UNIT ( ) NAMED_UNIT ( * ) SI_UNIT ( .MILLI., .METRE. ) );
#6455 =( GEOMETRIC_REPRESENTATION_CONTEXT ( 3 ) GLOBAL_UNCERTAINTY_ASSIGNED_CONTEXT ( ( #207 ) ) GLOBAL_UNIT_ASSIGNED_CONTEXT ( ( #118, #5810, #1324 ) ) REPRESENTATION_CONTEXT ( 'NONE', 'WORKASPACE' ) );
#6456 = MECHANICAL_DESIGN_GEOMETRIC_PRESENTATION_REPRESENTATION (  '', ( #1865 ), #2462 ) ;
#6457 = VERTEX_POINT ( 'NONE', #4322 ) ;
#6458 = EDGE_LOOP ( 'NONE', ( #7051, #6365 ) ) ;
#6459 = DIRECTION ( 'NONE',  ( 1.000000000000000000, 0.000000000000000000, 0.000000000000000000 ) ) ;
#6460 = EDGE_CURVE ( 'NONE', #2237, #7169, #5935, .T. ) ;
#6461 = COLOUR_RGB ( '',0.2000000000000000111, 0.2000000000000000111, 0.2000000000000000111 ) ;
#6462 = VERTEX_POINT ( 'NONE', #2747 ) ;
#6463 = CARTESIAN_POINT ( 'NONE',  ( 921.5000000000000000, -29.66758519606889877, 1050.776269443909996 ) ) ;
#6464 = DIRECTION ( 'NONE',  ( 1.000000000000000000, 0.000000000000000000, 0.000000000000000000 ) ) ;
#6465 = DIRECTION ( 'NONE',  ( 0.000000000000000000, 1.000000000000000000, 0.000000000000000000 ) ) ;
#6466 = VECTOR ( 'NONE', #5632, 1000.000000000000000 ) ;
#6467 = EDGE_LOOP ( 'NONE', ( #3501, #3764, #394, #5696 ) ) ;
#6468 =( NAMED_UNIT ( * ) SI_UNIT ( $, .STERADIAN. ) SOLID_ANGLE_UNIT ( ) );
#6469 = DIRECTION ( 'NONE',  ( 0.4067366430757991536, -2.775557561562891043E-17, 0.9135454576426014217 ) ) ;
#6470 = SURFACE_STYLE_USAGE ( .BOTH. , #1219 ) ;
#6471 = EDGE_CURVE ( 'NONE', #1767, #4816, #828, .T. ) ;
#6472 = SURFACE_STYLE_USAGE ( .BOTH. , #1364 ) ;
#6473 = UNCERTAINTY_MEASURE_WITH_UNIT (LENGTH_MEASURE( 1.000000000000000082E-05 ), #1492, 'distance_accuracy_value', 'NONE');
#6474 = FILL_AREA_STYLE_COLOUR ( '', #6475 ) ;
#6475 = COLOUR_RGB ( '',0.2000000000000000111, 0.2000000000000000111, 0.2000000000000000111 ) ;
#6476 = DIRECTION ( 'NONE',  ( 0.000000000000000000, 1.000000000000000000, 0.000000000000000000 ) ) ;
#6477 = PLANE ( 'NONE',  #4040 ) ;
#6478 = CIRCLE ( 'NONE', #4515, 2.749999999999998668 ) ;
#6479 = ORIENTED_EDGE ( 'NONE', *, *, #3004, .T. ) ;
#6480 =( LENGTH_UNIT ( ) NAMED_UNIT ( * ) SI_UNIT ( .MILLI., .METRE. ) );
#6481 = EDGE_CURVE ( 'NONE', #3140, #108, #1569, .T. ) ;
#6482 = PRESENTATION_STYLE_ASSIGNMENT (( #4172 ) ) ;
#6483 = DIRECTION ( 'NONE',  ( 0.000000000000000000, 1.000000000000000000, 0.000000000000000000 ) ) ;
#6484 = ORIENTED_EDGE ( 'NONE', *, *, #3683, .T. ) ;
#6485 = DIRECTION ( 'NONE',  ( 0.000000000000000000, -1.000000000000000000, 0.000000000000000000 ) ) ;
#6486 = PRESENTATION_LAYER_ASSIGNMENT (  '', '', ( #5014 ) ) ;
#6487 = AXIS2_PLACEMENT_3D ( 'NONE', #6511, #2308, #665 ) ;
#6488 = LINE ( 'NONE', #3436, #4775 ) ;
#6489 = PLANE ( 'NONE',  #4431 ) ;
#6490 = CARTESIAN_POINT ( 'NONE',  ( 923.0000000000000000, 11.13693180368799851, 1046.363068196309996 ) ) ;
#6491 =( LENGTH_UNIT ( ) NAMED_UNIT ( * ) SI_UNIT ( .MILLI., .METRE. ) );
#6492 =( GEOMETRIC_REPRESENTATION_CONTEXT ( 3 ) GLOBAL_UNCERTAINTY_ASSIGNED_CONTEXT ( ( #7490 ) ) GLOBAL_UNIT_ASSIGNED_CONTEXT ( ( #1707, #7493, #6168 ) ) REPRESENTATION_CONTEXT ( 'NONE', 'WORKASPACE' ) );
#6493 = ORIENTED_EDGE ( 'NONE', *, *, #3206, .T. ) ;
#6494 =( GEOMETRIC_REPRESENTATION_CONTEXT ( 3 ) GLOBAL_UNCERTAINTY_ASSIGNED_CONTEXT ( ( #7391 ) ) GLOBAL_UNIT_ASSIGNED_CONTEXT ( ( #7065, #7538, #1157 ) ) REPRESENTATION_CONTEXT ( 'NONE', 'WORKASPACE' ) );
#6495 = EDGE_CURVE ( 'NONE', #5169, #3647, #6922, .T. ) ;
#6496 = AXIS2_PLACEMENT_3D ( 'NONE', #2099, #6728, #5695 ) ;
#6497 = PLANE ( 'NONE',  #3303 ) ;
#6498 = DIRECTION ( 'NONE',  ( 0.000000000000000000, 0.4539904997395702857, -0.8910065241883557974 ) ) ;
#6499 = FILL_AREA_STYLE_COLOUR ( '', #663 ) ;
#6500 = SURFACE_SIDE_STYLE ('',( #4146 ) ) ;
#6501 =( GEOMETRIC_REPRESENTATION_CONTEXT ( 3 ) GLOBAL_UNCERTAINTY_ASSIGNED_CONTEXT ( ( #1407 ) ) GLOBAL_UNIT_ASSIGNED_CONTEXT ( ( #231, #7233, #3171 ) ) REPRESENTATION_CONTEXT ( 'NONE', 'WORKASPACE' ) );
#6502 = ORIENTED_EDGE ( 'NONE', *, *, #2741, .T. ) ;
#6503 = CARTESIAN_POINT ( 'NONE',  ( 924.2000000000000455, -10.00000000000019007, 1055.000000000000000 ) ) ;
#6504 = DIRECTION ( 'NONE',  ( -1.000000000000000000, 0.000000000000000000, 0.000000000000000000 ) ) ;
#6505 = ORIENTED_EDGE ( 'NONE', *, *, #2668, .T. ) ;
#6506 = CARTESIAN_POINT ( 'NONE',  ( 930.0000000000000000, -1.903451637829659917E-13, 1055.000000000000000 ) ) ;
#6507 = DIRECTION ( 'NONE',  ( 1.000000000000000000, 0.000000000000000000, 0.000000000000000000 ) ) ;
#6508 = DIRECTION ( 'NONE',  ( 0.000000000000000000, 1.000000000000000000, 0.000000000000000000 ) ) ;
#6509 =( GEOMETRIC_REPRESENTATION_CONTEXT ( 3 ) GLOBAL_UNCERTAINTY_ASSIGNED_CONTEXT ( ( #578 ) ) GLOBAL_UNIT_ASSIGNED_CONTEXT ( ( #6418, #4652, #5202 ) ) REPRESENTATION_CONTEXT ( 'NONE', 'WORKASPACE' ) );
#6510 = ORIENTED_EDGE ( 'NONE', *, *, #4644, .F. ) ;
#6511 = CARTESIAN_POINT ( 'NONE',  ( 924.6000000000000227, -2.011501236303849749E-13, 1055.000000000000000 ) ) ;
#6512 = STYLED_ITEM ( 'NONE', ( #2045 ), #1509 ) ;
#6513 = DIRECTION ( 'NONE',  ( 1.000000000000000000, 0.000000000000000000, 0.000000000000000000 ) ) ;
#6514 = CIRCLE ( 'NONE', #4916, 25.00000000000000000 ) ;
#6515 = CARTESIAN_POINT ( 'NONE',  ( 921.5000000000000000, 29.66758519606849731, 1059.223730556090004 ) ) ;
#6516 = FACE_OUTER_BOUND ( 'NONE', #5816, .T. ) ;
#6517 = AXIS2_PLACEMENT_3D ( 'NONE', #6029, #1388, #7268 ) ;
#6518 = CARTESIAN_POINT ( 'NONE',  ( 971.5000000000000000, -26.23739041720817511, 1056.507587619443484 ) ) ;
#6519 = DIRECTION ( 'NONE',  ( 0.000000000000000000, 0.000000000000000000, 1.000000000000000000 ) ) ;
#6520 = STYLED_ITEM ( 'NONE', ( #5988 ), #698 ) ;
#6521 = EDGE_CURVE ( 'NONE', #7111, #5518, #4596, .T. ) ;
#6522 = MECHANICAL_DESIGN_GEOMETRIC_PRESENTATION_REPRESENTATION (  '', ( #7131 ), #2036 ) ;
#6523 = ORIENTED_EDGE ( 'NONE', *, *, #5142, .T. ) ;
#6524 = CARTESIAN_POINT ( 'NONE',  ( 935.2080684910130230, -1.922367854905380091E-13, 1048.228931659660020 ) ) ;
#6525 = MECHANICAL_DESIGN_GEOMETRIC_PRESENTATION_REPRESENTATION (  '', ( #5658 ), #6264 ) ;
#6526 = ORIENTED_EDGE ( 'NONE', *, *, #5362, .F. ) ;
#6527 = CARTESIAN_POINT ( 'NONE',  ( 924.6000000000000227, 27.05717615308569890, 1042.742256507029879 ) ) ;
#6528 = FACE_BOUND ( 'NONE', #5643, .T. ) ;
#6529 = STYLED_ITEM ( 'NONE', ( #5512 ), #5771 ) ;
#6530 = SURFACE_STYLE_USAGE ( .BOTH. , #5905 ) ;
#6531 = EDGE_CURVE ( 'NONE', #7431, #6348, #3847, .T. ) ;
#6532 = AXIS2_PLACEMENT_3D ( 'NONE', #6716, #5378, #152 ) ;
#6533 = ORIENTED_EDGE ( 'NONE', *, *, #3860, .T. ) ;
#6534 = CYLINDRICAL_SURFACE ( 'NONE', #3500, 2.499999999999946709 ) ;
#6535 = CARTESIAN_POINT ( 'NONE',  ( 942.4931468039650326, -1.919175963709589834E-13, 1055.000000000000000 ) ) ;
#6536 = CARTESIAN_POINT ( 'NONE',  ( 971.5000000000000000, 27.91605907035258838, 1056.773462614562277 ) ) ;
#6537 = DIRECTION ( 'NONE',  ( 1.000000000000000000, 0.000000000000000000, 0.000000000000000000 ) ) ;
#6538 = STYLED_ITEM ( 'NONE', ( #4418 ), #1749 ) ;
#6539 = UNCERTAINTY_MEASURE_WITH_UNIT (LENGTH_MEASURE( 1.000000000000000082E-05 ), #3365, 'distance_accuracy_value', 'NONE');
#6540 = STYLED_ITEM ( 'NONE', ( #472 ), #6707 ) ;
#6541 = STYLED_ITEM ( 'NONE', ( #6668 ), #6003 ) ;
#6542 = FACE_BOUND ( 'NONE', #6872, .T. ) ;
#6543 = ADVANCED_FACE ( 'NONE', ( #3826, #6045 ), #4285, .F. ) ;
#6544 =( NAMED_UNIT ( * ) SI_UNIT ( $, .STERADIAN. ) SOLID_ANGLE_UNIT ( ) );
#6545 = AXIS2_PLACEMENT_3D ( 'NONE', #1199, #6450, #5872 ) ;
#6546 =( GEOMETRIC_REPRESENTATION_CONTEXT ( 3 ) GLOBAL_UNCERTAINTY_ASSIGNED_CONTEXT ( ( #3075 ) ) GLOBAL_UNIT_ASSIGNED_CONTEXT ( ( #5074, #2198, #4957 ) ) REPRESENTATION_CONTEXT ( 'NONE', 'WORKASPACE' ) );
#6547 = FILL_AREA_STYLE ('',( #7160 ) ) ;
#6548 = ORIENTED_EDGE ( 'NONE', *, *, #7006, .T. ) ;
#6549 = DIRECTION ( 'NONE',  ( -1.000000000000000000, 0.000000000000000000, 0.000000000000000000 ) ) ;
#6550 = VECTOR ( 'NONE', #6743, 1000.000000000000000 ) ;
#6551 = VERTEX_POINT ( 'NONE', #4634 ) ;
#6552 =( LENGTH_UNIT ( ) NAMED_UNIT ( * ) SI_UNIT ( .MILLI., .METRE. ) );
#6553 = PRESENTATION_STYLE_ASSIGNMENT (( #4198 ) ) ;
#6554 =( LENGTH_UNIT ( ) NAMED_UNIT ( * ) SI_UNIT ( .MILLI., .METRE. ) );
#6555 = CIRCLE ( 'NONE', #4839, 2.499999999999946709 ) ;
#6556 = CIRCLE ( 'NONE', #3492, 19.50000000000000000 ) ;
#6557 = UNCERTAINTY_MEASURE_WITH_UNIT (LENGTH_MEASURE( 1.000000000000000082E-05 ), #6992, 'distance_accuracy_value', 'NONE');
#6558 =( NAMED_UNIT ( * ) SI_UNIT ( $, .STERADIAN. ) SOLID_ANGLE_UNIT ( ) );
#6559 =( NAMED_UNIT ( * ) SI_UNIT ( $, .STERADIAN. ) SOLID_ANGLE_UNIT ( ) );
#6560 = EDGE_LOOP ( 'NONE', ( #5417, #826 ) ) ;
#6561 = FILL_AREA_STYLE_COLOUR ( '', #3769 ) ;
#6562 = DIRECTION ( 'NONE',  ( 0.000000000000000000, 1.000000000000000000, 0.000000000000000000 ) ) ;
#6563 = VERTEX_POINT ( 'NONE', #1618 ) ;
#6564 =( NAMED_UNIT ( * ) SI_UNIT ( $, .STERADIAN. ) SOLID_ANGLE_UNIT ( ) );
#6565 = PRESENTATION_LAYER_ASSIGNMENT (  '', '', ( #2669 ) ) ;
#6566 = CARTESIAN_POINT ( 'NONE',  ( 921.5000000000000000, -21.05717615308610391, 1067.257743492970121 ) ) ;
#6567 = FILL_AREA_STYLE_COLOUR ( '', #4649 ) ;
#6568 = CARTESIAN_POINT ( 'NONE',  ( 924.5000000000000000, -26.66758519606879574, 1059.223730556080000 ) ) ;
#6569 = FACE_OUTER_BOUND ( 'NONE', #6636, .T. ) ;
#6570 = CARTESIAN_POINT ( 'NONE',  ( 971.5000000000000000, -19.09188309203730327, 1035.908116907959993 ) ) ;
#6571 = VERTEX_POINT ( 'NONE', #6978 ) ;
#6572 = PRESENTATION_LAYER_ASSIGNMENT (  '', '', ( #5340 ) ) ;
#6573 = CIRCLE ( 'NONE', #627, 2.750000000000008882 ) ;
#6574 = CARTESIAN_POINT ( 'NONE',  ( 921.5000000000000000, -29.66758519606889877, 1059.223730556090004 ) ) ;
#6575 = FILL_AREA_STYLE_COLOUR ( '', #1002 ) ;
#6576 = VERTEX_POINT ( 'NONE', #4059 ) ;
#6577 = EDGE_CURVE ( 'NONE', #3778, #2941, #5804, .T. ) ;
#6578 = SURFACE_STYLE_FILL_AREA ( #1429 ) ;
#6579 = CIRCLE ( 'NONE', #2566, 2.999999999999999112 ) ;
#6580 = PLANE ( 'NONE',  #3282 ) ;
#6581 = SURFACE_STYLE_FILL_AREA ( #6547 ) ;
#6582 = EDGE_CURVE ( 'NONE', #846, #5851, #807, .T. ) ;
#6583 = ADVANCED_FACE ( 'NONE', ( #3073 ), #5292, .F. ) ;
#6584 = VERTEX_POINT ( 'NONE', #6515 ) ;
#6585 = SURFACE_SIDE_STYLE ('',( #4852 ) ) ;
#6586 = CARTESIAN_POINT ( 'NONE',  ( 924.5000000000000000, -4.223730556085800281, 1081.667585196069922 ) ) ;
#6587 = DIRECTION ( 'NONE',  ( -1.000000000000000000, 0.000000000000000000, 0.000000000000000000 ) ) ;
#6588 = ORIENTED_EDGE ( 'NONE', *, *, #5454, .F. ) ;
#6589 = EDGE_CURVE ( 'NONE', #3626, #5884, #2769, .T. ) ;
#6590 = CARTESIAN_POINT ( 'NONE',  ( 924.5000000000000000, 20.34035696632022550, 1038.358384849477943 ) ) ;
#6591 = UNCERTAINTY_MEASURE_WITH_UNIT (LENGTH_MEASURE( 1.000000000000000082E-05 ), #3120, 'distance_accuracy_value', 'NONE');
#6592 = EDGE_LOOP ( 'NONE', ( #6221, #972, #1138, #1284 ) ) ;
#6593 = CIRCLE ( 'NONE', #1621, 30.87235634127030082 ) ;
#6594 = DIRECTION ( 'NONE',  ( 1.000000000000000000, 0.000000000000000000, 0.000000000000000000 ) ) ;
#6595 = DIRECTION ( 'NONE',  ( 1.000000000000000000, 0.000000000000000000, 0.000000000000000000 ) ) ;
#6596 = ORIENTED_EDGE ( 'NONE', *, *, #3293, .T. ) ;
#6597 =( LENGTH_UNIT ( ) NAMED_UNIT ( * ) SI_UNIT ( .MILLI., .METRE. ) );
#6598 = DIRECTION ( 'NONE',  ( 1.000000000000000000, 0.000000000000000000, 0.000000000000000000 ) ) ;
#6599 = FILL_AREA_STYLE_COLOUR ( '', #5659 ) ;
#6600 = CARTESIAN_POINT ( 'NONE',  ( 924.5000000000000000, 25.41911132178497823, 1061.673998497597950 ) ) ;
#6601 = STYLED_ITEM ( 'NONE', ( #7247 ), #3168 ) ;
#6602 = ORIENTED_EDGE ( 'NONE', *, *, #2573, .T. ) ;
#6603 = CARTESIAN_POINT ( 'NONE',  ( 930.0000000000000000, 21.05717615308570245, 1042.742256507029879 ) ) ;
#6604 =( GEOMETRIC_REPRESENTATION_CONTEXT ( 3 ) GLOBAL_UNCERTAINTY_ASSIGNED_CONTEXT ( ( #5837 ) ) GLOBAL_UNIT_ASSIGNED_CONTEXT ( ( #4760, #79, #4216 ) ) REPRESENTATION_CONTEXT ( 'NONE', 'WORKASPACE' ) );
#6605 = ORIENTED_EDGE ( 'NONE', *, *, #4511, .F. ) ;
#6606 = MECHANICAL_DESIGN_GEOMETRIC_PRESENTATION_REPRESENTATION (  '', ( #7470 ), #6102 ) ;
#6607 = CARTESIAN_POINT ( 'NONE',  ( 930.0000000000000000, -12.25774349296800203, 1079.057176153090040 ) ) ;
#6608 = SURFACE_STYLE_FILL_AREA ( #4258 ) ;
#6609 = PRESENTATION_LAYER_ASSIGNMENT (  '', '', ( #3675 ) ) ;
#6610 = EDGE_CURVE ( 'NONE', #3586, #7286, #7031, .T. ) ;
#6611 = COLOUR_RGB ( '',0.2000000000000000111, 0.2000000000000000111, 0.2000000000000000111 ) ;
#6612 =( GEOMETRIC_REPRESENTATION_CONTEXT ( 3 ) GLOBAL_UNCERTAINTY_ASSIGNED_CONTEXT ( ( #2525 ) ) GLOBAL_UNIT_ASSIGNED_CONTEXT ( ( #5222, #671, #7570 ) ) REPRESENTATION_CONTEXT ( 'NONE', 'WORKASPACE' ) );
#6613 = VERTEX_POINT ( 'NONE', #4390 ) ;
#6614 = SURFACE_STYLE_USAGE ( .BOTH. , #4225 ) ;
#6615 = CIRCLE ( 'NONE', #23, 1.000000000000000888 ) ;
#6616 = AXIS2_PLACEMENT_3D ( 'NONE', #3858, #3250, #6194 ) ;
#6617 = MECHANICAL_DESIGN_GEOMETRIC_PRESENTATION_REPRESENTATION (  '', ( #4905 ), #2267 ) ;
#6618 = EDGE_CURVE ( 'NONE', #2568, #2615, #5196, .T. ) ;
#6619 = AXIS2_PLACEMENT_3D ( 'NONE', #5918, #7119, #766 ) ;
#6620 = VERTEX_POINT ( 'NONE', #351 ) ;
#6621 = DIRECTION ( 'NONE',  ( 1.000000000000000000, 0.000000000000000000, 0.000000000000000000 ) ) ;
#6622 = SURFACE_SIDE_STYLE ('',( #6156 ) ) ;
#6623 = CARTESIAN_POINT ( 'NONE',  ( 925.0000000000000000, -1.906009104440549693E-13, 1070.750000000000000 ) ) ;
#6624 = UNCERTAINTY_MEASURE_WITH_UNIT (LENGTH_MEASURE( 1.000000000000000082E-05 ), #5248, 'distance_accuracy_value', 'NONE');
#6625 = FILL_AREA_STYLE_COLOUR ( '', #1244 ) ;
#6626 = EDGE_CURVE ( 'NONE', #4520, #7091, #4195, .T. ) ;
#6627 = EDGE_CURVE ( 'NONE', #3694, #5396, #6074, .T. ) ;
#6628 = ORIENTED_EDGE ( 'NONE', *, *, #3310, .F. ) ;
#6629 = VERTEX_POINT ( 'NONE', #6730 ) ;
#6630 = DIRECTION ( 'NONE',  ( 1.000000000000000000, 0.000000000000000000, 0.000000000000000000 ) ) ;
#6631 = PRESENTATION_LAYER_ASSIGNMENT (  '', '', ( #2393 ) ) ;
#6632 = CARTESIAN_POINT ( 'NONE',  ( 971.5000000000000000, 27.09777997492922808, 1048.060126507273253 ) ) ;
#6633 = FILL_AREA_STYLE ('',( #6599 ) ) ;
#6634 = CIRCLE ( 'NONE', #2145, 2.749999999999999112 ) ;
#6635 = PRESENTATION_STYLE_ASSIGNMENT (( #4294 ) ) ;
#6636 = EDGE_LOOP ( 'NONE', ( #3868, #4323, #4540, #6526 ) ) ;
#6637 = COLOUR_RGB ( '',0.4000000000000000222, 0.4000000000000000222, 0.4000000000000000222 ) ;
#6638 = CIRCLE ( 'NONE', #5403, 2.749999999999999112 ) ;
#6639 =( LENGTH_UNIT ( ) NAMED_UNIT ( * ) SI_UNIT ( .MILLI., .METRE. ) );
#6640 = VERTEX_POINT ( 'NONE', #5010 ) ;
#6641 = PLANE ( 'NONE',  #5190 ) ;
#6642 = FACE_OUTER_BOUND ( 'NONE', #5822, .T. ) ;
#6643 = AXIS2_PLACEMENT_3D ( 'NONE', #2165, #490, #4450 ) ;
#6644 =( NAMED_UNIT ( * ) PLANE_ANGLE_UNIT ( ) SI_UNIT ( $, .RADIAN. ) );
#6645 = EDGE_LOOP ( 'NONE', ( #5421, #4877, #829, #4485 ) ) ;
#6646 = CARTESIAN_POINT ( 'NONE',  ( 924.0000000000000000, 9.799999999999810640, 1055.000000000000000 ) ) ;
#6647 = STYLED_ITEM ( 'NONE', ( #1368 ), #5850 ) ;
#6648 = CARTESIAN_POINT ( 'NONE',  ( 924.5000000000000000, 19.09188309203720024, 1074.091883092029775 ) ) ;
#6649 = DIRECTION ( 'NONE',  ( 0.000000000000000000, 0.000000000000000000, 1.000000000000000000 ) ) ;
#6650 = AXIS2_PLACEMENT_3D ( 'NONE', #6506, #5321, #1286 ) ;
#6651 = CIRCLE ( 'NONE', #5796, 2.999999999999999112 ) ;
#6652 = ORIENTED_EDGE ( 'NONE', *, *, #3403, .T. ) ;
#6653 = PRESENTATION_STYLE_ASSIGNMENT (( #2028 ) ) ;
#6654 =( NAMED_UNIT ( * ) SI_UNIT ( $, .STERADIAN. ) SOLID_ANGLE_UNIT ( ) );
#6655 = CARTESIAN_POINT ( 'NONE',  ( 930.0000000000000000, 10.49999999910241577, 1055.000000000000000 ) ) ;
#6656 =( NAMED_UNIT ( * ) PLANE_ANGLE_UNIT ( ) SI_UNIT ( $, .RADIAN. ) );
#6657 = EDGE_CURVE ( 'NONE', #5702, #6300, #3833, .T. ) ;
#6658 = AXIS2_PLACEMENT_3D ( 'NONE', #7221, #188, #3732 ) ;
#6659 = ORIENTED_EDGE ( 'NONE', *, *, #3401, .F. ) ;
#6660 = CIRCLE ( 'NONE', #690, 3.000000000000000888 ) ;
#6661 = CIRCLE ( 'NONE', #3024, 2.999999999999999112 ) ;
#6662 = EDGE_LOOP ( 'NONE', ( #4424, #5366 ) ) ;
#6663 = CYLINDRICAL_SURFACE ( 'NONE', #2382, 2.749999999999998224 ) ;
#6664 = CARTESIAN_POINT ( 'NONE',  ( 921.5000000000000000, -19.09188309203659983, 1074.091883092029775 ) ) ;
#6665 = ADVANCED_FACE ( 'NONE', ( #6157 ), #6771, .F. ) ;
#6666 = EDGE_CURVE ( 'NONE', #6193, #3355, #5662, .T. ) ;
#6667 = CARTESIAN_POINT ( 'NONE',  ( 930.0000000000000000, 21.05717615308580193, 1067.257743492970121 ) ) ;
#6668 = PRESENTATION_STYLE_ASSIGNMENT (( #6122 ) ) ;
#6669 =( GEOMETRIC_REPRESENTATION_CONTEXT ( 3 ) GLOBAL_UNCERTAINTY_ASSIGNED_CONTEXT ( ( #2511 ) ) GLOBAL_UNIT_ASSIGNED_CONTEXT ( ( #2672, #3034, #5883 ) ) REPRESENTATION_CONTEXT ( 'NONE', 'WORKASPACE' ) );
#6670 =( NAMED_UNIT ( * ) PLANE_ANGLE_UNIT ( ) SI_UNIT ( $, .RADIAN. ) );
#6671 = ORIENTED_EDGE ( 'NONE', *, *, #4898, .F. ) ;
#6672 = DIRECTION ( 'NONE',  ( 0.000000000000000000, -1.000000000000000000, 0.000000000000000000 ) ) ;
#6673 = CIRCLE ( 'NONE', #3385, 2.999999999999999112 ) ;
#6674 =( NAMED_UNIT ( * ) PLANE_ANGLE_UNIT ( ) SI_UNIT ( $, .RADIAN. ) );
#6675 = EDGE_LOOP ( 'NONE', ( #5930, #4701, #3149, #6726 ) ) ;
#6676 = CARTESIAN_POINT ( 'NONE',  ( 930.0000000000000000, 15.74999999999969802, 1055.000000000000000 ) ) ;
#6677 = FILL_AREA_STYLE_COLOUR ( '', #2989 ) ;
#6678 = SURFACE_STYLE_FILL_AREA ( #261 ) ;
#6679 =( NAMED_UNIT ( * ) SI_UNIT ( $, .STERADIAN. ) SOLID_ANGLE_UNIT ( ) );
#6680 =( NAMED_UNIT ( * ) PLANE_ANGLE_UNIT ( ) SI_UNIT ( $, .RADIAN. ) );
#6681 = PRESENTATION_LAYER_ASSIGNMENT (  '', '', ( #2197 ) ) ;
#6682 =( NAMED_UNIT ( * ) PLANE_ANGLE_UNIT ( ) SI_UNIT ( $, .RADIAN. ) );
#6683 = ORIENTED_EDGE ( 'NONE', *, *, #4252, .F. ) ;
#6684 = DIRECTION ( 'NONE',  ( 1.000000000000000000, 0.000000000000000000, 0.000000000000000000 ) ) ;
#6685 = CARTESIAN_POINT ( 'NONE',  ( 921.5000000000000000, 19.09188309203720024, 1074.091883092029775 ) ) ;
#6686 = STYLED_ITEM ( 'NONE', ( #6635 ), #2150 ) ;
#6687 = ORIENTED_EDGE ( 'NONE', *, *, #3066, .F. ) ;
#6688 = EDGE_LOOP ( 'NONE', ( #3640, #803, #117, #5693 ) ) ;
#6689 = CARTESIAN_POINT ( 'NONE',  ( 919.2511829564709842, -1.889922788399789826E-13, 1055.000000000000000 ) ) ;
#6690 = CARTESIAN_POINT ( 'NONE',  ( 919.5467112853355047, -4.127166807903402707E-07, 1013.544666041327446 ) ) ;
#6691 = AXIS2_PLACEMENT_3D ( 'NONE', #2752, #3987, #6786 ) ;
#6692 = DIRECTION ( 'NONE',  ( 1.000000000000000000, 0.000000000000000000, 0.000000000000000000 ) ) ;
#6693 = UNCERTAINTY_MEASURE_WITH_UNIT (LENGTH_MEASURE( 1.000000000000000082E-05 ), #1768, 'distance_accuracy_value', 'NONE');
#6694 = PLANE ( 'NONE',  #5260 ) ;
#6695 = EDGE_CURVE ( 'NONE', #3332, #4117, #2298, .T. ) ;
#6696 = VERTEX_POINT ( 'NONE', #6350 ) ;
#6697 = STYLED_ITEM ( 'NONE', ( #5715 ), #87 ) ;
#6698 =( NAMED_UNIT ( * ) SI_UNIT ( $, .STERADIAN. ) SOLID_ANGLE_UNIT ( ) );
#6699 = CARTESIAN_POINT ( 'NONE',  ( 924.6000000000000227, 12.25774349296749932, 1030.942823846909960 ) ) ;
#6700 = DIRECTION ( 'NONE',  ( 1.000000000000000000, 0.000000000000000000, 0.000000000000000000 ) ) ;
#6701 = ORIENTED_EDGE ( 'NONE', *, *, #4549, .F. ) ;
#6702 =( LENGTH_UNIT ( ) NAMED_UNIT ( * ) SI_UNIT ( .MILLI., .METRE. ) );
#6703 = VECTOR ( 'NONE', #3768, 1000.000000000000000 ) ;
#6704 =( GEOMETRIC_REPRESENTATION_CONTEXT ( 3 ) GLOBAL_UNCERTAINTY_ASSIGNED_CONTEXT ( ( #3345 ) ) GLOBAL_UNIT_ASSIGNED_CONTEXT ( ( #2601, #6778, #6698 ) ) REPRESENTATION_CONTEXT ( 'NONE', 'WORKASPACE' ) );
#6705 = DIRECTION ( 'NONE',  ( -1.000000000000000000, 0.000000000000000000, 0.000000000000000000 ) ) ;
#6706 = DIRECTION ( 'NONE',  ( 0.000000000000000000, -1.000000000000000000, 0.000000000000000000 ) ) ;
#6707 = ADVANCED_FACE ( 'NONE', ( #6269 ), #2785, .F. ) ;
#6708 = MECHANICAL_DESIGN_GEOMETRIC_PRESENTATION_REPRESENTATION (  '', ( #1360 ), #2700 ) ;
#6709 = EDGE_LOOP ( 'NONE', ( #5464, #5288 ) ) ;
#6710 = PRESENTATION_STYLE_ASSIGNMENT (( #6055 ) ) ;
#6711 = FILL_AREA_STYLE ('',( #5566 ) ) ;
#6712 = ORIENTED_EDGE ( 'NONE', *, *, #3401, .T. ) ;
#6713 = DIRECTION ( 'NONE',  ( -1.000000000000000000, 0.000000000000000000, 0.000000000000000000 ) ) ;
#6714 = SURFACE_SIDE_STYLE ('',( #330 ) ) ;
#6715 =( NAMED_UNIT ( * ) SI_UNIT ( $, .STERADIAN. ) SOLID_ANGLE_UNIT ( ) );
#6716 = CARTESIAN_POINT ( 'NONE',  ( 924.6000000000000227, -4.223730556086429999, 1081.667585196069922 ) ) ;
#6717 = PRESENTATION_LAYER_ASSIGNMENT (  '', '', ( #6220 ) ) ;
#6718 = SURFACE_STYLE_USAGE ( .BOTH. , #1385 ) ;
#6719 = DIRECTION ( 'NONE',  ( 1.000000000000000000, 0.000000000000000000, 0.000000000000000000 ) ) ;
#6720 = EDGE_CURVE ( 'NONE', #6348, #7431, #7528, .T. ) ;
#6721 = AXIS2_PLACEMENT_3D ( 'NONE', #119, #4155, #1912 ) ;
#6722 = CYLINDRICAL_SURFACE ( 'NONE', #2143, 20.00000000000000000 ) ;
#6723 = DIRECTION ( 'NONE',  ( 0.000000000000000000, -1.000000000000000000, 0.000000000000000000 ) ) ;
#6724 = AXIS2_PLACEMENT_3D ( 'NONE', #5789, #5194, #3435 ) ;
#6725 =( NAMED_UNIT ( * ) PLANE_ANGLE_UNIT ( ) SI_UNIT ( $, .RADIAN. ) );
#6726 = ORIENTED_EDGE ( 'NONE', *, *, #1408, .F. ) ;
#6727 = VERTEX_POINT ( 'NONE', #619 ) ;
#6728 = DIRECTION ( 'NONE',  ( -1.000000000000000000, 0.000000000000000000, 0.000000000000000000 ) ) ;
#6729 = SURFACE_STYLE_USAGE ( .BOTH. , #6622 ) ;
#6730 = CARTESIAN_POINT ( 'NONE',  ( 921.5000000000000000, -15.25774349296800025, 1030.942823846909960 ) ) ;
#6731 = ORIENTED_EDGE ( 'NONE', *, *, #5821, .F. ) ;
#6732 = FILL_AREA_STYLE_COLOUR ( '', #2790 ) ;
#6733 = VECTOR ( 'NONE', #4120, 1000.000000000000000 ) ;
#6734 = DIRECTION ( 'NONE',  ( -1.000000000000000000, 0.000000000000000000, 0.000000000000000000 ) ) ;
#6735 =( NAMED_UNIT ( * ) PLANE_ANGLE_UNIT ( ) SI_UNIT ( $, .RADIAN. ) );
#6736 = DIRECTION ( 'NONE',  ( 0.000000000000000000, -0.9876883405951439876, -0.1564344650401914560 ) ) ;
#6737 = CARTESIAN_POINT ( 'NONE',  ( 930.0000000000000000, -29.66758519606889877, 1059.223730556090004 ) ) ;
#6738 = EDGE_CURVE ( 'NONE', #7271, #3140, #50, .T. ) ;
#6739 = FILL_AREA_STYLE_COLOUR ( '', #1637 ) ;
#6740 = DIRECTION ( 'NONE',  ( 1.000000000000000000, 0.000000000000000000, 0.000000000000000000 ) ) ;
#6741 = SURFACE_STYLE_USAGE ( .BOTH. , #5561 ) ;
#6742 = ORIENTED_EDGE ( 'NONE', *, *, #1935, .F. ) ;
#6743 = DIRECTION ( 'NONE',  ( 1.000000000000000000, 0.000000000000000000, 0.000000000000000000 ) ) ;
#6744 =( LENGTH_UNIT ( ) NAMED_UNIT ( * ) SI_UNIT ( .MILLI., .METRE. ) );
#6745 = AXIS2_PLACEMENT_3D ( 'NONE', #7341, #5717, #1047 ) ;
#6746 = CARTESIAN_POINT ( 'NONE',  ( 921.5000000000000000, 4.223730556086159993, 1081.667585196069922 ) ) ;
#6747 = ORIENTED_EDGE ( 'NONE', *, *, #6899, .T. ) ;
#6748 = SURFACE_STYLE_USAGE ( .BOTH. , #410 ) ;
#6749 = CARTESIAN_POINT ( 'NONE',  ( 923.0000000000000000, -2.220446049250309799E-13, 1039.250000000000000 ) ) ;
#6750 = STYLED_ITEM ( 'NONE', ( #3661 ), #5177 ) ;
#6751 = EDGE_CURVE ( 'NONE', #6283, #873, #6556, .T. ) ;
#6752 = DIRECTION ( 'NONE',  ( 0.000000000000000000, -1.000000000000000000, 0.000000000000000000 ) ) ;
#6753 = COLOUR_RGB ( '',0.2000000000000000111, 0.2000000000000000111, 0.2000000000000000111 ) ;
#6754 = SURFACE_SIDE_STYLE ('',( #1046 ) ) ;
#6755 = SURFACE_SIDE_STYLE ('',( #2686 ) ) ;
#6756 = FACE_BOUND ( 'NONE', #2809, .T. ) ;
#6757 = AXIS2_PLACEMENT_3D ( 'NONE', #7265, #6025, #3201 ) ;
#6758 =( LENGTH_UNIT ( ) NAMED_UNIT ( * ) SI_UNIT ( .MILLI., .METRE. ) );
#6759 = VECTOR ( 'NONE', #7215, 1000.000000000000000 ) ;
#6760 =( NAMED_UNIT ( * ) SI_UNIT ( $, .STERADIAN. ) SOLID_ANGLE_UNIT ( ) );
#6761 = FILL_AREA_STYLE_COLOUR ( '', #74 ) ;
#6762 = EDGE_CURVE ( 'NONE', #4233, #2297, #192, .T. ) ;
#6763 = UNCERTAINTY_MEASURE_WITH_UNIT (LENGTH_MEASURE( 1.000000000000000082E-05 ), #4622, 'distance_accuracy_value', 'NONE');
#6764 = AXIS2_PLACEMENT_3D ( 'NONE', #5894, #5938, #6752 ) ;
#6765 = ORIENTED_EDGE ( 'NONE', *, *, #4413, .F. ) ;
#6766 = ORIENTED_EDGE ( 'NONE', *, *, #5264, .T. ) ;
#6767 =( NAMED_UNIT ( * ) SI_UNIT ( $, .STERADIAN. ) SOLID_ANGLE_UNIT ( ) );
#6768 = CYLINDRICAL_SURFACE ( 'NONE', #6880, 2.999999999999999112 ) ;
#6769 = DIRECTION ( 'NONE',  ( 1.000000000000000000, 0.000000000000000000, 0.000000000000000000 ) ) ;
#6770 = PRESENTATION_STYLE_ASSIGNMENT (( #6039 ) ) ;
#6771 = CYLINDRICAL_SURFACE ( 'NONE', #4698, 2.999999999999999112 ) ;
#6772 = UNCERTAINTY_MEASURE_WITH_UNIT (LENGTH_MEASURE( 1.000000000000000082E-05 ), #4175, 'distance_accuracy_value', 'NONE');
#6773 = FACE_OUTER_BOUND ( 'NONE', #7162, .T. ) ;
#6774 = VECTOR ( 'NONE', #2134, 1000.000000000000000 ) ;
#6775 = AXIS2_PLACEMENT_3D ( 'NONE', #1213, #3529, #5845 ) ;
#6776 = COLOUR_RGB ( '',0.2000000000000000111, 0.2000000000000000111, 0.2000000000000000111 ) ;
#6777 = ORIENTED_EDGE ( 'NONE', *, *, #4307, .F. ) ;
#6778 =( NAMED_UNIT ( * ) PLANE_ANGLE_UNIT ( ) SI_UNIT ( $, .RADIAN. ) );
#6779 = SURFACE_SIDE_STYLE ('',( #2746 ) ) ;
#6780 = PRESENTATION_LAYER_ASSIGNMENT (  '', '', ( #3729 ) ) ;
#6781 =( GEOMETRIC_REPRESENTATION_CONTEXT ( 3 ) GLOBAL_UNCERTAINTY_ASSIGNED_CONTEXT ( ( #7466 ) ) GLOBAL_UNIT_ASSIGNED_CONTEXT ( ( #7395, #1557, #303 ) ) REPRESENTATION_CONTEXT ( 'NONE', 'WORKASPACE' ) );
#6782 = FACE_OUTER_BOUND ( 'NONE', #235, .T. ) ;
#6783 = CYLINDRICAL_SURFACE ( 'NONE', #3706, 2.750000000000059064 ) ;
#6784 = SURFACE_SIDE_STYLE ('',( #7413 ) ) ;
#6785 = SURFACE_STYLE_USAGE ( .BOTH. , #3154 ) ;
#6786 = DIRECTION ( 'NONE',  ( 0.000000000000000000, 0.000000000000000000, 1.000000000000000000 ) ) ;
#6787 = PRESENTATION_LAYER_ASSIGNMENT (  '', '', ( #3132 ) ) ;
#6788 = STYLED_ITEM ( 'NONE', ( #3267 ), #6339 ) ;
#6789 = ORIENTED_EDGE ( 'NONE', *, *, #418, .T. ) ;
#6790 = VERTEX_POINT ( 'NONE', #3602 ) ;
#6791 = DIRECTION ( 'NONE',  ( -1.000000000000000000, 1.258636124801849761E-16, 0.000000000000000000 ) ) ;
#6792 = CIRCLE ( 'NONE', #5211, 2.749999999999944489 ) ;
#6793 = DIRECTION ( 'NONE',  ( 0.000000000000000000, 0.000000000000000000, 1.000000000000000000 ) ) ;
#6794 = CARTESIAN_POINT ( 'NONE',  ( 921.5000000000000000, -19.09188309203700129, 1074.091883092039780 ) ) ;
#6795 = SURFACE_STYLE_FILL_AREA ( #6834 ) ;
#6796 = SURFACE_STYLE_FILL_AREA ( #5037 ) ;
#6797 = CIRCLE ( 'NONE', #3139, 2.999999999999999112 ) ;
#6798 = EDGE_CURVE ( 'NONE', #6283, #7111, #5924, .T. ) ;
#6799 = DIRECTION ( 'NONE',  ( 0.000000000000000000, 0.9876883405951439876, 0.1564344650401914560 ) ) ;
#6800 = DIRECTION ( 'NONE',  ( -1.000000000000000000, 0.000000000000000000, 0.000000000000000000 ) ) ;
#6801 = CARTESIAN_POINT ( 'NONE',  ( 924.5000000000000000, 6.673998497603653490, 1029.580888678213796 ) ) ;
#6802 = FILL_AREA_STYLE_COLOUR ( '', #1796 ) ;
#6803 = CIRCLE ( 'NONE', #3519, 2.750000000000000888 ) ;
#6804 = LINE ( 'NONE', #1513, #6774 ) ;
#6805 = EDGE_LOOP ( 'NONE', ( #6548, #5151 ) ) ;
#6806 = EDGE_CURVE ( 'NONE', #6462, #2937, #4441, .T. ) ;
#6807 = ORIENTED_EDGE ( 'NONE', *, *, #2573, .F. ) ;
#6808 = LINE ( 'NONE', #2138, #526 ) ;
#6809 = STYLED_ITEM ( 'NONE', ( #5587 ), #462 ) ;
#6810 = EDGE_LOOP ( 'NONE', ( #2217, #4224 ) ) ;
#6811 = CARTESIAN_POINT ( 'NONE',  ( 924.5000000000000000, 14.97388642960481064, 1078.626981374219213 ) ) ;
#6812 = DIRECTION ( 'NONE',  ( 0.000000000000000000, -0.8910065241883723397, -0.4539904997395379227 ) ) ;
#6813 = MECHANICAL_DESIGN_GEOMETRIC_PRESENTATION_REPRESENTATION (  '', ( #3525 ), #4482 ) ;
#6814 = EDGE_CURVE ( 'NONE', #3355, #1732, #7542, .T. ) ;
#6815 = EDGE_LOOP ( 'NONE', ( #2906, #470 ) ) ;
#6816 = FACE_OUTER_BOUND ( 'NONE', #2075, .T. ) ;
#6817 = CARTESIAN_POINT ( 'NONE',  ( 930.0000000000000000, -11.13693180368849944, 1043.863068196310223 ) ) ;
#6818 = DIRECTION ( 'NONE',  ( 1.000000000000000000, 0.000000000000000000, 0.000000000000000000 ) ) ;
#6819 = DIRECTION ( 'NONE',  ( 0.000000000000000000, -0.7071067811865431318, 0.7071067811865519026 ) ) ;
#6820 =( NAMED_UNIT ( * ) PLANE_ANGLE_UNIT ( ) SI_UNIT ( $, .RADIAN. ) );
#6821 = AXIS2_PLACEMENT_3D ( 'NONE', #3038, #2370, #1172 ) ;
#6822 = CARTESIAN_POINT ( 'NONE',  ( 971.5000000000000000, -27.09777997492942347, 1061.939873492716742 ) ) ;
#6823 = FILL_AREA_STYLE ('',( #3386 ) ) ;
#6824 = ORIENTED_EDGE ( 'NONE', *, *, #3394, .T. ) ;
#6825 = AXIS2_PLACEMENT_3D ( 'NONE', #6207, #2682, #1464 ) ;
#6826 = PRESENTATION_STYLE_ASSIGNMENT (( #3990 ) ) ;
#6827 = FILL_AREA_STYLE_COLOUR ( '', #5022 ) ;
#6828 = DIRECTION ( 'NONE',  ( 1.000000000000000000, 0.000000000000000000, 0.000000000000000000 ) ) ;
#6829 = ORIENTED_EDGE ( 'NONE', *, *, #745, .T. ) ;
#6830 = DIRECTION ( 'NONE',  ( 0.000000000000000000, -0.1564344650402246517, 0.9876883405951386585 ) ) ;
#6831 = PRESENTATION_STYLE_ASSIGNMENT (( #6180 ) ) ;
#6832 = SURFACE_STYLE_FILL_AREA ( #3469 ) ;
#6833 = DIRECTION ( 'NONE',  ( 0.000000000000000000, -0.1564344650402296200, -0.9876883405951379924 ) ) ;
#6834 = FILL_AREA_STYLE ('',( #3437 ) ) ;
#6835 =( NAMED_UNIT ( * ) PLANE_ANGLE_UNIT ( ) SI_UNIT ( $, .RADIAN. ) );
#6836 = AXIS2_PLACEMENT_3D ( 'NONE', #4096, #524, #6438 ) ;
#6837 = FILL_AREA_STYLE ('',( #6104 ) ) ;
#6838 = FILL_AREA_STYLE_COLOUR ( '', #6254 ) ;
#6839 = SURFACE_STYLE_FILL_AREA ( #3998 ) ;
#6840 = UNCERTAINTY_MEASURE_WITH_UNIT (LENGTH_MEASURE( 1.000000000000000082E-05 ), #2676, 'distance_accuracy_value', 'NONE');
#6841 = ADVANCED_FACE ( 'NONE', ( #2622 ), #4306, .T. ) ;
#6842 = SURFACE_STYLE_USAGE ( .BOTH. , #1761 ) ;
#6843 = VERTEX_POINT ( 'NONE', #3207 ) ;
#6844 = ORIENTED_EDGE ( 'NONE', *, *, #5868, .T. ) ;
#6845 =( LENGTH_UNIT ( ) NAMED_UNIT ( * ) SI_UNIT ( .MILLI., .METRE. ) );
#6846 = EDGE_LOOP ( 'NONE', ( #3976, #1145, #3045, #544, #6046 ) ) ;
#6847 = CYLINDRICAL_SURFACE ( 'NONE', #2674, 2.999999999999999112 ) ;
#6848 = DIRECTION ( 'NONE',  ( 1.000000000000000000, 0.000000000000000000, 0.000000000000000000 ) ) ;
#6849 = CIRCLE ( 'NONE', #256, 2.750000000000060840 ) ;
#6850 = ORIENTED_EDGE ( 'NONE', *, *, #6038, .F. ) ;
#6851 = SURFACE_STYLE_FILL_AREA ( #6267 ) ;
#6852 =( NAMED_UNIT ( * ) PLANE_ANGLE_UNIT ( ) SI_UNIT ( $, .RADIAN. ) );
#6853 = COLOUR_RGB ( '',0.2000000000000000111, 0.2000000000000000111, 0.2000000000000000111 ) ;
#6854 = UNCERTAINTY_MEASURE_WITH_UNIT (LENGTH_MEASURE( 1.000000000000000082E-05 ), #2638, 'distance_accuracy_value', 'NONE');
#6855 = LINE ( 'NONE', #1611, #5625 ) ;
#6856 = STYLED_ITEM ( 'NONE', ( #5336 ), #3635 ) ;
#6857 =( NAMED_UNIT ( * ) PLANE_ANGLE_UNIT ( ) SI_UNIT ( $, .RADIAN. ) );
#6858 = ADVANCED_FACE ( 'NONE', ( #7309 ), #3999, .F. ) ;
#6859 = AXIS2_PLACEMENT_3D ( 'NONE', #3302, #7364, #1033 ) ;
#6860 = PRESENTATION_LAYER_ASSIGNMENT (  '', '', ( #7231 ) ) ;
#6861 = VERTEX_POINT ( 'NONE', #5755 ) ;
#6862 = CARTESIAN_POINT ( 'NONE',  ( 919.2511829564709842, -40.50000000000019185, 1055.000000000000000 ) ) ;
#6863 = UNCERTAINTY_MEASURE_WITH_UNIT (LENGTH_MEASURE( 1.000000000000000082E-05 ), #6454, 'distance_accuracy_value', 'NONE');
#6864 =( NAMED_UNIT ( * ) PLANE_ANGLE_UNIT ( ) SI_UNIT ( $, .RADIAN. ) );
#6865 =( NAMED_UNIT ( * ) SI_UNIT ( $, .STERADIAN. ) SOLID_ANGLE_UNIT ( ) );
#6866 = AXIS2_PLACEMENT_3D ( 'NONE', #5999, #1480, #4897 ) ;
#6867 = ADVANCED_FACE ( 'NONE', ( #541, #2130 ), #5341, .F. ) ;
#6868 = EDGE_CURVE ( 'NONE', #6324, #3332, #4158, .T. ) ;
#6869 = CARTESIAN_POINT ( 'NONE',  ( 921.5000000000000000, -24.48737093194652203, 1064.541600556333606 ) ) ;
#6870 = ORIENTED_EDGE ( 'NONE', *, *, #689, .T. ) ;
#6871 = CARTESIAN_POINT ( 'NONE',  ( 924.5000000000000000, -12.25774349296839993, 1030.942823846909960 ) ) ;
#6872 = EDGE_LOOP ( 'NONE', ( #5824, #203 ) ) ;
#6873 = FACE_OUTER_BOUND ( 'NONE', #1830, .T. ) ;
#6874 = CARTESIAN_POINT ( 'NONE',  ( 924.6000000000000227, 1.223730556086159993, 1081.667585196069922 ) ) ;
#6875 = CARTESIAN_POINT ( 'NONE',  ( 930.0000000000000000, -15.75000000000000000, 1052.500000000000000 ) ) ;
#6876 = AXIS2_PLACEMENT_3D ( 'NONE', #3445, #6453, #4763 ) ;
#6877 = AXIS2_PLACEMENT_3D ( 'NONE', #488, #2760, #1041 ) ;
#6878 = DIRECTION ( 'NONE',  ( 0.000000000000000000, 0.000000000000000000, 1.000000000000000000 ) ) ;
#6879 = DIRECTION ( 'NONE',  ( 0.000000000000000000, 1.000000000000000000, 0.000000000000000000 ) ) ;
#6880 = AXIS2_PLACEMENT_3D ( 'NONE', #3035, #6504, #4190 ) ;
#6881 = CARTESIAN_POINT ( 'NONE',  ( 971.5000000000000000, 19.09188309203640088, 1035.908116907959993 ) ) ;
#6882 = MECHANICAL_DESIGN_GEOMETRIC_PRESENTATION_REPRESENTATION (  '', ( #172 ), #5531 ) ;
#6883 = ORIENTED_EDGE ( 'NONE', *, *, #736, .T. ) ;
#6884 = EDGE_LOOP ( 'NONE', ( #1098, #5132, #5347, #5805 ) ) ;
#6885 = ORIENTED_EDGE ( 'NONE', *, *, #5519, .T. ) ;
#6886 = AXIS2_PLACEMENT_3D ( 'NONE', #3361, #4529, #6878 ) ;
#6887 = CARTESIAN_POINT ( 'NONE',  ( 921.5000000000000000, -6.673998497603823132, 1080.419111321786204 ) ) ;
#6888 = EDGE_CURVE ( 'NONE', #3351, #3734, #565, .T. ) ;
#6889 = ORIENTED_EDGE ( 'NONE', *, *, #1231, .F. ) ;
#6890 = CARTESIAN_POINT ( 'NONE',  ( 921.5000000000000000, -21.05717615308610391, 1042.742256507029879 ) ) ;
#6891 = SURFACE_STYLE_USAGE ( .BOTH. , #6308 ) ;
#6892 = COLOUR_RGB ( '',0.2000000000000000111, 0.2000000000000000111, 0.2000000000000000111 ) ;
#6893 = CARTESIAN_POINT ( 'NONE',  ( 930.0000000000000000, 27.05717615308579838, 1067.257743492970121 ) ) ;
#6894 = DIRECTION ( 'NONE',  ( -1.000000000000000000, 0.000000000000000000, 0.000000000000000000 ) ) ;
#6895 = VECTOR ( 'NONE', #4638, 1000.000000000000000 ) ;
#6896 = MECHANICAL_DESIGN_GEOMETRIC_PRESENTATION_REPRESENTATION (  '', ( #1057 ), #5544 ) ;
#6897 = ORIENTED_EDGE ( 'NONE', *, *, #4921, .F. ) ;
#6898 = FACE_OUTER_BOUND ( 'NONE', #7145, .T. ) ;
#6899 = EDGE_CURVE ( 'NONE', #7219, #7286, #1237, .T. ) ;
#6900 =( NAMED_UNIT ( * ) SI_UNIT ( $, .STERADIAN. ) SOLID_ANGLE_UNIT ( ) );
#6901 = MECHANICAL_DESIGN_GEOMETRIC_PRESENTATION_REPRESENTATION (  '', ( #6540 ), #5212 ) ;
#6902 =( GEOMETRIC_REPRESENTATION_CONTEXT ( 3 ) GLOBAL_UNCERTAINTY_ASSIGNED_CONTEXT ( ( #4693 ) ) GLOBAL_UNIT_ASSIGNED_CONTEXT ( ( #1234, #1271, #1751 ) ) REPRESENTATION_CONTEXT ( 'NONE', 'WORKASPACE' ) );
#6903 = LINE ( 'NONE', #6822, #5497 ) ;
#6904 = SURFACE_STYLE_USAGE ( .BOTH. , #4561 ) ;
#6905 = ORIENTED_EDGE ( 'NONE', *, *, #6666, .F. ) ;
#6906 =( GEOMETRIC_REPRESENTATION_CONTEXT ( 3 ) GLOBAL_UNCERTAINTY_ASSIGNED_CONTEXT ( ( #4764 ) ) GLOBAL_UNIT_ASSIGNED_CONTEXT ( ( #5434, #7273, #301 ) ) REPRESENTATION_CONTEXT ( 'NONE', 'WORKASPACE' ) );
#6907 = EDGE_CURVE ( 'NONE', #748, #6551, #684, .T. ) ;
#6908 = CYLINDRICAL_SURFACE ( 'NONE', #1940, 2.749999999999940048 ) ;
#6909 = EDGE_CURVE ( 'NONE', #6206, #4063, #4823, .T. ) ;
#6910 = ORIENTED_EDGE ( 'NONE', *, *, #1261, .T. ) ;
#6911 = DIRECTION ( 'NONE',  ( 1.000000000000000000, 0.000000000000000000, 0.000000000000000000 ) ) ;
#6912 = DIRECTION ( 'NONE',  ( 1.000000000000000000, 0.000000000000000000, 0.000000000000000000 ) ) ;
#6913 = FACE_OUTER_BOUND ( 'NONE', #48, .T. ) ;
#6914 = CARTESIAN_POINT ( 'NONE',  ( 921.5000000000000000, -22.11263250482330989, 1040.797712858766772 ) ) ;
#6915 =( GEOMETRIC_REPRESENTATION_CONTEXT ( 3 ) GLOBAL_UNCERTAINTY_ASSIGNED_CONTEXT ( ( #3557 ) ) GLOBAL_UNIT_ASSIGNED_CONTEXT ( ( #6282, #3955, #1626 ) ) REPRESENTATION_CONTEXT ( 'NONE', 'WORKASPACE' ) );
#6916 = COLOUR_RGB ( '',0.4000000000000000222, 0.4000000000000000222, 0.4000000000000000222 ) ;
#6917 = FACE_OUTER_BOUND ( 'NONE', #1765, .T. ) ;
#6918 = EDGE_CURVE ( 'NONE', #4915, #5922, #3554, .T. ) ;
#6919 = CARTESIAN_POINT ( 'NONE',  ( 919.9689529848192251, 0.5368387285646651907, 1013.807079426065798 ) ) ;
#6920 = DIRECTION ( 'NONE',  ( 1.000000000000000000, 0.000000000000000000, 0.000000000000000000 ) ) ;
#6921 = AXIS2_PLACEMENT_3D ( 'NONE', #3048, #4863, #3185 ) ;
#6922 = CIRCLE ( 'NONE', #3625, 2.750000000000008882 ) ;
#6923 = FACE_BOUND ( 'NONE', #1379, .T. ) ;
#6924 = UNCERTAINTY_MEASURE_WITH_UNIT (LENGTH_MEASURE( 1.000000000000000082E-05 ), #6554, 'distance_accuracy_value', 'NONE');
#6925 = SURFACE_SIDE_STYLE ('',( #2294 ) ) ;
#6926 = VERTEX_POINT ( 'NONE', #5267 ) ;
#6927 = ORIENTED_EDGE ( 'NONE', *, *, #5857, .F. ) ;
#6928 = CARTESIAN_POINT ( 'NONE',  ( 971.5000000000000000, -26.66758519606879574, 1059.223730556080000 ) ) ;
#6929 = VERTEX_POINT ( 'NONE', #2469 ) ;
#6930 = DIRECTION ( 'NONE',  ( 7.915048101988909018E-33, 1.224646799147353207E-16, 1.000000000000000000 ) ) ;
#6931 = DIRECTION ( 'NONE',  ( -1.000000000000000000, 0.000000000000000000, 0.000000000000000000 ) ) ;
#6932 = MECHANICAL_DESIGN_GEOMETRIC_PRESENTATION_REPRESENTATION (  '', ( #5457 ), #4848 ) ;
#6933 = VERTEX_POINT ( 'NONE', #647 ) ;
#6934 =( LENGTH_UNIT ( ) NAMED_UNIT ( * ) SI_UNIT ( .MILLI., .METRE. ) );
#6935 =( LENGTH_UNIT ( ) NAMED_UNIT ( * ) SI_UNIT ( .MILLI., .METRE. ) );
#6936 = DIRECTION ( 'NONE',  ( 0.000000000000000000, 1.000000000000000000, 0.000000000000000000 ) ) ;
#6937 = SURFACE_STYLE_FILL_AREA ( #6431 ) ;
#6938 = MECHANICAL_DESIGN_GEOMETRIC_PRESENTATION_REPRESENTATION (  '', ( #4474 ), #4350 ) ;
#6939 = ORIENTED_EDGE ( 'NONE', *, *, #4841, .T. ) ;
#6940 = FILL_AREA_STYLE_COLOUR ( '', #1263 ) ;
#6941 = UNCERTAINTY_MEASURE_WITH_UNIT (LENGTH_MEASURE( 1.000000000000000082E-05 ), #1241, 'distance_accuracy_value', 'NONE');
#6942 = PRESENTATION_STYLE_ASSIGNMENT (( #443 ) ) ;
#6943 = EDGE_CURVE ( 'NONE', #3454, #1245, #7276, .T. ) ;
#6944 = STYLED_ITEM ( 'NONE', ( #4453 ), #1997 ) ;
#6945 = VERTEX_POINT ( 'NONE', #4074 ) ;
#6946 =( NAMED_UNIT ( * ) PLANE_ANGLE_UNIT ( ) SI_UNIT ( $, .RADIAN. ) );
#6947 = ORIENTED_EDGE ( 'NONE', *, *, #5590, .T. ) ;
#6948 = FILL_AREA_STYLE_COLOUR ( '', #2938 ) ;
#6949 = PRESENTATION_LAYER_ASSIGNMENT (  '', '', ( #5960 ) ) ;
#6950 = SURFACE_STYLE_USAGE ( .BOTH. , #7500 ) ;
#6951 = DIRECTION ( 'NONE',  ( -1.000000000000000000, 0.000000000000000000, 0.000000000000000000 ) ) ;
#6952 = CARTESIAN_POINT ( 'NONE',  ( 921.5000000000000000, -19.09188309203700129, 1035.908116907959993 ) ) ;
#6953 = PRESENTATION_STYLE_ASSIGNMENT (( #3517 ) ) ;
#6954 = SURFACE_STYLE_FILL_AREA ( #1044 ) ;
#6955 = ADVANCED_FACE ( 'NONE', ( #5230 ), #6534, .F. ) ;
#6956 = CARTESIAN_POINT ( 'NONE',  ( 921.5000000000000000, -24.05717615308629931, 1042.742256507029879 ) ) ;
#6957 = COLOUR_RGB ( '',0.2000000000000000111, 0.2000000000000000111, 0.2000000000000000111 ) ;
#6958 = FACE_BOUND ( 'NONE', #2135, .T. ) ;
#6959 = SURFACE_STYLE_FILL_AREA ( #4039 ) ;
#6960 =( NAMED_UNIT ( * ) PLANE_ANGLE_UNIT ( ) SI_UNIT ( $, .RADIAN. ) );
#6961 = DIRECTION ( 'NONE',  ( -1.000000000000000000, 0.000000000000000000, 0.000000000000000000 ) ) ;
#6962 = AXIS2_PLACEMENT_3D ( 'NONE', #4486, #3838, #2796 ) ;
#6963 =( NAMED_UNIT ( * ) PLANE_ANGLE_UNIT ( ) SI_UNIT ( $, .RADIAN. ) );
#6964 = DIRECTION ( 'NONE',  ( 1.000000000000000000, 0.000000000000000000, 0.000000000000000000 ) ) ;
#6965 = COLOUR_RGB ( '',0.2000000000000000111, 0.2000000000000000111, 0.2000000000000000111 ) ;
#6966 = VERTEX_POINT ( 'NONE', #3233 ) ;
#6967 = SURFACE_SIDE_STYLE ('',( #5208 ) ) ;
#6968 = SURFACE_SIDE_STYLE ('',( #6382 ) ) ;
#6969 = ORIENTED_EDGE ( 'NONE', *, *, #1924, .T. ) ;
#6970 = COLOUR_RGB ( '',0.2000000000000000111, 0.2000000000000000111, 0.2000000000000000111 ) ;
#6971 = SURFACE_STYLE_USAGE ( .BOTH. , #6354 ) ;
#6972 = EDGE_LOOP ( 'NONE', ( #5839, #6444, #7417, #6222 ) ) ;
#6973 = DIRECTION ( 'NONE',  ( 1.000000000000000000, -1.258636124801849761E-16, 0.000000000000000000 ) ) ;
#6974 = CIRCLE ( 'NONE', #7358, 2.749999999999999112 ) ;
#6975 = SURFACE_STYLE_FILL_AREA ( #6313 ) ;
#6976 =( LENGTH_UNIT ( ) NAMED_UNIT ( * ) SI_UNIT ( .MILLI., .METRE. ) );
#6977 = VECTOR ( 'NONE', #3003, 1000.000000000000000 ) ;
#6978 = CARTESIAN_POINT ( 'NONE',  ( 924.5000000000000000, 27.09777997492922808, 1048.060126507273253 ) ) ;
#6979 = FILL_AREA_STYLE ('',( #5184 ) ) ;
#6980 = DIRECTION ( 'NONE',  ( -1.000000000000000000, 0.000000000000000000, 0.000000000000000000 ) ) ;
#6981 = FACE_OUTER_BOUND ( 'NONE', #4269, .T. ) ;
#6982 = AXIS2_PLACEMENT_3D ( 'NONE', #4295, #5342, #5911 ) ;
#6983 = AXIS2_PLACEMENT_3D ( 'NONE', #2683, #4409, #5680 ) ;
#6984 = EDGE_LOOP ( 'NONE', ( #2049, #5254, #5143, #4197 ) ) ;
#6985 = PRESENTATION_LAYER_ASSIGNMENT (  '', '', ( #2722 ) ) ;
#6986 = CARTESIAN_POINT ( 'NONE',  ( 924.6000000000000227, -21.05717615308610391, 1067.257743492970121 ) ) ;
#6987 = ORIENTED_EDGE ( 'NONE', *, *, #3418, .F. ) ;
#6988 =( LENGTH_UNIT ( ) NAMED_UNIT ( * ) SI_UNIT ( .MILLI., .METRE. ) );
#6989 = EDGE_CURVE ( 'NONE', #328, #163, #1936, .T. ) ;
#6990 = VECTOR ( 'NONE', #4057, 1000.000000000000000 ) ;
#6991 = SURFACE_STYLE_USAGE ( .BOTH. , #2353 ) ;
#6992 =( LENGTH_UNIT ( ) NAMED_UNIT ( * ) SI_UNIT ( .MILLI., .METRE. ) );
#6993 = FACE_OUTER_BOUND ( 'NONE', #5917, .T. ) ;
#6994 =( GEOMETRIC_REPRESENTATION_CONTEXT ( 3 ) GLOBAL_UNCERTAINTY_ASSIGNED_CONTEXT ( ( #6924 ) ) GLOBAL_UNIT_ASSIGNED_CONTEXT ( ( #6554, #2929, #2415 ) ) REPRESENTATION_CONTEXT ( 'NONE', 'WORKASPACE' ) );
#6995 = MECHANICAL_DESIGN_GEOMETRIC_PRESENTATION_REPRESENTATION (  '', ( #7338 ), #4661 ) ;
#6996 = CARTESIAN_POINT ( 'NONE',  ( 919.8515091384645075, -0.4247953228119820124, 1013.702380538162629 ) ) ;
#6997 = SURFACE_STYLE_FILL_AREA ( #6451 ) ;
#6998 = LINE ( 'NONE', #4761, #3474 ) ;
#6999 = EDGE_CURVE ( 'NONE', #6727, #6861, #2895, .T. ) ;
#7000 = SURFACE_STYLE_USAGE ( .BOTH. , #650 ) ;
#7001 =( GEOMETRIC_REPRESENTATION_CONTEXT ( 3 ) GLOBAL_UNCERTAINTY_ASSIGNED_CONTEXT ( ( #341 ) ) GLOBAL_UNIT_ASSIGNED_CONTEXT ( ( #6702, #3373, #3224 ) ) REPRESENTATION_CONTEXT ( 'NONE', 'WORKASPACE' ) );
#7002 = UNCERTAINTY_MEASURE_WITH_UNIT (LENGTH_MEASURE( 1.000000000000000082E-05 ), #7163, 'distance_accuracy_value', 'NONE');
#7003 = AXIS2_PLACEMENT_3D ( 'NONE', #3888, #422, #6879 ) ;
#7004 = ORIENTED_EDGE ( 'NONE', *, *, #7582, .F. ) ;
#7005 = FILL_AREA_STYLE ('',( #158 ) ) ;
#7006 = EDGE_CURVE ( 'NONE', #6571, #5298, #196, .T. ) ;
#7007 = ORIENTED_EDGE ( 'NONE', *, *, #1418, .T. ) ;
#7008 = DIRECTION ( 'NONE',  ( 0.000000000000000000, 0.000000000000000000, -1.000000000000000000 ) ) ;
#7009 = SURFACE_STYLE_FILL_AREA ( #4664 ) ;
#7010 = AXIS2_PLACEMENT_3D ( 'NONE', #6607, #804, #3133 ) ;
#7011 = CARTESIAN_POINT ( 'NONE',  ( 921.5000000000000000, 24.05717615308569890, 1042.742256507029879 ) ) ;
#7012 = AXIS2_PLACEMENT_3D ( 'NONE', #3555, #1833, #649 ) ;
#7013 = EDGE_LOOP ( 'NONE', ( #5971, #5319 ) ) ;
#7014 = CARTESIAN_POINT ( 'NONE',  ( 971.5000000000000000, 10.31319984470419548, 1028.998280198647080 ) ) ;
#7015 = STYLED_ITEM ( 'NONE', ( #4557 ), #5391 ) ;
#7016 = FILL_AREA_STYLE ('',( #3535 ) ) ;
#7017 = UNCERTAINTY_MEASURE_WITH_UNIT (LENGTH_MEASURE( 1.000000000000000082E-05 ), #477, 'distance_accuracy_value', 'NONE');
#7018 =( NAMED_UNIT ( * ) PLANE_ANGLE_UNIT ( ) SI_UNIT ( $, .RADIAN. ) );
#7019 = CARTESIAN_POINT ( 'NONE',  ( 930.0000000000000000, 11.13693180368799851, 1066.136931803690004 ) ) ;
#7020 = AXIS2_PLACEMENT_3D ( 'NONE', #2571, #7588, #4079 ) ;
#7021 = ORIENTED_EDGE ( 'NONE', *, *, #1273, .F. ) ;
#7022 = PRESENTATION_LAYER_ASSIGNMENT (  '', '', ( #5062 ) ) ;
#7023 = DIRECTION ( 'NONE',  ( 1.000000000000000000, 0.000000000000000000, 0.000000000000000000 ) ) ;
#7024 = PRESENTATION_LAYER_ASSIGNMENT (  '', '', ( #2767 ) ) ;
#7025 = ORIENTED_EDGE ( 'NONE', *, *, #222, .T. ) ;
#7026 = DIRECTION ( 'NONE',  ( -1.000000000000000000, 0.000000000000000000, 0.000000000000000000 ) ) ;
#7027 = DIRECTION ( 'NONE',  ( 0.000000000000000000, 1.000000000000000000, 0.000000000000000000 ) ) ;
#7028 = CARTESIAN_POINT ( 'NONE',  ( 924.5000000000000000, -19.09188309203730327, 1035.908116907959993 ) ) ;
#7029 = FILL_AREA_STYLE_COLOUR ( '', #4081 ) ;
#7030 =( NAMED_UNIT ( * ) PLANE_ANGLE_UNIT ( ) SI_UNIT ( $, .RADIAN. ) );
#7031 = CIRCLE ( 'NONE', #3231, 2.500000000000000000 ) ;
#7032 = COLOUR_RGB ( '',0.2000000000000000111, 0.2000000000000000111, 0.2000000000000000111 ) ;
#7033 = EDGE_CURVE ( 'NONE', #3544, #2567, #5981, .T. ) ;
#7034 = ORIENTED_EDGE ( 'NONE', *, *, #4448, .T. ) ;
#7035 = SURFACE_STYLE_FILL_AREA ( #4759 ) ;
#7036 = CIRCLE ( 'NONE', #1190, 2.749999999999999112 ) ;
#7037 = PRESENTATION_STYLE_ASSIGNMENT (( #2329 ) ) ;
#7038 = CIRCLE ( 'NONE', #1066, 2.999999999999999112 ) ;
#7039 = CARTESIAN_POINT ( 'NONE',  ( 971.5000000000000000, 1.773462614567607343, 1027.083940929646360 ) ) ;
#7040 = EDGE_CURVE ( 'NONE', #863, #4280, #7036, .T. ) ;
#7041 = MECHANICAL_DESIGN_GEOMETRIC_PRESENTATION_REPRESENTATION (  '', ( #4829 ), #7283 ) ;
#7042 = PRESENTATION_LAYER_ASSIGNMENT (  '', '', ( #1828 ) ) ;
#7043 = CARTESIAN_POINT ( 'NONE',  ( 924.5000000000000000, 26.66758519606879574, 1059.223730556080000 ) ) ;
#7044 = ORIENTED_EDGE ( 'NONE', *, *, #7185, .F. ) ;
#7045 = DIRECTION ( 'NONE',  ( 1.000000000000000000, 0.000000000000000000, 0.000000000000000000 ) ) ;
#7046 = DIRECTION ( 'NONE',  ( 1.000000000000000000, 0.000000000000000000, 0.000000000000000000 ) ) ;
#7047 = AXIS2_PLACEMENT_3D ( 'NONE', #246, #3082, #1335 ) ;
#7048 = DIRECTION ( 'NONE',  ( 0.000000000000000000, -1.000000000000000000, 0.000000000000000000 ) ) ;
#7049 = CARTESIAN_POINT ( 'NONE',  ( 930.0000000000000000, -1.912302285064559646E-13, 1070.750000000000000 ) ) ;
#7050 = EDGE_CURVE ( 'NONE', #2118, #6843, #3765, .T. ) ;
#7051 = ORIENTED_EDGE ( 'NONE', *, *, #4827, .F. ) ;
#7052 = DIRECTION ( 'NONE',  ( 1.000000000000000000, 0.000000000000000000, 0.000000000000000000 ) ) ;
#7053 = DIRECTION ( 'NONE',  ( 0.000000000000000000, -1.000000000000000000, 0.000000000000000000 ) ) ;
#7054 = CARTESIAN_POINT ( 'NONE',  ( 930.0000000000000000, -15.75000000000000000, 1057.499999999999773 ) ) ;
#7055 = DIRECTION ( 'NONE',  ( 1.000000000000000000, 0.000000000000000000, 0.000000000000000000 ) ) ;
#7056 = AXIS2_PLACEMENT_3D ( 'NONE', #3676, #2029, #2139 ) ;
#7057 = SURFACE_SIDE_STYLE ('',( #5636 ) ) ;
#7058 = EDGE_CURVE ( 'NONE', #3055, #4562, #5520, .T. ) ;
#7059 = ORIENTED_EDGE ( 'NONE', *, *, #5362, .T. ) ;
#7060 = DIRECTION ( 'NONE',  ( 0.000000000000000000, 0.000000000000000000, 1.000000000000000000 ) ) ;
#7061 = ORIENTED_EDGE ( 'NONE', *, *, #3908, .F. ) ;
#7062 = DIRECTION ( 'NONE',  ( 1.000000000000000000, 0.000000000000000000, 0.000000000000000000 ) ) ;
#7063 = CARTESIAN_POINT ( 'NONE',  ( 924.6000000000000227, 26.66758519606849731, 1059.223730556090004 ) ) ;
#7064 =( GEOMETRIC_REPRESENTATION_CONTEXT ( 3 ) GLOBAL_UNCERTAINTY_ASSIGNED_CONTEXT ( ( #5472 ) ) GLOBAL_UNIT_ASSIGNED_CONTEXT ( ( #1934, #144, #1198 ) ) REPRESENTATION_CONTEXT ( 'NONE', 'WORKASPACE' ) );
#7065 =( LENGTH_UNIT ( ) NAMED_UNIT ( * ) SI_UNIT ( .MILLI., .METRE. ) );
#7066 = FACE_OUTER_BOUND ( 'NONE', #66, .T. ) ;
#7067 = CARTESIAN_POINT ( 'NONE',  ( 916.5000000000000000, -40.50000000000019185, 1055.000000000000000 ) ) ;
#7068 = CARTESIAN_POINT ( 'NONE',  ( 924.5000000000000000, -12.25774349296839993, 1030.942823846909960 ) ) ;
#7069 = VERTEX_POINT ( 'NONE', #801 ) ;
#7070 =( GEOMETRIC_REPRESENTATION_CONTEXT ( 3 ) GLOBAL_UNCERTAINTY_ASSIGNED_CONTEXT ( ( #3714 ) ) GLOBAL_UNIT_ASSIGNED_CONTEXT ( ( #6197, #206, #311 ) ) REPRESENTATION_CONTEXT ( 'NONE', 'WORKASPACE' ) );
#7071 = CARTESIAN_POINT ( 'NONE',  ( 919.6867998638380186, -0.2370616699059302501, 1013.598819671207821 ) ) ;
#7072 = CARTESIAN_POINT ( 'NONE',  ( 924.5000000000000000, 26.66758519606879574, 1059.223730556080000 ) ) ;
#7073 = CARTESIAN_POINT ( 'NONE',  ( 921.5000000000000000, -12.25774349296800203, 1079.057176153090040 ) ) ;
#7074 = CARTESIAN_POINT ( 'NONE',  ( 923.0000000000000000, 11.13693180368799851, 1066.136931803690004 ) ) ;
#7075 = UNCERTAINTY_MEASURE_WITH_UNIT (LENGTH_MEASURE( 1.000000000000000082E-05 ), #3627, 'distance_accuracy_value', 'NONE');
#7076 = LINE ( 'NONE', #2091, #1631 ) ;
#7077 = STYLED_ITEM ( 'NONE', ( #7384 ), #95 ) ;
#7078 = ORIENTED_EDGE ( 'NONE', *, *, #3076, .T. ) ;
#7079 = FILL_AREA_STYLE ('',( #4730 ) ) ;
#7080 = CARTESIAN_POINT ( 'NONE',  ( 971.5000000000000000, 12.25774349296719912, 1030.942823846909960 ) ) ;
#7081 = FACE_OUTER_BOUND ( 'NONE', #6805, .T. ) ;
#7082 = CIRCLE ( 'NONE', #6825, 2.749999999999998668 ) ;
#7083 = EDGE_LOOP ( 'NONE', ( #4954, #724 ) ) ;
#7084 = SURFACE_STYLE_FILL_AREA ( #1249 ) ;
#7085 = FILL_AREA_STYLE ('',( #49 ) ) ;
#7086 = DIRECTION ( 'NONE',  ( 0.000000000000000000, -1.000000000000000000, 0.000000000000000000 ) ) ;
#7087 = EDGE_CURVE ( 'NONE', #3049, #4780, #5442, .T. ) ;
#7088 =( GEOMETRIC_REPRESENTATION_CONTEXT ( 3 ) GLOBAL_UNCERTAINTY_ASSIGNED_CONTEXT ( ( #1779 ) ) GLOBAL_UNIT_ASSIGNED_CONTEXT ( ( #6480, #3685, #4615 ) ) REPRESENTATION_CONTEXT ( 'NONE', 'WORKASPACE' ) );
#7089 = SURFACE_STYLE_USAGE ( .BOTH. , #1254 ) ;
#7090 = PRESENTATION_LAYER_ASSIGNMENT (  '', '', ( #1360 ) ) ;
#7091 = VERTEX_POINT ( 'NONE', #6574 ) ;
#7092 = FACE_OUTER_BOUND ( 'NONE', #5869, .T. ) ;
#7093 = MANIFOLD_SOLID_BREP ( 'Pfen072CAEB5npvh[6]', #1859 ) ;
#7094 = CARTESIAN_POINT ( 'NONE',  ( 921.5000000000000000, -12.25774349296800203, 1030.942823846909960 ) ) ;
#7095 = UNCERTAINTY_MEASURE_WITH_UNIT (LENGTH_MEASURE( 1.000000000000000082E-05 ), #2313, 'distance_accuracy_value', 'NONE');
#7096 = SURFACE_SIDE_STYLE ('',( #4743 ) ) ;
#7097 = ADVANCED_FACE ( 'NONE', ( #7148 ), #1347, .T. ) ;
#7098 = MECHANICAL_DESIGN_GEOMETRIC_PRESENTATION_REPRESENTATION (  '', ( #7464 ), #4261 ) ;
#7099 =( NAMED_UNIT ( * ) PLANE_ANGLE_UNIT ( ) SI_UNIT ( $, .RADIAN. ) );
#7100 = CIRCLE ( 'NONE', #5739, 10.00000000000000000 ) ;
#7101 = ORIENTED_EDGE ( 'NONE', *, *, #4696, .T. ) ;
#7102 = DIRECTION ( 'NONE',  ( 0.000000000000000000, -0.4539904997395733388, -0.8910065241883543541 ) ) ;
#7103 = CARTESIAN_POINT ( 'NONE',  ( 924.6000000000000227, 19.09188309203670286, 1074.091883092039780 ) ) ;
#7104 = EDGE_LOOP ( 'NONE', ( #4255, #4263 ) ) ;
#7105 = SURFACE_STYLE_USAGE ( .BOTH. , #4834 ) ;
#7106 = EDGE_CURVE ( 'NONE', #427, #7111, #484, .T. ) ;
#7107 = COLOUR_RGB ( '',0.2000000000000000111, 0.2000000000000000111, 0.2000000000000000111 ) ;
#7108 =( NAMED_UNIT ( * ) PLANE_ANGLE_UNIT ( ) SI_UNIT ( $, .RADIAN. ) );
#7109 = SURFACE_SIDE_STYLE ('',( #3583 ) ) ;
#7110 = STYLED_ITEM ( 'NONE', ( #3909 ), #1601 ) ;
#7111 = VERTEX_POINT ( 'NONE', #325 ) ;
#7112 = MECHANICAL_DESIGN_GEOMETRIC_PRESENTATION_REPRESENTATION (  '', ( #4273 ), #6494 ) ;
#7113 = AXIS2_PLACEMENT_3D ( 'NONE', #5965, #5397, #1955 ) ;
#7114 = SURFACE_STYLE_USAGE ( .BOTH. , #80 ) ;
#7115 = DIRECTION ( 'NONE',  ( 0.000000000000000000, 1.000000000000000000, 0.000000000000000000 ) ) ;
#7116 = DIRECTION ( 'NONE',  ( 0.000000000000000000, 0.000000000000000000, 1.000000000000000000 ) ) ;
#7117 = STYLED_ITEM ( 'NONE', ( #509 ), #4029 ) ;
#7118 = FILL_AREA_STYLE_COLOUR ( '', #3046 ) ;
#7119 = DIRECTION ( 'NONE',  ( 1.000000000000000000, 0.000000000000000000, 0.000000000000000000 ) ) ;
#7120 = AXIS2_PLACEMENT_3D ( 'NONE', #6154, #3414, #5138 ) ;
#7121 = DIRECTION ( 'NONE',  ( 0.000000000000000000, 1.000000000000000000, 0.000000000000000000 ) ) ;
#7122 = ORIENTED_EDGE ( 'NONE', *, *, #403, .T. ) ;
#7123 = PRESENTATION_STYLE_ASSIGNMENT (( #7089 ) ) ;
#7124 = AXIS2_PLACEMENT_3D ( 'NONE', #2473, #7543, #7115 ) ;
#7125 = EDGE_LOOP ( 'NONE', ( #6897, #3475, #4386, #814 ) ) ;
#7126 = DIRECTION ( 'NONE',  ( 1.000000000000000000, 0.000000000000000000, 0.000000000000000000 ) ) ;
#7127 = VECTOR ( 'NONE', #3162, 1000.000000000000000 ) ;
#7128 = DIRECTION ( 'NONE',  ( 1.000000000000000000, 0.000000000000000000, 0.000000000000000000 ) ) ;
#7129 = FILL_AREA_STYLE_COLOUR ( '', #3563 ) ;
#7130 = AXIS2_PLACEMENT_3D ( 'NONE', #111, #6537, #1204 ) ;
#7131 = STYLED_ITEM ( 'NONE', ( #180 ), #5346 ) ;
#7132 = ADVANCED_FACE ( 'NONE', ( #2195 ), #7497, .T. ) ;
#7133 = ORIENTED_EDGE ( 'NONE', *, *, #6217, .T. ) ;
#7134 = CARTESIAN_POINT ( 'NONE',  ( 921.5000000000000000, -12.25774349296800203, 1030.942823846909960 ) ) ;
#7135 = CARTESIAN_POINT ( 'NONE',  ( 924.6000000000000227, 4.223730556085990351, 1028.332414803930078 ) ) ;
#7136 = AXIS2_PLACEMENT_3D ( 'NONE', #375, #4174, #4107 ) ;
#7137 = PRESENTATION_STYLE_ASSIGNMENT (( #791 ) ) ;
#7138 = ORIENTED_EDGE ( 'NONE', *, *, #2025, .F. ) ;
#7139 = LINE ( 'NONE', #751, #7204 ) ;
#7140 = SURFACE_STYLE_USAGE ( .BOTH. , #6086 ) ;
#7141 = PLANE ( 'NONE',  #1772 ) ;
#7142 =( GEOMETRIC_REPRESENTATION_CONTEXT ( 3 ) GLOBAL_UNCERTAINTY_ASSIGNED_CONTEXT ( ( #3487 ) ) GLOBAL_UNIT_ASSIGNED_CONTEXT ( ( #6287, #3272, #3882 ) ) REPRESENTATION_CONTEXT ( 'NONE', 'WORKASPACE' ) );
#7143 = MECHANICAL_DESIGN_GEOMETRIC_PRESENTATION_REPRESENTATION (  '', ( #6398 ), #4071 ) ;
#7144 = EDGE_CURVE ( 'NONE', #4565, #3210, #2185, .T. ) ;
#7145 = EDGE_LOOP ( 'NONE', ( #6683, #4505, #476, #1311 ) ) ;
#7146 = EDGE_CURVE ( 'NONE', #427, #4475, #313, .T. ) ;
#7147 = MECHANICAL_DESIGN_GEOMETRIC_PRESENTATION_REPRESENTATION (  '', ( #5066 ), #6902 ) ;
#7148 = FACE_OUTER_BOUND ( 'NONE', #6884, .T. ) ;
#7149 = PRESENTATION_STYLE_ASSIGNMENT (( #4876 ) ) ;
#7150 = VERTEX_POINT ( 'NONE', #6242 ) ;
#7151 = DIRECTION ( 'NONE',  ( -1.000000000000000000, 0.000000000000000000, 0.000000000000000000 ) ) ;
#7152 = DIRECTION ( 'NONE',  ( 1.000000000000000000, 0.000000000000000000, 0.000000000000000000 ) ) ;
#7153 = MECHANICAL_DESIGN_GEOMETRIC_PRESENTATION_REPRESENTATION (  '', ( #299 ), #6034 ) ;
#7154 = PRESENTATION_LAYER_ASSIGNMENT (  '', '', ( #562 ) ) ;
#7155 = EDGE_CURVE ( 'NONE', #1925, #5773, #445, .T. ) ;
#7156 = FACE_OUTER_BOUND ( 'NONE', #4643, .T. ) ;
#7157 = FACE_BOUND ( 'NONE', #4862, .T. ) ;
#7158 = PRESENTATION_LAYER_ASSIGNMENT (  '', '', ( #2305 ) ) ;
#7159 = STYLED_ITEM ( 'NONE', ( #2023 ), #6237 ) ;
#7160 = FILL_AREA_STYLE_COLOUR ( '', #1077 ) ;
#7161 =( LENGTH_UNIT ( ) NAMED_UNIT ( * ) SI_UNIT ( .MILLI., .METRE. ) );
#7162 = EDGE_LOOP ( 'NONE', ( #5616, #1229 ) ) ;
#7163 =( LENGTH_UNIT ( ) NAMED_UNIT ( * ) SI_UNIT ( .MILLI., .METRE. ) );
#7164 = DIRECTION ( 'NONE',  ( 0.000000000000000000, -0.9876883405951439876, -0.1564344650401914560 ) ) ;
#7165 = DIRECTION ( 'NONE',  ( -1.000000000000000000, 0.000000000000000000, 0.000000000000000000 ) ) ;
#7166 = AXIS2_PLACEMENT_3D ( 'NONE', #1228, #2458, #1303 ) ;
#7167 = AXIS2_PLACEMENT_3D ( 'NONE', #3543, #138, #6008 ) ;
#7168 = VERTEX_POINT ( 'NONE', #3431 ) ;
#7169 = VERTEX_POINT ( 'NONE', #5641 ) ;
#7170 =( NAMED_UNIT ( * ) SI_UNIT ( $, .STERADIAN. ) SOLID_ANGLE_UNIT ( ) );
#7171 =( NAMED_UNIT ( * ) PLANE_ANGLE_UNIT ( ) SI_UNIT ( $, .RADIAN. ) );
#7172 = DIRECTION ( 'NONE',  ( -1.000000000000000000, 0.000000000000000000, 0.000000000000000000 ) ) ;
#7173 = COLOUR_RGB ( '',0.4000000000000000222, 0.4000000000000000222, 0.4000000000000000222 ) ;
#7174 = UNCERTAINTY_MEASURE_WITH_UNIT (LENGTH_MEASURE( 1.000000000000000082E-05 ), #5258, 'distance_accuracy_value', 'NONE');
#7175 = PRESENTATION_STYLE_ASSIGNMENT (( #3679 ) ) ;
#7176 = SURFACE_STYLE_USAGE ( .BOTH. , #2453 ) ;
#7177 = DIRECTION ( 'NONE',  ( 1.000000000000000000, 0.000000000000000000, 0.000000000000000000 ) ) ;
#7178 = ORIENTED_EDGE ( 'NONE', *, *, #4979, .F. ) ;
#7179 = FILL_AREA_STYLE ('',( #4831 ) ) ;
#7180 = FILL_AREA_STYLE ('',( #4792 ) ) ;
#7181 = ORIENTED_EDGE ( 'NONE', *, *, #4184, .F. ) ;
#7182 = PRESENTATION_STYLE_ASSIGNMENT (( #7105 ) ) ;
#7183 =( GEOMETRIC_REPRESENTATION_CONTEXT ( 3 ) GLOBAL_UNCERTAINTY_ASSIGNED_CONTEXT ( ( #4635 ) ) GLOBAL_UNIT_ASSIGNED_CONTEXT ( ( #2270, #5144, #2229 ) ) REPRESENTATION_CONTEXT ( 'NONE', 'WORKASPACE' ) );
#7184 = CARTESIAN_POINT ( 'NONE',  ( 919.2511829564709842, 40.49999999999981526, 1055.000000000000000 ) ) ;
#7185 = EDGE_CURVE ( 'NONE', #4065, #6933, #3353, .T. ) ;
#7186 = SURFACE_STYLE_USAGE ( .BOTH. , #5514 ) ;
#7187 = LINE ( 'NONE', #323, #1851 ) ;
#7188 = VERTEX_POINT ( 'NONE', #5675 ) ;
#7189 = COLOUR_RGB ( '',0.2000000000000000111, 0.2000000000000000111, 0.2000000000000000111 ) ;
#7190 =( NAMED_UNIT ( * ) PLANE_ANGLE_UNIT ( ) SI_UNIT ( $, .RADIAN. ) );
#7191 = EDGE_LOOP ( 'NONE', ( #6533, #2096 ) ) ;
#7192 = CIRCLE ( 'NONE', #592, 2.750000000000007550 ) ;
#7193 = FILL_AREA_STYLE ('',( #4960 ) ) ;
#7194 = ADVANCED_FACE ( 'NONE', ( #2756 ), #6908, .T. ) ;
#7195 = CARTESIAN_POINT ( 'NONE',  ( 921.5000000000000000, -12.25774349296740162, 1079.057176153080036 ) ) ;
#7196 = AXIS2_PLACEMENT_3D ( 'NONE', #549, #2817, #2222 ) ;
#7197 = DIRECTION ( 'NONE',  ( 1.000000000000000000, 0.000000000000000000, 0.000000000000000000 ) ) ;
#7198 = ORIENTED_EDGE ( 'NONE', *, *, #4747, .T. ) ;
#7199 =( NAMED_UNIT ( * ) PLANE_ANGLE_UNIT ( ) SI_UNIT ( $, .RADIAN. ) );
#7200 = DIRECTION ( 'NONE',  ( 1.000000000000000000, 0.000000000000000000, 0.000000000000000000 ) ) ;
#7201 = EDGE_CURVE ( 'NONE', #6107, #4387, #3846, .T. ) ;
#7202 =( GEOMETRIC_REPRESENTATION_CONTEXT ( 3 ) GLOBAL_UNCERTAINTY_ASSIGNED_CONTEXT ( ( #822 ) ) GLOBAL_UNIT_ASSIGNED_CONTEXT ( ( #929, #7308, #4305 ) ) REPRESENTATION_CONTEXT ( 'NONE', 'WORKASPACE' ) );
#7203 = ORIENTED_EDGE ( 'NONE', *, *, #6814, .F. ) ;
#7204 = VECTOR ( 'NONE', #3085, 1000.000000000000000 ) ;
#7205 = ORIENTED_EDGE ( 'NONE', *, *, #6626, .T. ) ;
#7206 = DIRECTION ( 'NONE',  ( 1.000000000000000000, 0.000000000000000000, 0.000000000000000000 ) ) ;
#7207 = DIRECTION ( 'NONE',  ( 0.000000000000000000, 0.000000000000000000, -1.000000000000000000 ) ) ;
#7208 = PRESENTATION_STYLE_ASSIGNMENT (( #6729 ) ) ;
#7209 =( NAMED_UNIT ( * ) PLANE_ANGLE_UNIT ( ) SI_UNIT ( $, .RADIAN. ) );
#7210 = UNCERTAINTY_MEASURE_WITH_UNIT (LENGTH_MEASURE( 1.000000000000000082E-05 ), #4811, 'distance_accuracy_value', 'NONE');
#7211 = ORIENTED_EDGE ( 'NONE', *, *, #6378, .T. ) ;
#7212 = VECTOR ( 'NONE', #2749, 1000.000000000000000 ) ;
#7213 = LINE ( 'NONE', #2005, #3378 ) ;
#7214 = VERTEX_POINT ( 'NONE', #6986 ) ;
#7215 = DIRECTION ( 'NONE',  ( -1.000000000000000000, 0.000000000000000000, 0.000000000000000000 ) ) ;
#7216 = CARTESIAN_POINT ( 'NONE',  ( 930.0000000000000000, -12.25774349296800203, 1079.057176153090040 ) ) ;
#7217 = PLANE ( 'NONE',  #6691 ) ;
#7218 = STYLED_ITEM ( 'NONE', ( #7175 ), #3041 ) ;
#7219 = VERTEX_POINT ( 'NONE', #4101 ) ;
#7220 = EDGE_CURVE ( 'NONE', #3042, #6, #3374, .T. ) ;
#7221 = CARTESIAN_POINT ( 'NONE',  ( 924.5000000000000000, -24.05717615308629931, 1042.742256507029879 ) ) ;
#7222 = DIRECTION ( 'NONE',  ( 0.000000000000000000, 1.000000000000000000, 0.000000000000000000 ) ) ;
#7223 = MECHANICAL_DESIGN_GEOMETRIC_PRESENTATION_REPRESENTATION (  '', ( #2001 ), #7350 ) ;
#7224 = VERTEX_POINT ( 'NONE', #2905 ) ;
#7225 = MECHANICAL_DESIGN_GEOMETRIC_PRESENTATION_REPRESENTATION (  '', ( #2599 ), #4891 ) ;
#7226 = CARTESIAN_POINT ( 'NONE',  ( 930.0000000000000000, -16.09188309203700129, 1035.908116907959993 ) ) ;
#7227 = DIRECTION ( 'NONE',  ( 0.000000000000000000, 1.000000000000000000, 0.000000000000000000 ) ) ;
#7228 = UNCERTAINTY_MEASURE_WITH_UNIT (LENGTH_MEASURE( 1.000000000000000082E-05 ), #4614, 'distance_accuracy_value', 'NONE');
#7229 = DIRECTION ( 'NONE',  ( -1.000000000000000000, 0.000000000000000000, 0.000000000000000000 ) ) ;
#7230 = VECTOR ( 'NONE', #2084, 1000.000000000000000 ) ;
#7231 = STYLED_ITEM ( 'NONE', ( #919 ), #3507 ) ;
#7232 = ADVANCED_FACE ( 'NONE', ( #3017 ), #3511, .T. ) ;
#7233 =( NAMED_UNIT ( * ) PLANE_ANGLE_UNIT ( ) SI_UNIT ( $, .RADIAN. ) );
#7234 = FACE_OUTER_BOUND ( 'NONE', #2505, .T. ) ;
#7235 = ORIENTED_EDGE ( 'NONE', *, *, #6618, .T. ) ;
#7236 = PRESENTATION_STYLE_ASSIGNMENT (( #770 ) ) ;
#7237 = MECHANICAL_DESIGN_GEOMETRIC_PRESENTATION_REPRESENTATION (  '', ( #5275 ), #7486 ) ;
#7238 = ORIENTED_EDGE ( 'NONE', *, *, #5224, .F. ) ;
#7239 = AXIS2_PLACEMENT_3D ( 'NONE', #864, #7291, #5510 ) ;
#7240 = ADVANCED_FACE ( 'NONE', ( #598 ), #4064, .T. ) ;
#7241 = VERTEX_POINT ( 'NONE', #4791 ) ;
#7242 = SURFACE_STYLE_USAGE ( .BOTH. , #2522 ) ;
#7243 = EDGE_CURVE ( 'NONE', #6551, #748, #6660, .T. ) ;
#7244 = SURFACE_STYLE_USAGE ( .BOTH. , #2562 ) ;
#7245 = CARTESIAN_POINT ( 'NONE',  ( 971.5000000000000000, -24.05717615308629931, 1042.742256507029879 ) ) ;
#7246 = UNCERTAINTY_MEASURE_WITH_UNIT (LENGTH_MEASURE( 1.000000000000000082E-05 ), #910, 'distance_accuracy_value', 'NONE');
#7247 = PRESENTATION_STYLE_ASSIGNMENT (( #6115 ) ) ;
#7248 = COLOUR_RGB ( '',0.4000000000000000222, 0.4000000000000000222, 0.4000000000000000222 ) ;
#7249 = ORIENTED_EDGE ( 'NONE', *, *, #3026, .T. ) ;
#7250 = AXIS2_PLACEMENT_3D ( 'NONE', #3802, #7576, #6485 ) ;
#7251 = SURFACE_SIDE_STYLE ('',( #902 ) ) ;
#7252 = CARTESIAN_POINT ( 'NONE',  ( 923.0000000000000000, 11.13693180368799851, 1043.863068196310223 ) ) ;
#7253 = ORIENTED_EDGE ( 'NONE', *, *, #5760, .T. ) ;
#7254 = PLANE ( 'NONE',  #3926 ) ;
#7255 = CARTESIAN_POINT ( 'NONE',  ( 924.5000000000000000, -23.62698137422527012, 1069.973886429606864 ) ) ;
#7256 = STYLED_ITEM ( 'NONE', ( #2726 ), #709 ) ;
#7257 = DIRECTION ( 'NONE',  ( 0.000000000000000000, 1.000000000000000000, 0.000000000000000000 ) ) ;
#7258 = SURFACE_STYLE_USAGE ( .BOTH. , #4911 ) ;
#7259 = PRESENTATION_LAYER_ASSIGNMENT (  '', '', ( #2623 ) ) ;
#7260 = EDGE_LOOP ( 'NONE', ( #6844, #4335, #1966, #4502 ) ) ;
#7261 =( GEOMETRIC_REPRESENTATION_CONTEXT ( 3 ) GLOBAL_UNCERTAINTY_ASSIGNED_CONTEXT ( ( #1919 ) ) GLOBAL_UNIT_ASSIGNED_CONTEXT ( ( #6188, #540, #6760 ) ) REPRESENTATION_CONTEXT ( 'NONE', 'WORKASPACE' ) );
#7262 = DIRECTION ( 'NONE',  ( 1.000000000000000000, 0.000000000000000000, 0.000000000000000000 ) ) ;
#7263 = COLOUR_RGB ( '',0.4000000000000000222, 0.4000000000000000222, 0.4000000000000000222 ) ;
#7264 = EDGE_LOOP ( 'NONE', ( #3151, #2221, #2064, #232 ) ) ;
#7265 = CARTESIAN_POINT ( 'NONE',  ( 924.5000000000000000, -24.05717615308590140, 1067.257743492970121 ) ) ;
#7266 = CARTESIAN_POINT ( 'NONE',  ( 924.6000000000000227, 12.25774349296749932, 1030.942823846909960 ) ) ;
#7267 =( GEOMETRIC_REPRESENTATION_CONTEXT ( 3 ) GLOBAL_UNCERTAINTY_ASSIGNED_CONTEXT ( ( #1223 ) ) GLOBAL_UNIT_ASSIGNED_CONTEXT ( ( #6059, #4298, #6134 ) ) REPRESENTATION_CONTEXT ( 'NONE', 'WORKASPACE' ) );
#7268 = DIRECTION ( 'NONE',  ( 0.000000000000000000, -0.5759224336161231639, -0.8175043427760382286 ) ) ;
#7269 = AXIS2_PLACEMENT_3D ( 'NONE', #5646, #374, #6833 ) ;
#7270 = DIRECTION ( 'NONE',  ( -1.000000000000000000, 1.258636124801849761E-16, 0.000000000000000000 ) ) ;
#7271 = VERTEX_POINT ( 'NONE', #2073 ) ;
#7272 = DIRECTION ( 'NONE',  ( 0.000000000000000000, -0.4539904997395672881, 0.8910065241883574627 ) ) ;
#7273 =( NAMED_UNIT ( * ) PLANE_ANGLE_UNIT ( ) SI_UNIT ( $, .RADIAN. ) );
#7274 = EDGE_CURVE ( 'NONE', #1093, #409, #1702, .T. ) ;
#7275 = DIRECTION ( 'NONE',  ( 0.000000000000000000, 0.8910065241883723397, 0.4539904997395379227 ) ) ;
#7276 = CIRCLE ( 'NONE', #3241, 2.749999999999999112 ) ;
#7277 = VERTEX_POINT ( 'NONE', #176 ) ;
#7278 = MECHANICAL_DESIGN_GEOMETRIC_PRESENTATION_REPRESENTATION (  '', ( #562 ), #5920 ) ;
#7279 = ORIENTED_EDGE ( 'NONE', *, *, #5067, .T. ) ;
#7280 = FILL_AREA_STYLE ('',( #4272 ) ) ;
#7281 = CYLINDRICAL_SURFACE ( 'NONE', #229, 2.750000000000002665 ) ;
#7282 = PRESENTATION_STYLE_ASSIGNMENT (( #4973 ) ) ;
#7283 =( GEOMETRIC_REPRESENTATION_CONTEXT ( 3 ) GLOBAL_UNCERTAINTY_ASSIGNED_CONTEXT ( ( #4917 ) ) GLOBAL_UNIT_ASSIGNED_CONTEXT ( ( #5255, #1192, #2318 ) ) REPRESENTATION_CONTEXT ( 'NONE', 'WORKASPACE' ) );
#7284 = MECHANICAL_DESIGN_GEOMETRIC_PRESENTATION_REPRESENTATION (  '', ( #4452 ), #4584 ) ;
#7285 = EDGE_CURVE ( 'NONE', #5660, #3408, #2187, .T. ) ;
#7286 = VERTEX_POINT ( 'NONE', #2532 ) ;
#7287 = PRESENTATION_LAYER_ASSIGNMENT (  '', '', ( #3023 ) ) ;
#7288 = AXIS2_PLACEMENT_3D ( 'NONE', #6746, #367, #6094 ) ;
#7289 = CARTESIAN_POINT ( 'NONE',  ( 924.5000000000000000, 4.223730556086679577, 1081.667585196069922 ) ) ;
#7290 = ORIENTED_EDGE ( 'NONE', *, *, #6131, .F. ) ;
#7291 = DIRECTION ( 'NONE',  ( 1.000000000000000000, 0.000000000000000000, 0.000000000000000000 ) ) ;
#7292 =( NAMED_UNIT ( * ) SI_UNIT ( $, .STERADIAN. ) SOLID_ANGLE_UNIT ( ) );
#7293 = EDGE_CURVE ( 'NONE', #4049, #4065, #5095, .T. ) ;
#7294 = LINE ( 'NONE', #3691, #6759 ) ;
#7295 = ORIENTED_EDGE ( 'NONE', *, *, #5631, .T. ) ;
#7296 = DIRECTION ( 'NONE',  ( 1.000000000000000000, 0.000000000000000000, 0.000000000000000000 ) ) ;
#7297 = CARTESIAN_POINT ( 'NONE',  ( 924.5797752808986161, 0.4811745149644962583, 1024.242169515787282 ) ) ;
#7298 = AXIS2_PLACEMENT_3D ( 'NONE', #1616, #7488, #7442 ) ;
#7299 = VERTEX_POINT ( 'NONE', #4205 ) ;
#7300 = CARTESIAN_POINT ( 'NONE',  ( 921.5000000000000000, 14.97388642960481064, 1078.626981374219213 ) ) ;
#7301 =( NAMED_UNIT ( * ) SI_UNIT ( $, .STERADIAN. ) SOLID_ANGLE_UNIT ( ) );
#7302 = CARTESIAN_POINT ( 'NONE',  ( 971.5000000000000000, -25.41911132178511679, 1048.326001502392046 ) ) ;
#7303 = DIRECTION ( 'NONE',  ( 1.000000000000000000, 0.000000000000000000, 0.000000000000000000 ) ) ;
#7304 = PLANE ( 'NONE',  #6517 ) ;
#7305 = AXIS2_PLACEMENT_3D ( 'NONE', #512, #2334, #4588 ) ;
#7306 =( NAMED_UNIT ( * ) SI_UNIT ( $, .STERADIAN. ) SOLID_ANGLE_UNIT ( ) );
#7307 = FACE_OUTER_BOUND ( 'NONE', #2855, .T. ) ;
#7308 =( NAMED_UNIT ( * ) PLANE_ANGLE_UNIT ( ) SI_UNIT ( $, .RADIAN. ) );
#7309 = FACE_OUTER_BOUND ( 'NONE', #3579, .T. ) ;
#7310 = FACE_OUTER_BOUND ( 'NONE', #2350, .T. ) ;
#7311 = COLOUR_RGB ( '',0.4000000000000000222, 0.4000000000000000222, 0.4000000000000000222 ) ;
#7312 = ORIENTED_EDGE ( 'NONE', *, *, #5684, .F. ) ;
#7313 = FILL_AREA_STYLE_COLOUR ( '', #1260 ) ;
#7314 = CARTESIAN_POINT ( 'NONE',  ( 923.0000000000000000, 15.74999999999969802, 1055.000000000000000 ) ) ;
#7315 = EDGE_CURVE ( 'NONE', #5922, #5396, #6555, .T. ) ;
#7316 = STYLED_ITEM ( 'NONE', ( #7208 ), #2273 ) ;
#7317 = UNCERTAINTY_MEASURE_WITH_UNIT (LENGTH_MEASURE( 1.000000000000000082E-05 ), #2413, 'distance_accuracy_value', 'NONE');
#7318 = FILL_AREA_STYLE_COLOUR ( '', #245 ) ;
#7319 = STYLED_ITEM ( 'NONE', ( #1908 ), #19 ) ;
#7320 = ORIENTED_EDGE ( 'NONE', *, *, #130, .F. ) ;
#7321 = CARTESIAN_POINT ( 'NONE',  ( 930.0000000000000000, -1.903451637829659917E-13, 1055.000000000000000 ) ) ;
#7322 = EDGE_CURVE ( 'NONE', #5949, #4423, #1201, .T. ) ;
#7323 = DIRECTION ( 'NONE',  ( -1.000000000000000000, 0.000000000000000000, 0.000000000000000000 ) ) ;
#7324 = DIRECTION ( 'NONE',  ( 0.000000000000000000, -1.000000000000000000, 0.000000000000000000 ) ) ;
#7325 = CARTESIAN_POINT ( 'NONE',  ( 929.5000000000000000, -1.902822319767259780E-13, 1055.000000000000000 ) ) ;
#7326 = DIRECTION ( 'NONE',  ( 1.000000000000000000, 0.000000000000000000, 0.000000000000000000 ) ) ;
#7327 = CIRCLE ( 'NONE', #5365, 2.750000000000059064 ) ;
#7328 = ORIENTED_EDGE ( 'NONE', *, *, #2993, .F. ) ;
#7329 = EDGE_CURVE ( 'NONE', #1217, #658, #317, .T. ) ;
#7330 = DIRECTION ( 'NONE',  ( 0.000000000000000000, 0.7071067811865437980, -0.7071067811865513475 ) ) ;
#7331 = ORIENTED_EDGE ( 'NONE', *, *, #5091, .T. ) ;
#7332 = DIRECTION ( 'NONE',  ( 1.000000000000000000, 0.000000000000000000, 0.000000000000000000 ) ) ;
#7333 = CYLINDRICAL_SURFACE ( 'NONE', #6983, 2.499999999999946709 ) ;
#7334 = DIRECTION ( 'NONE',  ( 1.000000000000000000, 0.000000000000000000, 0.000000000000000000 ) ) ;
#7335 = CIRCLE ( 'NONE', #3551, 2.999999999999999112 ) ;
#7336 = CARTESIAN_POINT ( 'NONE',  ( 921.5000000000000000, -26.66758519606889877, 1050.776269443909996 ) ) ;
#7337 = CARTESIAN_POINT ( 'NONE',  ( 921.5000000000000000, 15.25774349296750110, 1030.942823846909960 ) ) ;
#7338 = STYLED_ITEM ( 'NONE', ( #2956 ), #4003 ) ;
#7339 = AXIS2_PLACEMENT_3D ( 'NONE', #4734, #6507, #6429 ) ;
#7340 = CARTESIAN_POINT ( 'NONE',  ( 921.5000000000000000, -26.66758519606879574, 1059.223730556080000 ) ) ;
#7341 = CARTESIAN_POINT ( 'NONE',  ( 921.5000000000000000, -26.66758519606889877, 1050.776269443909996 ) ) ;
#7342 = DIRECTION ( 'NONE',  ( 0.000000000000000000, -1.000000000000000000, 0.000000000000000000 ) ) ;
#7343 = CIRCLE ( 'NONE', #1376, 2.500000000000000000 ) ;
#7344 = FILL_AREA_STYLE_COLOUR ( '', #5550 ) ;
#7345 =( GEOMETRIC_REPRESENTATION_CONTEXT ( 3 ) GLOBAL_UNCERTAINTY_ASSIGNED_CONTEXT ( ( #1999 ) ) GLOBAL_UNIT_ASSIGNED_CONTEXT ( ( #4105, #1787, #6326 ) ) REPRESENTATION_CONTEXT ( 'NONE', 'WORKASPACE' ) );
#7346 =( LENGTH_UNIT ( ) NAMED_UNIT ( * ) SI_UNIT ( .MILLI., .METRE. ) );
#7347 = ORIENTED_EDGE ( 'NONE', *, *, #5770, .F. ) ;
#7348 = EDGE_LOOP ( 'NONE', ( #757, #2384 ) ) ;
#7349 = CARTESIAN_POINT ( 'NONE',  ( 921.5000000000000000, -24.05717615308590140, 1067.257743492970121 ) ) ;
#7350 =( GEOMETRIC_REPRESENTATION_CONTEXT ( 3 ) GLOBAL_UNCERTAINTY_ASSIGNED_CONTEXT ( ( #2729 ) ) GLOBAL_UNIT_ASSIGNED_CONTEXT ( ( #6639, #2545, #4844 ) ) REPRESENTATION_CONTEXT ( 'NONE', 'WORKASPACE' ) );
#7351 = FACE_OUTER_BOUND ( 'NONE', #4432, .T. ) ;
#7352 = COLOUR_RGB ( '',0.2000000000000000111, 0.2000000000000000111, 0.2000000000000000111 ) ;
#7353 = FACE_OUTER_BOUND ( 'NONE', #4011, .T. ) ;
#7354 = SURFACE_STYLE_USAGE ( .BOTH. , #277 ) ;
#7355 =( NAMED_UNIT ( * ) SI_UNIT ( $, .STERADIAN. ) SOLID_ANGLE_UNIT ( ) );
#7356 = COLOUR_RGB ( '',0.2000000000000000111, 0.2000000000000000111, 0.2000000000000000111 ) ;
#7357 = EDGE_CURVE ( 'NONE', #3174, #4119, #7213, .T. ) ;
#7358 = AXIS2_PLACEMENT_3D ( 'NONE', #7349, #2779, #3894 ) ;
#7359 = ORIENTED_EDGE ( 'NONE', *, *, #1711, .F. ) ;
#7360 = CARTESIAN_POINT ( 'NONE',  ( 924.6000000000000227, 0.09999999999980679899, 1024.828660585990065 ) ) ;
#7361 = COLOUR_RGB ( '',0.4000000000000000222, 0.4000000000000000222, 0.4000000000000000222 ) ;
#7362 = DIRECTION ( 'NONE',  ( 0.000000000000000000, 0.000000000000000000, 1.000000000000000000 ) ) ;
#7363 = DIRECTION ( 'NONE',  ( 1.000000000000000000, 0.000000000000000000, 0.000000000000000000 ) ) ;
#7364 = DIRECTION ( 'NONE',  ( 1.000000000000000000, 0.000000000000000000, 0.000000000000000000 ) ) ;
#7365 = CARTESIAN_POINT ( 'NONE',  ( 930.0000000000000000, -26.66758519606889877, 1059.223730556090004 ) ) ;
#7366 = CIRCLE ( 'NONE', #3581, 2.999999999999999112 ) ;
#7367 = FILL_AREA_STYLE ('',( #2154 ) ) ;
#7368 = EDGE_CURVE ( 'NONE', #2754, #3540, #7420, .T. ) ;
#7369 = ORIENTED_EDGE ( 'NONE', *, *, #1591, .T. ) ;
#7370 = DIRECTION ( 'NONE',  ( 1.000000000000000000, 0.000000000000000000, 0.000000000000000000 ) ) ;
#7371 = CARTESIAN_POINT ( 'NONE',  ( 930.0000000000000000, 26.66758519606849731, 1059.223730556090004 ) ) ;
#7372 = CIRCLE ( 'NONE', #1399, 2.999999999999999112 ) ;
#7373 = ORIENTED_EDGE ( 'NONE', *, *, #6720, .T. ) ;
#7374 = SURFACE_STYLE_FILL_AREA ( #958 ) ;
#7375 = FACE_OUTER_BOUND ( 'NONE', #531, .T. ) ;
#7376 =( NAMED_UNIT ( * ) PLANE_ANGLE_UNIT ( ) SI_UNIT ( $, .RADIAN. ) );
#7377 = CARTESIAN_POINT ( 'NONE',  ( 924.6000000000000227, -2.011501236303849749E-13, 1055.000000000000000 ) ) ;
#7378 = CIRCLE ( 'NONE', #6877, 2.999999999999999112 ) ;
#7379 = DIRECTION ( 'NONE',  ( 0.000000000000000000, -1.000000000000000000, 0.000000000000000000 ) ) ;
#7380 = ADVANCED_FACE ( 'NONE', ( #5973 ), #136, .T. ) ;
#7381 = EDGE_CURVE ( 'NONE', #3618, #3650, #205, .T. ) ;
#7382 = AXIS2_PLACEMENT_3D ( 'NONE', #3589, #610, #5232 ) ;
#7383 =( GEOMETRIC_REPRESENTATION_CONTEXT ( 3 ) GLOBAL_UNCERTAINTY_ASSIGNED_CONTEXT ( ( #6040 ) ) GLOBAL_UNIT_ASSIGNED_CONTEXT ( ( #5245, #3462, #5175 ) ) REPRESENTATION_CONTEXT ( 'NONE', 'WORKASPACE' ) );
#7384 = PRESENTATION_STYLE_ASSIGNMENT (( #6291 ) ) ;
#7385 =( NAMED_UNIT ( * ) PLANE_ANGLE_UNIT ( ) SI_UNIT ( $, .RADIAN. ) );
#7386 = SURFACE_SIDE_STYLE ('',( #4576 ) ) ;
#7387 = COLOUR_RGB ( '',0.2000000000000000111, 0.2000000000000000111, 0.2000000000000000111 ) ;
#7388 = SURFACE_STYLE_USAGE ( .BOTH. , #2209 ) ;
#7389 = STYLED_ITEM ( 'NONE', ( #183 ), #1452 ) ;
#7390 = DIRECTION ( 'NONE',  ( 1.000000000000000000, -1.258636124801849761E-16, 0.000000000000000000 ) ) ;
#7391 = UNCERTAINTY_MEASURE_WITH_UNIT (LENGTH_MEASURE( 1.000000000000000082E-05 ), #7065, 'distance_accuracy_value', 'NONE');
#7392 = STYLED_ITEM ( 'NONE', ( #1119 ), #5640 ) ;
#7393 = DIRECTION ( 'NONE',  ( -1.000000000000000000, 0.000000000000000000, 0.000000000000000000 ) ) ;
#7394 = EDGE_CURVE ( 'NONE', #7150, #7241, #2062, .T. ) ;
#7395 =( LENGTH_UNIT ( ) NAMED_UNIT ( * ) SI_UNIT ( .MILLI., .METRE. ) );
#7396 = CONICAL_SURFACE ( 'NONE', #1547, 19.50000000000000000, 0.7853981625000003852 ) ;
#7397 = ORIENTED_EDGE ( 'NONE', *, *, #5274, .F. ) ;
#7398 = ORIENTED_EDGE ( 'NONE', *, *, #1855, .T. ) ;
#7399 = CARTESIAN_POINT ( 'NONE',  ( 930.0000000000000000, -1.912302285064559646E-13, 1070.750000000000000 ) ) ;
#7400 = ORIENTED_EDGE ( 'NONE', *, *, #3890, .F. ) ;
#7401 = SURFACE_SIDE_STYLE ('',( #390 ) ) ;
#7402 = CARTESIAN_POINT ( 'NONE',  ( 920.1416456863189524, 0.6390067315920410218, 1014.049929217579916 ) ) ;
#7403 =( LENGTH_UNIT ( ) NAMED_UNIT ( * ) SI_UNIT ( .MILLI., .METRE. ) );
#7404 = UNCERTAINTY_MEASURE_WITH_UNIT (LENGTH_MEASURE( 1.000000000000000082E-05 ), #6935, 'distance_accuracy_value', 'NONE');
#7405 = AXIS2_PLACEMENT_3D ( 'NONE', #2416, #4709, #7053 ) ;
#7406 = COLOUR_RGB ( '',0.2000000000000000111, 0.2000000000000000111, 0.2000000000000000111 ) ;
#7407 = ORIENTED_EDGE ( 'NONE', *, *, #3248, .F. ) ;
#7408 =( NAMED_UNIT ( * ) SI_UNIT ( $, .STERADIAN. ) SOLID_ANGLE_UNIT ( ) );
#7409 = DIRECTION ( 'NONE',  ( 1.000000000000000000, 0.000000000000000000, 0.000000000000000000 ) ) ;
#7410 = MECHANICAL_DESIGN_GEOMETRIC_PRESENTATION_REPRESENTATION (  '', ( #3729 ), #3843 ) ;
#7411 = PRESENTATION_LAYER_ASSIGNMENT (  '', '', ( #2423 ) ) ;
#7412 = UNCERTAINTY_MEASURE_WITH_UNIT (LENGTH_MEASURE( 1.000000000000000082E-05 ), #3163, 'distance_accuracy_value', 'NONE');
#7413 = SURFACE_STYLE_FILL_AREA ( #4439 ) ;
#7414 = FACE_OUTER_BOUND ( 'NONE', #4348, .T. ) ;
#7415 = AXIS2_PLACEMENT_3D ( 'NONE', #6366, #636, #7102 ) ;
#7416 = AXIS2_PLACEMENT_3D ( 'NONE', #2108, #5474, #3791 ) ;
#7417 = ORIENTED_EDGE ( 'NONE', *, *, #2227, .T. ) ;
#7418 = EDGE_LOOP ( 'NONE', ( #197, #7253, #4769, #6659 ) ) ;
#7419 = ADVANCED_FACE ( 'NONE', ( #4395 ), #4624, .F. ) ;
#7420 = CIRCLE ( 'NONE', #1832, 2.999999999999999112 ) ;
#7421 = DIRECTION ( 'NONE',  ( 0.000000000000000000, -1.000000000000000000, 0.000000000000000000 ) ) ;
#7422 = CARTESIAN_POINT ( 'NONE',  ( 924.5000000000000000, -26.66758519606879574, 1059.223730556080000 ) ) ;
#7423 = LINE ( 'NONE', #2879, #426 ) ;
#7424 = CIRCLE ( 'NONE', #1449, 40.95505617977519819 ) ;
#7425 = CARTESIAN_POINT ( 'NONE',  ( 919.2511829564709842, -41.50000000000019185, 1055.000000000000000 ) ) ;
#7426 = EDGE_CURVE ( 'NONE', #4086, #5409, #944, .T. ) ;
#7427 = FACE_OUTER_BOUND ( 'NONE', #717, .T. ) ;
#7428 = PRESENTATION_LAYER_ASSIGNMENT (  '', '', ( #6809 ) ) ;
#7429 = FILL_AREA_STYLE_COLOUR ( '', #3922 ) ;
#7430 = ORIENTED_EDGE ( 'NONE', *, *, #942, .F. ) ;
#7431 = VERTEX_POINT ( 'NONE', #5807 ) ;
#7432 = SURFACE_STYLE_FILL_AREA ( #4425 ) ;
#7433 = ORIENTED_EDGE ( 'NONE', *, *, #4136, .T. ) ;
#7434 = FACE_OUTER_BOUND ( 'NONE', #5725, .T. ) ;
#7435 = EDGE_CURVE ( 'NONE', #2615, #2568, #5453, .T. ) ;
#7436 = EDGE_LOOP ( 'NONE', ( #2782, #4893, #1255, #1647 ) ) ;
#7437 = DIRECTION ( 'NONE',  ( 1.000000000000000000, 0.000000000000000000, 0.000000000000000000 ) ) ;
#7438 = FILL_AREA_STYLE ('',( #5102 ) ) ;
#7439 = FILL_AREA_STYLE ('',( #473 ) ) ;
#7440 =( GEOMETRIC_REPRESENTATION_CONTEXT ( 3 ) GLOBAL_UNCERTAINTY_ASSIGNED_CONTEXT ( ( #7246 ) ) GLOBAL_UNIT_ASSIGNED_CONTEXT ( ( #910, #3797, #2608 ) ) REPRESENTATION_CONTEXT ( 'NONE', 'WORKASPACE' ) );
#7441 = ORIENTED_EDGE ( 'NONE', *, *, #6720, .F. ) ;
#7442 = DIRECTION ( 'NONE',  ( 0.000000000000000000, -1.000000000000000000, 0.000000000000000000 ) ) ;
#7443 = DIRECTION ( 'NONE',  ( 1.000000000000000000, 0.000000000000000000, 0.000000000000000000 ) ) ;
#7444 = DIRECTION ( 'NONE',  ( 0.000000000000000000, -1.000000000000000000, 0.000000000000000000 ) ) ;
#7445 = AXIS2_PLACEMENT_3D ( 'NONE', #585, #160, #5388 ) ;
#7446 = CARTESIAN_POINT ( 'NONE',  ( 930.0000000000000000, 26.66758519606849731, 1050.776269443909996 ) ) ;
#7447 = DIRECTION ( 'NONE',  ( 0.000000000000000000, 0.1564344650402259007, 0.9876883405951384365 ) ) ;
#7448 = CIRCLE ( 'NONE', #850, 40.50000000000000000 ) ;
#7449 = ORIENTED_EDGE ( 'NONE', *, *, #2862, .T. ) ;
#7450 = CIRCLE ( 'NONE', #985, 3.000000000000000000 ) ;
#7451 = SURFACE_STYLE_FILL_AREA ( #365 ) ;
#7452 = FILL_AREA_STYLE_COLOUR ( '', #201 ) ;
#7453 = ORIENTED_EDGE ( 'NONE', *, *, #4747, .F. ) ;
#7454 = CARTESIAN_POINT ( 'NONE',  ( 919.5473600358402564, 0.01543043722743228478, 1013.544867060674392 ) ) ;
#7455 = AXIS2_PLACEMENT_3D ( 'NONE', #6524, #1372, #6006 ) ;
#7456 = DIRECTION ( 'NONE',  ( 0.000000000000000000, 0.7071067811865443531, 0.7071067811865506814 ) ) ;
#7457 =( NAMED_UNIT ( * ) SI_UNIT ( $, .STERADIAN. ) SOLID_ANGLE_UNIT ( ) );
#7458 =( BOUNDED_CURVE ( )  B_SPLINE_CURVE ( 3, ( #3816, #3932, #5049, #6108 ),
 .UNSPECIFIED., .F., .F. ) 
 B_SPLINE_CURVE_WITH_KNOTS ( ( 4, 4 ),
 ( 2.617993878000938857, 3.141592653589793116 ),
 .UNSPECIFIED. ) 
 CURVE ( )  GEOMETRIC_REPRESENTATION_ITEM ( )  RATIONAL_B_SPLINE_CURVE ( ( 1.000000000000000000, 0.9772838841935269638, 0.9772838841935269638, 1.000000000000000000 ) ) 
 REPRESENTATION_ITEM ( '' )  );
#7459 = DIRECTION ( 'NONE',  ( 1.000000000000000000, 0.000000000000000000, 0.000000000000000000 ) ) ;
#7460 = CARTESIAN_POINT ( 'NONE',  ( 930.0000000000000000, 24.05717615308580193, 1067.257743492970121 ) ) ;
#7461 = PRESENTATION_LAYER_ASSIGNMENT (  '', '', ( #2474 ) ) ;
#7462 = SURFACE_STYLE_FILL_AREA ( #2327 ) ;
#7463 =( NAMED_UNIT ( * ) PLANE_ANGLE_UNIT ( ) SI_UNIT ( $, .RADIAN. ) );
#7464 = STYLED_ITEM ( 'NONE', ( #6942 ), #3031 ) ;
#7465 = SURFACE_STYLE_USAGE ( .BOTH. , #1639 ) ;
#7466 = UNCERTAINTY_MEASURE_WITH_UNIT (LENGTH_MEASURE( 1.000000000000000082E-05 ), #7395, 'distance_accuracy_value', 'NONE');
#7467 = CARTESIAN_POINT ( 'NONE',  ( 921.5000000000000000, -22.09188309203699774, 1035.908116907959993 ) ) ;
#7468 = FILL_AREA_STYLE ('',( #4582 ) ) ;
#7469 = EDGE_CURVE ( 'NONE', #6, #3042, #6792, .T. ) ;
#7470 = STYLED_ITEM ( 'NONE', ( #4508 ), #3198 ) ;
#7471 = ORIENTED_EDGE ( 'NONE', *, *, #3242, .T. ) ;
#7472 = EDGE_LOOP ( 'NONE', ( #721, #214 ) ) ;
#7473 = ORIENTED_EDGE ( 'NONE', *, *, #2862, .F. ) ;
#7474 = CARTESIAN_POINT ( 'NONE',  ( 921.5000000000000000, 4.223730556085629750, 1028.332414803930078 ) ) ;
#7475 = FILL_AREA_STYLE_COLOUR ( '', #3143 ) ;
#7476 = LINE ( 'NONE', #2261, #3805 ) ;
#7477 = ORIENTED_EDGE ( 'NONE', *, *, #52, .T. ) ;
#7478 = DIRECTION ( 'NONE',  ( 1.000000000000000000, 0.000000000000000000, 0.000000000000000000 ) ) ;
#7479 = DIRECTION ( 'NONE',  ( 0.000000000000000000, -1.000000000000000000, 0.000000000000000000 ) ) ;
#7480 = AXIS2_PLACEMENT_3D ( 'NONE', #6535, #148, #3028 ) ;
#7481 = DIRECTION ( 'NONE',  ( 1.000000000000000000, 0.000000000000000000, 0.000000000000000000 ) ) ;
#7482 = CIRCLE ( 'NONE', #3678, 9.799999999999998934 ) ;
#7483 = EDGE_CURVE ( 'NONE', #1925, #3626, #6381, .T. ) ;
#7484 = EDGE_CURVE ( 'NONE', #7169, #2237, #94, .T. ) ;
#7485 = STYLED_ITEM ( 'NONE', ( #1627 ), #4220 ) ;
#7486 =( GEOMETRIC_REPRESENTATION_CONTEXT ( 3 ) GLOBAL_UNCERTAINTY_ASSIGNED_CONTEXT ( ( #2142 ) ) GLOBAL_UNIT_ASSIGNED_CONTEXT ( ( #6552, #739, #5998 ) ) REPRESENTATION_CONTEXT ( 'NONE', 'WORKASPACE' ) );
#7487 = ORIENTED_EDGE ( 'NONE', *, *, #4270, .F. ) ;
#7488 = DIRECTION ( 'NONE',  ( -1.000000000000000000, 0.000000000000000000, 0.000000000000000000 ) ) ;
#7489 = CARTESIAN_POINT ( 'NONE',  ( 924.6000000000000227, 24.05717615308569890, 1042.742256507029879 ) ) ;
#7490 = UNCERTAINTY_MEASURE_WITH_UNIT (LENGTH_MEASURE( 1.000000000000000082E-05 ), #1707, 'distance_accuracy_value', 'NONE');
#7491 = DIRECTION ( 'NONE',  ( 0.000000000000000000, -0.4539904997395672881, 0.8910065241883574627 ) ) ;
#7492 = PRESENTATION_LAYER_ASSIGNMENT (  '', '', ( #2852 ) ) ;
#7493 =( NAMED_UNIT ( * ) PLANE_ANGLE_UNIT ( ) SI_UNIT ( $, .RADIAN. ) );
#7494 = DIRECTION ( 'NONE',  ( 1.000000000000000000, 0.000000000000000000, 0.000000000000000000 ) ) ;
#7495 = PRODUCT_DEFINITION_FORMATION_WITH_SPECIFIED_SOURCE ( 'ä»', '', #4677, .NOT_KNOWN. ) ;
#7496 = VERTEX_POINT ( 'NONE', #6887 ) ;
#7497 = CYLINDRICAL_SURFACE ( 'NONE', #1827, 2.750000000000007550 ) ;
#7498 = ORIENTED_EDGE ( 'NONE', *, *, #7146, .F. ) ;
#7499 = CARTESIAN_POINT ( 'NONE',  ( 924.5000000000000000, -24.05717615308629931, 1042.742256507029879 ) ) ;
#7500 = SURFACE_SIDE_STYLE ('',( #642 ) ) ;
#7501 = SURFACE_SIDE_STYLE ('',( #1587 ) ) ;
#7502 = LINE ( 'NONE', #1081, #5429 ) ;
#7503 =( LENGTH_UNIT ( ) NAMED_UNIT ( * ) SI_UNIT ( .MILLI., .METRE. ) );
#7504 = CARTESIAN_POINT ( 'NONE',  ( 921.5000000000000000, -27.09777997492941282, 1061.939873492716742 ) ) ;
#7505 = VECTOR ( 'NONE', #5524, 1000.000000000000000 ) ;
#7506 = FILL_AREA_STYLE_COLOUR ( '', #407 ) ;
#7507 = FACE_BOUND ( 'NONE', #3577, .T. ) ;
#7508 = PRESENTATION_LAYER_ASSIGNMENT (  '', '', ( #4794 ) ) ;
#7509 = FACE_BOUND ( 'NONE', #6709, .T. ) ;
#7510 = CARTESIAN_POINT ( 'NONE',  ( 921.5000000000000000, -12.25774349296800203, 1030.942823846909960 ) ) ;
#7511 = STYLED_ITEM ( 'NONE', ( #6136 ), #5532 ) ;
#7512 = ORIENTED_EDGE ( 'NONE', *, *, #2227, .F. ) ;
#7513 = ORIENTED_EDGE ( 'NONE', *, *, #6868, .T. ) ;
#7514 = ORIENTED_EDGE ( 'NONE', *, *, #2591, .F. ) ;
#7515 = PRESENTATION_LAYER_ASSIGNMENT (  '', '', ( #4558 ) ) ;
#7516 = DIRECTION ( 'NONE',  ( 1.000000000000000000, 0.000000000000000000, 0.000000000000000000 ) ) ;
#7517 = FACE_OUTER_BOUND ( 'NONE', #3628, .T. ) ;
#7518 = ORIENTED_EDGE ( 'NONE', *, *, #5354, .T. ) ;
#7519 = CARTESIAN_POINT ( 'NONE',  ( 921.5000000000000000, -24.05717615308629931, 1042.742256507029879 ) ) ;
#7520 = AXIS2_PLACEMENT_3D ( 'NONE', #7195, #4378, #1980 ) ;
#7521 = CARTESIAN_POINT ( 'NONE',  ( 912.0000000000000000, 40.49999999999981526, 1055.000000000000000 ) ) ;
#7522 = EDGE_CURVE ( 'NONE', #5170, #3032, #6178, .T. ) ;
#7523 = DIRECTION ( 'NONE',  ( 1.000000000000000000, 0.000000000000000000, 0.000000000000000000 ) ) ;
#7524 = COLOUR_RGB ( '',0.2000000000000000111, 0.2000000000000000111, 0.2000000000000000111 ) ;
#7525 = AXIS2_PLACEMENT_3D ( 'NONE', #3623, #4838, #4293 ) ;
#7526 = EDGE_LOOP ( 'NONE', ( #4828, #3914, #6005, #4932 ) ) ;
#7527 = EDGE_CURVE ( 'NONE', #6193, #6613, #4341, .T. ) ;
#7528 = CIRCLE ( 'NONE', #6775, 2.500000000000000444 ) ;
#7529 =( NAMED_UNIT ( * ) PLANE_ANGLE_UNIT ( ) SI_UNIT ( $, .RADIAN. ) );
#7530 = FILL_AREA_STYLE_COLOUR ( '', #2966 ) ;
#7531 = ORIENTED_EDGE ( 'NONE', *, *, #1566, .F. ) ;
#7532 = PRESENTATION_LAYER_ASSIGNMENT (  '', '', ( #5799 ) ) ;
#7533 = DIRECTION ( 'NONE',  ( 0.000000000000000000, -1.000000000000000000, 0.000000000000000000 ) ) ;
#7534 = ORIENTED_EDGE ( 'NONE', *, *, #2397, .T. ) ;
#7535 = CARTESIAN_POINT ( 'NONE',  ( 942.4931468039650326, -41.50000000000019895, 1055.000000000000000 ) ) ;
#7536 = ADVANCED_FACE ( 'NONE', ( #6303 ), #4, .T. ) ;
#7537 =( NAMED_UNIT ( * ) PLANE_ANGLE_UNIT ( ) SI_UNIT ( $, .RADIAN. ) );
#7538 =( NAMED_UNIT ( * ) PLANE_ANGLE_UNIT ( ) SI_UNIT ( $, .RADIAN. ) );
#7539 = DIRECTION ( 'NONE',  ( -1.000000000000000000, 0.000000000000000000, 0.000000000000000000 ) ) ;
#7540 = CARTESIAN_POINT ( 'NONE',  ( 924.5000000000000000, -26.00171980134929584, 1044.686800155292985 ) ) ;
#7541 = DIRECTION ( 'NONE',  ( 0.000000000000000000, -1.000000000000000000, 0.000000000000000000 ) ) ;
#7542 = CIRCLE ( 'NONE', #6412, 2.999999999999999112 ) ;
#7543 = DIRECTION ( 'NONE',  ( 1.000000000000000000, 0.000000000000000000, 0.000000000000000000 ) ) ;
#7544 = SURFACE_SIDE_STYLE ('',( #2399 ) ) ;
#7545 = DIRECTION ( 'NONE',  ( 1.000000000000000000, 0.000000000000000000, 0.000000000000000000 ) ) ;
#7546 = UNCERTAINTY_MEASURE_WITH_UNIT (LENGTH_MEASURE( 1.000000000000000082E-05 ), #4017, 'distance_accuracy_value', 'NONE');
#7547 = CARTESIAN_POINT ( 'NONE',  ( 921.5000000000000000, 19.09188309203670286, 1074.091883092039780 ) ) ;
#7548 = ORIENTED_EDGE ( 'NONE', *, *, #5264, .F. ) ;
#7549 = VERTEX_POINT ( 'NONE', #2957 ) ;
#7550 = SURFACE_STYLE_FILL_AREA ( #4084 ) ;
#7551 = ORIENTED_EDGE ( 'NONE', *, *, #7285, .T. ) ;
#7552 = DIRECTION ( 'NONE',  ( -1.000000000000000000, 0.000000000000000000, 0.000000000000000000 ) ) ;
#7553 = PLANE ( 'NONE',  #7305 ) ;
#7554 = ORIENTED_EDGE ( 'NONE', *, *, #5821, .T. ) ;
#7555 = CARTESIAN_POINT ( 'NONE',  ( 971.5000000000000000, -1.773462614567777207, 1082.916059070353640 ) ) ;
#7556 = FILL_AREA_STYLE ('',( #5661 ) ) ;
#7557 = LINE ( 'NONE', #2921, #2836 ) ;
#7558 = SURFACE_STYLE_USAGE ( .BOTH. , #6352 ) ;
#7559 = PRESENTATION_STYLE_ASSIGNMENT (( #6785 ) ) ;
#7560 =( GEOMETRIC_REPRESENTATION_CONTEXT ( 3 ) GLOBAL_UNCERTAINTY_ASSIGNED_CONTEXT ( ( #5704 ) ) GLOBAL_UNIT_ASSIGNED_CONTEXT ( ( #4896, #4935, #3747 ) ) REPRESENTATION_CONTEXT ( 'NONE', 'WORKASPACE' ) );
#7561 = ADVANCED_FACE ( 'NONE', ( #1909 ), #4189, .T. ) ;
#7562 = EDGE_LOOP ( 'NONE', ( #1699, #4394, #283, #159 ) ) ;
#7563 = SURFACE_STYLE_USAGE ( .BOTH. , #1658 ) ;
#7564 = CARTESIAN_POINT ( 'NONE',  ( 930.0000000000000000, -15.75000000000000000, 1055.000000000000000 ) ) ;
#7565 = CIRCLE ( 'NONE', #3148, 25.00000000000000000 ) ;
#7566 = UNCERTAINTY_MEASURE_WITH_UNIT (LENGTH_MEASURE( 1.000000000000000082E-05 ), #4944, 'distance_accuracy_value', 'NONE');
#7567 = PLANE ( 'NONE',  #998 ) ;
#7568 = CARTESIAN_POINT ( 'NONE',  ( 930.0000000000000000, 4.223730556085990351, 1028.332414803930078 ) ) ;
#7569 = PRESENTATION_LAYER_ASSIGNMENT (  '', '', ( #4726 ) ) ;
#7570 =( NAMED_UNIT ( * ) SI_UNIT ( $, .STERADIAN. ) SOLID_ANGLE_UNIT ( ) );
#7571 = ADVANCED_FACE ( 'NONE', ( #6048 ), #217, .T. ) ;
#7572 = ORIENTED_EDGE ( 'NONE', *, *, #5709, .F. ) ;
#7573 = DIRECTION ( 'NONE',  ( 0.000000000000000000, 0.4539904997395702857, -0.8910065241883557974 ) ) ;
#7574 = ORIENTED_EDGE ( 'NONE', *, *, #3988, .F. ) ;
#7575 = MECHANICAL_DESIGN_GEOMETRIC_PRESENTATION_REPRESENTATION (  '', ( #5960 ), #4487 ) ;
#7576 = DIRECTION ( 'NONE',  ( -1.000000000000000000, 1.088987763241939858E-16, 0.000000000000000000 ) ) ;
#7577 = CARTESIAN_POINT ( 'NONE',  ( 924.6000000000000227, 22.09188309203669931, 1074.091883092039780 ) ) ;
#7578 = FILL_AREA_STYLE ('',( #5790 ) ) ;
#7579 = FACE_BOUND ( 'NONE', #2718, .T. ) ;
#7580 = DIRECTION ( 'NONE',  ( 1.000000000000000000, 0.000000000000000000, 0.000000000000000000 ) ) ;
#7581 =( NAMED_UNIT ( * ) PLANE_ANGLE_UNIT ( ) SI_UNIT ( $, .RADIAN. ) );
#7582 = EDGE_CURVE ( 'NONE', #2848, #5169, #3152, .T. ) ;
#7583 = COLOUR_RGB ( '',0.2000000000000000111, 0.2000000000000000111, 0.2000000000000000111 ) ;
#7584 = CARTESIAN_POINT ( 'NONE',  ( 919.8327689760782278, -0.4050611581366753700, 1013.688306385272881 ) ) ;
#7585 = PRESENTATION_LAYER_ASSIGNMENT (  '', '', ( #7077 ) ) ;
#7586 = PLANE ( 'NONE',  #7012 ) ;
#7587 = DIRECTION ( 'NONE',  ( 0.000000000000000000, 0.4539904997395713404, 0.8910065241883554643 ) ) ;
#7588 = DIRECTION ( 'NONE',  ( 0.000000000000000000, 0.000000000000000000, -1.000000000000000000 ) ) ;
#7589 = FILL_AREA_STYLE_COLOUR ( '', #558 ) ;
ENDSEC;
END-ISO-10303-21;
